  0
SECTION
  2
HEADER
  9
$ACADVER
  1
AC1032
  9
$ACADMAINTVER
 90
      378
  9
$DWGCODEPAGE
  3
ANSI_1252
  9
$LASTSAVEDBY
  1
Future
  9
$REQUIREDVERSIONS
160
                 0
  9
$INSBASE
 10
0.0
 20
0.0
 30
0.0
  9
$EXTMIN
 10
18.50474049452191
 20
-11.35351574824335
 30
0.0
  9
$EXTMAX
 10
626.0708326462782
 20
337.782086224325
 30
0.0
  9
$LIMMIN
 10
0.0
 20
0.0
  9
$LIMMAX
 10
12.0
 20
9.0
  9
$ORTHOMODE
 70
     0
  9
$REGENMODE
 70
     1
  9
$FILLMODE
 70
     1
  9
$QTEXTMODE
 70
     0
  9
$MIRRTEXT
 70
     0
  9
$LTSCALE
 40
1.0
  9
$ATTMODE
 70
     1
  9
$TEXTSIZE
 40
0.2
  9
$TRACEWID
 40
0.05
  9
$TEXTSTYLE
  7
Standard
  9
$CLAYER
  8
0
  9
$CELTYPE
  6
ByLayer
  9
$CECOLOR
 62
   256
  9
$CELTSCALE
 40
1.0
  9
$DISPSILH
 70
     0
  9
$DIMSCALE
 40
1.0
  9
$DIMASZ
 40
0.18
  9
$DIMEXO
 40
0.0625
  9
$DIMDLI
 40
0.38
  9
$DIMRND
 40
0.0
  9
$DIMDLE
 40
0.0
  9
$DIMEXE
 40
0.18
  9
$DIMTP
 40
0.0
  9
$DIMTM
 40
0.0
  9
$DIMTXT
 40
0.18
  9
$DIMCEN
 40
0.09
  9
$DIMTSZ
 40
0.0
  9
$DIMTOL
 70
     0
  9
$DIMLIM
 70
     0
  9
$DIMTIH
 70
     1
  9
$DIMTOH
 70
     1
  9
$DIMSE1
 70
     0
  9
$DIMSE2
 70
     0
  9
$DIMTAD
 70
     0
  9
$DIMZIN
 70
     0
  9
$DIMBLK
  1

  9
$DIMASO
 70
     1
  9
$DIMSHO
 70
     1
  9
$DIMPOST
  1

  9
$DIMAPOST
  1

  9
$DIMALT
 70
     0
  9
$DIMALTD
 70
     2
  9
$DIMALTF
 40
25.4
  9
$DIMLFAC
 40
1.0
  9
$DIMTOFL
 70
     0
  9
$DIMTVP
 40
0.0
  9
$DIMTIX
 70
     0
  9
$DIMSOXD
 70
     0
  9
$DIMSAH
 70
     0
  9
$DIMBLK1
  1

  9
$DIMBLK2
  1

  9
$DIMSTYLE
  2
Standard
  9
$DIMCLRD
 70
     0
  9
$DIMCLRE
 70
     0
  9
$DIMCLRT
 70
     0
  9
$DIMTFAC
 40
1.0
  9
$DIMGAP
 40
0.09
  9
$DIMJUST
 70
     0
  9
$DIMSD1
 70
     0
  9
$DIMSD2
 70
     0
  9
$DIMTOLJ
 70
     1
  9
$DIMTZIN
 70
     0
  9
$DIMALTZ
 70
     0
  9
$DIMALTTZ
 70
     0
  9
$DIMUPT
 70
     0
  9
$DIMDEC
 70
     4
  9
$DIMTDEC
 70
     4
  9
$DIMALTU
 70
     2
  9
$DIMALTTD
 70
     2
  9
$DIMTXSTY
  7
Standard
  9
$DIMAUNIT
 70
     0
  9
$DIMADEC
 70
     0
  9
$DIMALTRND
 40
0.0
  9
$DIMAZIN
 70
     0
  9
$DIMDSEP
 70
    46
  9
$DIMATFIT
 70
     3
  9
$DIMFRAC
 70
     0
  9
$DIMLDRBLK
  1

  9
$DIMLUNIT
 70
     2
  9
$DIMLWD
 70
    -2
  9
$DIMLWE
 70
    -2
  9
$DIMTMOVE
 70
     0
  9
$DIMFXL
 40
1.0
  9
$DIMFXLON
 70
     0
  9
$DIMJOGANG
 40
0.7853981633974483
  9
$DIMTFILL
 70
     0
  9
$DIMTFILLCLR
 70
     0
  9
$DIMARCSYM
 70
     0
  9
$DIMLTYPE
  6

  9
$DIMLTEX1
  6

  9
$DIMLTEX2
  6

  9
$DIMTXTDIRECTION
 70
     0
  9
$LUNITS
 70
     2
  9
$LUPREC
 70
     4
  9
$SKETCHINC
 40
0.1
  9
$FILLETRAD
 40
0.0
  9
$AUNITS
 70
     0
  9
$AUPREC
 70
     0
  9
$MENU
  1
.
  9
$ELEVATION
 40
0.0
  9
$PELEVATION
 40
0.0
  9
$THICKNESS
 40
0.0
  9
$LIMCHECK
 70
     0
  9
$CHAMFERA
 40
0.0
  9
$CHAMFERB
 40
0.0
  9
$CHAMFERC
 40
0.0
  9
$CHAMFERD
 40
0.0
  9
$SKPOLY
 70
     0
  9
$TDCREATE
 40
2461163.508344907
  9
$TDUCREATE
 40
2461163.383344907
  9
$TDUPDATE
 40
2461163.983495371
  9
$TDUUPDATE
 40
2461163.858495371
  9
$TDINDWG
 40
0.0021875000
  9
$TDUSRTIMER
 40
0.0021875000
  9
$USRTIMER
 70
     1
  9
$ANGBASE
 50
0.0
  9
$ANGDIR
 70
     0
  9
$PDMODE
 70
     0
  9
$PDSIZE
 40
0.0
  9
$PLINEWID
 40
0.0
  9
$SPLFRAME
 70
     0
  9
$SPLINETYPE
 70
     6
  9
$SPLINESEGS
 70
     8
  9
$HANDSEED
  5
697
  9
$SURFTAB1
 70
     6
  9
$SURFTAB2
 70
     6
  9
$SURFTYPE
 70
     6
  9
$SURFU
 70
     6
  9
$SURFV
 70
     6
  9
$UCSBASE
  2

  9
$UCSNAME
  2

  9
$UCSORG
 10
0.0
 20
0.0
 30
0.0
  9
$UCSXDIR
 10
1.0
 20
0.0
 30
0.0
  9
$UCSYDIR
 10
0.0
 20
1.0
 30
0.0
  9
$UCSORTHOREF
  2

  9
$UCSORTHOVIEW
 70
     0
  9
$UCSORGTOP
 10
0.0
 20
0.0
 30
0.0
  9
$UCSORGBOTTOM
 10
0.0
 20
0.0
 30
0.0
  9
$UCSORGLEFT
 10
0.0
 20
0.0
 30
0.0
  9
$UCSORGRIGHT
 10
0.0
 20
0.0
 30
0.0
  9
$UCSORGFRONT
 10
0.0
 20
0.0
 30
0.0
  9
$UCSORGBACK
 10
0.0
 20
0.0
 30
0.0
  9
$PUCSBASE
  2

  9
$PUCSNAME
  2

  9
$PUCSORG
 10
0.0
 20
0.0
 30
0.0
  9
$PUCSXDIR
 10
1.0
 20
0.0
 30
0.0
  9
$PUCSYDIR
 10
0.0
 20
1.0
 30
0.0
  9
$PUCSORTHOREF
  2

  9
$PUCSORTHOVIEW
 70
     0
  9
$PUCSORGTOP
 10
0.0
 20
0.0
 30
0.0
  9
$PUCSORGBOTTOM
 10
0.0
 20
0.0
 30
0.0
  9
$PUCSORGLEFT
 10
0.0
 20
0.0
 30
0.0
  9
$PUCSORGRIGHT
 10
0.0
 20
0.0
 30
0.0
  9
$PUCSORGFRONT
 10
0.0
 20
0.0
 30
0.0
  9
$PUCSORGBACK
 10
0.0
 20
0.0
 30
0.0
  9
$USERI1
 70
     0
  9
$USERI2
 70
     0
  9
$USERI3
 70
     0
  9
$USERI4
 70
     0
  9
$USERI5
 70
     0
  9
$USERR1
 40
0.0
  9
$USERR2
 40
0.0
  9
$USERR3
 40
0.0
  9
$USERR4
 40
0.0
  9
$USERR5
 40
0.0
  9
$WORLDVIEW
 70
     1
  9
$SHADEDGE
 70
     3
  9
$SHADEDIF
 70
    70
  9
$TILEMODE
 70
     1
  9
$MAXACTVP
 70
    64
  9
$PINSBASE
 10
0.0
 20
0.0
 30
0.0
  9
$PLIMCHECK
 70
     0
  9
$PEXTMIN
 10
0.0
 20
0.0
 30
0.0
  9
$PEXTMAX
 10
0.0
 20
0.0
 30
0.0
  9
$PLIMMIN
 10
0.0
 20
0.0
  9
$PLIMMAX
 10
12.0
 20
9.0
  9
$UNITMODE
 70
     0
  9
$VISRETAIN
 70
     1
  9
$PLINEGEN
 70
     0
  9
$PSLTSCALE
 70
     1
  9
$TREEDEPTH
 70
  3020
  9
$CMLSTYLE
  2
Standard
  9
$CMLJUST
 70
     0
  9
$CMLSCALE
 40
1.0
  9
$PROXYGRAPHICS
 70
     1
  9
$MEASUREMENT
 70
     0
  9
$CELWEIGHT
370
    -1
  9
$ENDCAPS
280
     0
  9
$JOINSTYLE
280
     0
  9
$LWDISPLAY
290
     0
  9
$INSUNITS
 70
     1
  9
$HYPERLINKBASE
  1

  9
$STYLESHEET
  1

  9
$XEDIT
290
     1
  9
$CEPSNTYPE
380
     0
  9
$PSTYLEMODE
290
     1
  9
$FINGERPRINTGUID
  2
{4A452540-C85F-BD42-858E-7795D622F144}
  9
$VERSIONGUID
  2
{C92DBA64-7DD1-BD45-86EB-D8146AC24434}
  9
$EXTNAMES
290
     1
  9
$PSVPSCALE
 40
0.0
  9
$OLESTARTUP
290
     0
  9
$SORTENTS
280
   127
  9
$INDEXCTL
280
     0
  9
$HIDETEXT
280
     1
  9
$XCLIPFRAME
280
     2
  9
$HALOGAP
280
     0
  9
$OBSCOLOR
 70
   257
  9
$OBSLTYPE
280
     0
  9
$INTERSECTIONDISPLAY
280
     0
  9
$INTERSECTIONCOLOR
 70
   257
  9
$DIMASSOC
280
     2
  9
$PROJECTNAME
  1

  9
$CAMERADISPLAY
290
     0
  9
$LENSLENGTH
 40
50.0
  9
$CAMERAHEIGHT
 40
0.0
  9
$STEPSPERSEC
 40
2.0
  9
$STEPSIZE
 40
6.0
  9
$3DDWFPREC
 40
2.0
  9
$PSOLWIDTH
 40
0.25
  9
$PSOLHEIGHT
 40
4.0
  9
$LOFTANG1
 40
1.570796326794896
  9
$LOFTANG2
 40
1.570796326794896
  9
$LOFTMAG1
 40
0.0
  9
$LOFTMAG2
 40
0.0
  9
$LOFTPARAM
 70
     7
  9
$LOFTNORMALS
280
     1
  9
$LATITUDE
 40
37.795
  9
$LONGITUDE
 40
-122.394
  9
$NORTHDIRECTION
 40
0.0
  9
$TIMEZONE
 70
 -8000
  9
$LIGHTGLYPHDISPLAY
280
     1
  9
$TILEMODELIGHTSYNCH
280
     1
  9
$CMATERIAL
347
96
  9
$SOLIDHIST
280
     0
  9
$SHOWHIST
280
     1
  9
$DWFFRAME
280
     2
  9
$DGNFRAME
280
     0
  9
$REALWORLDSCALE
290
     1
  9
$INTERFERECOLOR
 62
     1
  9
$INTERFEREOBJVS
345
A3
  9
$INTERFEREVPVS
346
A0
  9
$CSHADOW
280
     0
  9
$SHADOWPLANELOCATION
 40
0.0
  0
ENDSEC
  0
SECTION
  2
CLASSES
  0
CLASS
  1
ACDBDICTIONARYWDFLT
  2
AcDbDictionaryWithDefault
  3
ObjectDBX Classes
 90
        0
 91
        1
280
     0
281
     0
  0
CLASS
  1
DICTIONARYVAR
  2
AcDbDictionaryVar
  3
ObjectDBX Classes
 90
        0
 91
        9
280
     0
281
     0
  0
CLASS
  1
TABLESTYLE
  2
AcDbTableStyle
  3
ObjectDBX Classes
 90
     4095
 91
        1
280
     0
281
     0
  0
CLASS
  1
MATERIAL
  2
AcDbMaterial
  3
ObjectDBX Classes
 90
     1153
 91
        3
280
     0
281
     0
  0
CLASS
  1
VISUALSTYLE
  2
AcDbVisualStyle
  3
ObjectDBX Classes
 90
     4095
 91
       24
280
     0
281
     0
  0
CLASS
  1
SCALE
  2
AcDbScale
  3
ObjectDBX Classes
 90
     1153
 91
       33
280
     0
281
     0
  0
CLASS
  1
MLEADERSTYLE
  2
AcDbMLeaderStyle
  3
ACDB_MLEADERSTYLE_CLASS
 90
     4095
 91
        2
280
     0
281
     0
  0
CLASS
  1
CELLSTYLEMAP
  2
AcDbCellStyleMap
  3
ObjectDBX Classes
 90
     1152
 91
        2
280
     0
281
     0
  0
CLASS
  1
EXACXREFPANELOBJECT
  2
ExAcXREFPanelObject
  3
EXAC_ESW
 90
     1025
 91
        0
280
     0
281
     0
  0
CLASS
  1
NPOCOLLECTION
  2
AcDbImpNonPersistentObjectsCollection
  3
ObjectDBX Classes
 90
     1153
 91
        0
280
     0
281
     0
  0
CLASS
  1
LAYER_INDEX
  2
AcDbLayerIndex
  3
ObjectDBX Classes
 90
        0
 91
        0
280
     0
281
     0
  0
CLASS
  1
SPATIAL_INDEX
  2
AcDbSpatialIndex
  3
ObjectDBX Classes
 90
        0
 91
        0
280
     0
281
     0
  0
CLASS
  1
IDBUFFER
  2
AcDbIdBuffer
  3
ObjectDBX Classes
 90
        0
 91
        0
280
     0
281
     0
  0
CLASS
  1
ACDBSECTIONVIEWSTYLE
  2
AcDbSectionViewStyle
  3
ObjectDBX Classes
 90
     1025
 91
        2
280
     0
281
     0
  0
CLASS
  1
ACDBDETAILVIEWSTYLE
  2
AcDbDetailViewStyle
  3
ObjectDBX Classes
 90
     1025
 91
        2
280
     0
281
     0
  0
CLASS
  1
RAPIDRTRENDERSETTINGS
  2
AcDbRapidRTRenderSettings
  3
ObjectDBX Classes
 90
     1024
 91
        7
280
     0
281
     0
  0
ENDSEC
  0
SECTION
  2
TABLES
  0
TABLE
  2
VPORT
  5
8
330
0
100
AcDbSymbolTable
 70
     1
  0
VPORT
  5
94
330
8
100
AcDbSymbolTableRecord
100
AcDbViewportTableRecord
  2
*Active
 70
     0
 10
0.0
 20
0.0
 11
1.0
 21
1.0
 12
172.4884799073216
 22
41.39344334670858
 13
0.0
 23
0.0
 14
0.5
 24
0.5
 15
0.5
 25
0.5
 16
0.0
 26
0.0
 36
1.0
 17
0.0
 27
0.0
 37
0.0
 40
680.3632678819994
 41
2.664335664335664
 42
50.0
 43
0.0
 44
0.0
 50
0.0
 51
0.0
 71
     0
 72
  1000
 73
     1
 74
     3
 75
     0
 76
     1
 77
     0
 78
     0
281
     0
 65
     1
110
0.0
120
0.0
130
0.0
111
1.0
121
0.0
131
0.0
112
0.0
122
1.0
132
0.0
 79
     0
146
0.0
348
9F
 60
     3
 61
     5
292
     1
282
     1
141
0.0
142
0.0
 63
   250
421
  3355443
1001
ACAD_NAV_VCDISPLAY
1070
     3
  0
ENDTAB
  0
TABLE
  2
LTYPE
  5
5
330
0
100
AcDbSymbolTable
 70
     2
  0
LTYPE
  5
14
330
5
100
AcDbSymbolTableRecord
100
AcDbLinetypeTableRecord
  2
ByBlock
 70
     0
  3

 72
    65
 73
     0
 40
0.0
  0
LTYPE
  5
15
330
5
100
AcDbSymbolTableRecord
100
AcDbLinetypeTableRecord
  2
ByLayer
 70
     0
  3

 72
    65
 73
     0
 40
0.0
  0
LTYPE
  5
16
330
5
100
AcDbSymbolTableRecord
100
AcDbLinetypeTableRecord
  2
Continuous
 70
     0
  3
Solid line
 72
    65
 73
     0
 40
0.0
  0
LTYPE
  5
257
330
5
100
AcDbSymbolTableRecord
100
AcDbLinetypeTableRecord
  2
CENTERX2
 70
     0
  3
Center (2x) ________  __  ________  __  _____
 72
    65
 73
     4
 40
20.32
 49
12.7
 74
     0
 49
-2.54
 74
     0
 49
2.54
 74
     0
 49
-2.54
 74
     0
  0
ENDTAB
  0
TABLE
  2
LAYER
  5
2
102
{ACAD_XDICTIONARY
360
18E
102
}
330
0
100
AcDbSymbolTable
 70
     1
  0
LAYER
  5
10
102
{ACAD_XDICTIONARY
360
E6
102
}
330
2
100
AcDbSymbolTableRecord
100
AcDbLayerTableRecord
  2
0
 70
     0
 62
     7
  6
Continuous
370
    -3
390
F
347
98
348
0
  0
ENDTAB
  0
TABLE
  2
STYLE
  5
3
330
0
100
AcDbSymbolTable
 70
     2
  0
STYLE
  5
11
330
3
100
AcDbSymbolTableRecord
100
AcDbTextStyleTableRecord
  2
Standard
 70
     0
 40
0.0
 41
1.0
 50
0.0
 71
     0
 42
0.2
  3
arial.ttf
  4

1001
ACAD
1000
Arial
1071
       34
  0
STYLE
  5
DC
330
3
100
AcDbSymbolTableRecord
100
AcDbTextStyleTableRecord
  2
Annotative
 70
     0
 40
0.0
 41
1.0
 50
0.0
 71
     0
 42
0.2
  3
arial.ttf
  4

1001
AcadAnnotative
1000
AnnotativeData
1002
{
1070
     1
1070
     1
1002
}
1001
ACAD
1000
Arial
1071
       34
  0
ENDTAB
  0
TABLE
  2
VIEW
  5
6
330
0
100
AcDbSymbolTable
 70
     2
  0
ENDTAB
  0
TABLE
  2
UCS
  5
7
330
0
100
AcDbSymbolTable
 70
     0
  0
ENDTAB
  0
TABLE
  2
APPID
  5
9
330
0
100
AcDbSymbolTable
 70
     8
  0
APPID
  5
12
330
9
100
AcDbSymbolTableRecord
100
AcDbRegAppTableRecord
  2
ACAD
 70
     0
  0
APPID
  5
DD
330
9
100
AcDbSymbolTableRecord
100
AcDbRegAppTableRecord
  2
AcadAnnoPO
 70
     0
  0
APPID
  5
DE
330
9
100
AcDbSymbolTableRecord
100
AcDbRegAppTableRecord
  2
AcadAnnotative
 70
     0
  0
APPID
  5
DF
330
9
100
AcDbSymbolTableRecord
100
AcDbRegAppTableRecord
  2
ACAD_DSTYLE_DIMJAG
 70
     0
  0
APPID
  5
E0
330
9
100
AcDbSymbolTableRecord
100
AcDbRegAppTableRecord
  2
ACAD_DSTYLE_DIMTALN
 70
     0
  0
APPID
  5
107
330
9
100
AcDbSymbolTableRecord
100
AcDbRegAppTableRecord
  2
ACAD_MLEADERVER
 70
     0
  0
APPID
  5
1A6
330
9
100
AcDbSymbolTableRecord
100
AcDbRegAppTableRecord
  2
ACAD_NAV_VCDISPLAY
 70
     0
  0
APPID
  5
309
330
9
100
AcDbSymbolTableRecord
100
AcDbRegAppTableRecord
  2
ACAD_EXEMPT_FROM_CAD_STANDARDS
 70
     0
  0
ENDTAB
  0
TABLE
  2
DIMSTYLE
  5
A
330
0
100
AcDbSymbolTable
 70
     3
100
AcDbDimStyleTable
 71
     2
340
27
340
E1
  0
DIMSTYLE
105
27
330
A
100
AcDbSymbolTableRecord
100
AcDbDimStyleTableRecord
  2
Standard
 70
     0
340
11
  0
DIMSTYLE
105
E1
330
A
100
AcDbSymbolTableRecord
100
AcDbDimStyleTableRecord
  2
Annotative
 70
     0
 40
0.0
340
11
1001
AcadAnnotative
1000
AnnotativeData
1002
{
1070
     1
1070
     1
1002
}
1001
ACAD_DSTYLE_DIMJAG
1070
   388
1040
1.5
1001
ACAD_DSTYLE_DIMTALN
1070
   392
1070
     0
  0
DIMSTYLE
105
258
330
A
100
AcDbSymbolTableRecord
100
AcDbDimStyleTableRecord
  2
ISO-25
 70
     0
 41
2.5
 42
0.625
 43
3.75
 44
1.25
 73
     0
 74
     0
 77
     1
 78
     8
140
2.5
141
2.5
143
0.0393700787
147
0.625
171
     3
172
     1
271
     2
272
     2
274
     3
278
    44
283
     0
284
     8
340
11
  0
ENDTAB
  0
TABLE
  2
BLOCK_RECORD
  5
1
330
0
100
AcDbSymbolTable
 70
     2
  0
BLOCK_RECORD
  5
1F
102
{ACAD_XDICTIONARY
360
15D
102
}
330
1
100
AcDbSymbolTableRecord
100
AcDbBlockTableRecord
  2
*Model_Space
340
22
 70
     0
280
     1
281
     0
  0
BLOCK_RECORD
  5
58
330
1
100
AcDbSymbolTableRecord
100
AcDbBlockTableRecord
  2
*Paper_Space
340
59
 70
     0
280
     1
281
     0
  0
BLOCK_RECORD
  5
5D
330
1
100
AcDbSymbolTableRecord
100
AcDbBlockTableRecord
  2
*Paper_Space0
340
5E
 70
     0
280
     1
281
     0
  0
ENDTAB
  0
ENDSEC
  0
SECTION
  2
BLOCKS
  0
BLOCK
  5
20
330
1F
100
AcDbEntity
  8
0
100
AcDbBlockBegin
  2
*Model_Space
 70
     0
 10
0.0
 20
0.0
 30
0.0
  3
*Model_Space
  1

  0
ENDBLK
  5
21
330
1F
100
AcDbEntity
  8
0
100
AcDbBlockEnd
  0
BLOCK
  5
5A
330
58
100
AcDbEntity
 67
     1
  8
0
100
AcDbBlockBegin
  2
*Paper_Space
 70
     0
 10
0.0
 20
0.0
 30
0.0
  3
*Paper_Space
  1

  0
ENDBLK
  5
5B
330
58
100
AcDbEntity
 67
     1
  8
0
100
AcDbBlockEnd
  0
BLOCK
  5
5F
330
5D
100
AcDbEntity
 67
     1
  8
0
100
AcDbBlockBegin
  2
*Paper_Space0
 70
     0
 10
0.0
 20
0.0
 30
0.0
  3
*Paper_Space0
  1

  0
ENDBLK
  5
60
330
5D
100
AcDbEntity
 67
     1
  8
0
100
AcDbBlockEnd
  0
ENDSEC
  0
SECTION
  2
ENTITIES
  0
LINE
  5
2D2
330
1F
100
AcDbEntity
  8
0
  6
Continuous
 62
     7
100
AcDbLine
 10
487.7569615956129
 20
257.766271067625
 30
0.0
 11
491.7700458781128
 21
257.766271067625
 31
0.0
  0
LINE
  5
2D3
330
1F
100
AcDbEntity
  8
0
  6
Continuous
 62
     7
100
AcDbLine
 10
487.7569615956129
 20
257.766271067625
 30
0.0
 11
487.7569615956129
 21
265.792439632525
 31
0.0
  0
POINT
  5
2D4
330
1F
100
AcDbEntity
  8
0
  6
Continuous
 62
     7
100
AcDbPoint
 10
487.7569615956129
 20
257.766271067625
 30
0.0
  0
CIRCLE
  5
2D5
330
1F
100
AcDbEntity
  8
0
  6
Continuous
 62
     7
370
    25
100
AcDbCircle
 10
489.4188525281129
 20
282.782086224325
 30
0.0
 40
4.000000000000001
  0
CIRCLE
  5
2D6
330
1F
100
AcDbEntity
  8
0
  6
Continuous
 62
     7
370
    25
100
AcDbCircle
 10
371.786166625913
 20
293.387748657025
 30
0.0
 40
4.999999999999986
  0
LINE
  5
2D7
330
1F
100
AcDbEntity
  8
0
  6
Continuous
 62
     7
370
    25
100
AcDbLine
 10
506.9188525281129
 20
270.282086224325
 30
0.0
 11
506.918852528013
 21
335.282086224325
 31
0.0
  0
LINE
  5
2D8
330
1F
100
AcDbEntity
  8
0
  6
Continuous
 62
     7
370
    25
100
AcDbLine
 10
504.4188525280128
 20
337.782086224325
 30
0.0
 11
361.052827124313
 21
337.782086224325
 31
0.0
  0
LINE
  5
2D9
330
1F
100
AcDbEntity
  8
0
  6
Continuous
 62
     7
370
    25
100
AcDbLine
 10
359.8028271243129
 20
337.447149733725
 30
0.0
 11
327.991937991813
 21
319.081124329925
 31
0.0
  0
LINE
  5
2DA
330
1F
100
AcDbEntity
  8
0
  6
Continuous
 62
     7
370
    25
100
AcDbLine
 10
326.741937991813
 20
316.916060820525
 30
0.0
 11
326.741937991813
 21
269.859436493525
 31
0.0
  0
LINE
  5
2DB
330
1F
100
AcDbEntity
  8
0
  6
Continuous
 62
     7
370
    25
100
AcDbLine
 10
329.241937991813
 20
267.359436493525
 30
0.0
 11
341.741937991813
 21
267.359436493525
 31
0.0
  0
LINE
  5
2DC
330
1F
100
AcDbEntity
  8
0
  6
Continuous
 62
     7
370
    25
100
AcDbLine
 10
341.741937991813
 20
267.359436493525
 30
0.0
 11
491.9188525281128
 21
267.782086224325
 31
0.0
  0
LINE
  5
2DD
330
1F
100
AcDbEntity
  8
0
  6
Continuous
 62
     7
370
    25
100
AcDbLine
 10
491.9188525281128
 20
267.782086224325
 30
0.0
 11
504.4188525281128
 21
267.782086224325
 31
0.0
  0
ARC
  5
2DE
330
1F
100
AcDbEntity
  8
0
  6
Continuous
 62
     7
370
    25
100
AcDbCircle
 10
504.4188525280128
 20
335.282086224325
 30
0.0
 40
2.49999999999997
100
AcDbArc
 50
0.0
 51
90.0
  0
ARC
  5
2DF
330
1F
100
AcDbEntity
  8
0
  6
Continuous
 62
     7
370
    25
100
AcDbCircle
 10
361.052827124313
 20
335.282086224325
 30
0.0
 40
2.499999999999943
100
AcDbArc
 50
90.0
 51
120.0000000000005
  0
ARC
  5
2E0
330
1F
100
AcDbEntity
  8
0
  6
Continuous
 62
     7
370
    25
100
AcDbCircle
 10
329.241937991813
 20
316.916060820525
 30
0.0
 40
2.500000000000114
100
AcDbArc
 50
120.0000000000005
 51
180.0
  0
ARC
  5
2E1
330
1F
100
AcDbEntity
  8
0
  6
Continuous
 62
     7
370
    25
100
AcDbCircle
 10
329.241937991813
 20
269.859436493525
 30
0.0
 40
2.500000000000002
100
AcDbArc
 50
180.0
 51
270.0
  0
ARC
  5
2E2
330
1F
100
AcDbEntity
  8
0
  6
Continuous
 62
     7
370
    25
100
AcDbCircle
 10
504.4188525281128
 20
270.282086224325
 30
0.0
 40
2.499999999999993
100
AcDbArc
 50
270.0
 51
0.0
  0
LINE
  5
2F8
330
1F
100
AcDbEntity
  8
0
  6
Continuous
 62
     7
100
AcDbLine
 10
485.3792380832476
 20
172.8369234567881
 30
0.0
 11
489.3923223657475
 21
172.8369234567881
 31
0.0
  0
LINE
  5
2F9
330
1F
100
AcDbEntity
  8
0
  6
Continuous
 62
     7
100
AcDbLine
 10
485.3792380832476
 20
172.8369234567881
 30
0.0
 11
485.3792380832476
 21
180.8630920216881
 31
0.0
  0
POINT
  5
2FA
330
1F
100
AcDbEntity
  8
0
  6
Continuous
 62
     7
100
AcDbPoint
 10
485.3792380832476
 20
172.8369234567881
 30
0.0
  0
CIRCLE
  5
2FC
330
1F
100
AcDbEntity
  8
0
  6
Continuous
 62
     7
370
    25
100
AcDbCircle
 10
369.4084431135477
 20
208.4584010461881
 30
0.0
 40
4.999999999999986
  0
LINE
  5
2FD
330
1F
100
AcDbEntity
  8
0
  6
Continuous
 62
     7
370
    25
100
AcDbLine
 10
504.5411290157477
 20
185.352738613488
 30
0.0
 11
504.5411290156476
 21
250.3527386134881
 31
0.0
  0
LINE
  5
2FE
330
1F
100
AcDbEntity
  8
0
  6
Continuous
 62
     7
370
    25
100
AcDbLine
 10
502.0411290156476
 20
252.8527386134881
 30
0.0
 11
358.6751036119477
 21
252.8527386134881
 31
0.0
  0
LINE
  5
2FF
330
1F
100
AcDbEntity
  8
0
  6
Continuous
 62
     7
370
    25
100
AcDbLine
 10
357.4251036119477
 20
252.5178021228881
 30
0.0
 11
325.6142144794477
 21
234.1517767190881
 31
0.0
  0
LINE
  5
300
330
1F
100
AcDbEntity
  8
0
  6
Continuous
 62
     7
370
    25
100
AcDbLine
 10
324.3642144794477
 20
231.9867132096881
 30
0.0
 11
324.3642144794477
 21
184.9300888826881
 31
0.0
  0
LINE
  5
301
330
1F
100
AcDbEntity
  8
0
  6
Continuous
 62
     7
370
    25
100
AcDbLine
 10
326.8642144794477
 20
182.4300888826881
 30
0.0
 11
339.3642144794477
 21
182.4300888826881
 31
0.0
  0
LINE
  5
302
330
1F
100
AcDbEntity
  8
0
  6
Continuous
 62
     7
370
    25
100
AcDbLine
 10
339.3642144794477
 20
182.4300888826881
 30
0.0
 11
489.5411290157476
 21
182.852738613488
 31
0.0
  0
LINE
  5
303
330
1F
100
AcDbEntity
  8
0
  6
Continuous
 62
     7
370
    25
100
AcDbLine
 10
489.5411290157476
 20
182.852738613488
 30
0.0
 11
502.0411290157476
 21
182.852738613488
 31
0.0
  0
ARC
  5
304
330
1F
100
AcDbEntity
  8
0
  6
Continuous
 62
     7
370
    25
100
AcDbCircle
 10
502.0411290156476
 20
250.3527386134881
 30
0.0
 40
2.49999999999997
100
AcDbArc
 50
0.0
 51
90.0
  0
ARC
  5
305
330
1F
100
AcDbEntity
  8
0
  6
Continuous
 62
     7
370
    25
100
AcDbCircle
 10
358.6751036119477
 20
250.3527386134881
 30
0.0
 40
2.499999999999943
100
AcDbArc
 50
90.0
 51
119.9999999999997
  0
ARC
  5
306
330
1F
100
AcDbEntity
  8
0
  6
Continuous
 62
     7
370
    25
100
AcDbCircle
 10
326.8642144794477
 20
231.9867132096881
 30
0.0
 40
2.500000000000114
100
AcDbArc
 50
119.9999999999997
 51
180.0
  0
ARC
  5
307
330
1F
100
AcDbEntity
  8
0
  6
Continuous
 62
     7
370
    25
100
AcDbCircle
 10
326.8642144794477
 20
184.9300888826881
 30
0.0
 40
2.500000000000002
100
AcDbArc
 50
180.0
 51
270.0
  0
ARC
  5
308
330
1F
100
AcDbEntity
  8
0
  6
Continuous
 62
     7
370
    25
100
AcDbCircle
 10
502.0411290157476
 20
185.352738613488
 30
0.0
 40
2.499999999999993
100
AcDbArc
 50
270.0
 51
0.0
  0
CIRCLE
  5
328
330
1F
100
AcDbEntity
  8
0
  6
Continuous
 62
     7
370
    25
100
AcDbCircle
 10
338.0708326462782
 20
157.5733987879567
 30
0.0
 40
2.249999999999993
  0
CIRCLE
  5
329
330
1F
100
AcDbEntity
  8
0
  6
Continuous
 62
     7
370
    25
100
AcDbCircle
 10
614.0708326462782
 20
-5.103515748243296
 30
0.0
 40
2.250000000000028
  0
CIRCLE
  5
32A
330
1F
100
AcDbEntity
  8
0
  6
Continuous
 62
     7
370
    25
100
AcDbCircle
 10
614.0708326462782
 20
157.5733987879567
 30
0.0
 40
2.249999999999996
  0
CIRCLE
  5
32B
330
1F
100
AcDbEntity
  8
0
  6
Continuous
 62
     7
370
    25
100
AcDbCircle
 10
338.0708326462782
 20
-5.103515748243296
 30
0.0
 40
2.24999999999997
  0
LINE
  5
32C
330
1F
100
AcDbEntity
  8
0
  6
Continuous
 62
     7
370
    25
100
AcDbLine
 10
626.0708326462782
 20
-8.353515748243296
 30
0.0
 11
626.0708326462782
 21
160.8233987879567
 31
0.0
  0
LINE
  5
32D
330
1F
100
AcDbEntity
  8
0
  6
Continuous
 62
     7
370
    25
100
AcDbLine
 10
326.0708326462782
 20
160.8233987879567
 30
0.0
 11
326.0708326462782
 21
-8.353515748243296
 31
0.0
  0
LINE
  5
32E
330
1F
100
AcDbEntity
  8
0
  6
Continuous
 62
     7
370
    25
100
AcDbLine
 10
623.0708326462782
 20
163.8233987879567
 30
0.0
 11
329.0708326462782
 21
163.8233987879567
 31
0.0
  0
LINE
  5
32F
330
1F
100
AcDbEntity
  8
0
  6
Continuous
 62
     7
370
    25
100
AcDbLine
 10
382.0681305827782
 20
125.5673007879567
 30
0.0
 11
350.0735326462781
 21
125.5672987879567
 31
0.0
  0
LINE
  5
330
330
1F
100
AcDbEntity
  8
0
  6
Continuous
 62
     7
370
    25
100
AcDbLine
 10
348.5735326462781
 20
124.0672987879567
 30
0.0
 11
348.5735326462781
 21
57.5794987879567
 31
0.0
  0
LINE
  5
331
330
1F
100
AcDbEntity
  8
0
  6
Continuous
 62
     7
370
    25
100
AcDbLine
 10
350.0735326462781
 20
56.07949878795672
 30
0.0
 11
382.0681326462782
 21
56.07949878795672
 31
0.0
  0
LINE
  5
332
330
1F
100
AcDbEntity
  8
0
  6
Continuous
 62
     7
370
    25
100
AcDbLine
 10
383.5681326462782
 20
57.5794987879567
 30
0.0
 11
383.5681326462782
 21
124.0672987879567
 31
0.0
  0
LINE
  5
333
330
1F
100
AcDbEntity
  8
0
  6
Continuous
 62
     7
370
    25
100
AcDbLine
 10
329.0708326462782
 20
-11.35351574824329
 30
0.0
 11
623.0708326462782
 21
-11.35351574824329
 31
0.0
  0
ARC
  5
334
330
1F
100
AcDbEntity
  8
0
  6
Continuous
 62
     7
370
    25
100
AcDbCircle
 10
329.0708326462782
 20
160.8233987879567
 30
0.0
 40
2.999999999999952
100
AcDbArc
 50
90.0
 51
180.0
  0
ARC
  5
335
330
1F
100
AcDbEntity
  8
0
  6
Continuous
 62
     7
370
    25
100
AcDbCircle
 10
623.0708326462782
 20
160.8233987879567
 30
0.0
 40
3.0
100
AcDbArc
 50
0.0
 51
90.0
  0
ARC
  5
336
330
1F
100
AcDbEntity
  8
0
  6
Continuous
 62
     7
370
    25
100
AcDbCircle
 10
350.0735326462781
 20
124.0672987879567
 30
0.0
 40
1.499999999999573
100
AcDbArc
 50
90.0
 51
180.0
  0
ARC
  5
337
330
1F
100
AcDbEntity
  8
0
  6
Continuous
 62
     7
370
    25
100
AcDbCircle
 10
350.0735326462781
 20
57.5794987879567
 30
0.0
 40
1.5
100
AcDbArc
 50
180.0
 51
270.0
  0
ARC
  5
338
330
1F
100
AcDbEntity
  8
0
  6
Continuous
 62
     7
370
    25
100
AcDbCircle
 10
382.0681326462782
 20
57.5794987879567
 30
0.0
 40
1.499999999999659
100
AcDbArc
 50
270.0
 51
0.0
  0
ARC
  5
339
330
1F
100
AcDbEntity
  8
0
  6
Continuous
 62
     7
370
    25
100
AcDbCircle
 10
382.0681306462782
 20
124.0672987879567
 30
0.0
 40
1.500002000000064
100
AcDbArc
 50
0.0
 51
90.0000024277006
  0
ARC
  5
33A
330
1F
100
AcDbEntity
  8
0
  6
Continuous
 62
     7
370
    25
100
AcDbCircle
 10
329.0708326462782
 20
-8.353515748243296
 30
0.0
 40
3.000000000000028
100
AcDbArc
 50
180.0
 51
270.0
  0
ARC
  5
33B
330
1F
100
AcDbEntity
  8
0
  6
Continuous
 62
     7
370
    25
100
AcDbCircle
 10
623.0708326462782
 20
-8.353515748243296
 30
0.0
 40
3.000000000000055
100
AcDbArc
 50
270.0
 51
0.0
  0
SPLINE
  5
4E7
330
1F
100
AcDbEntity
  8
0
  6
Continuous
 62
     7
370
    25
100
AcDbSpline
210
0.0
220
0.0
230
1.0
 70
     8
 71
     3
 72
    23
 73
    19
 74
     0
 42
0.00000001
 43
0.0000000001
 40
0.0
 40
0.0
 40
0.0
 40
0.0
 40
0.0460195681825918
 40
0.0975152248307862
 40
0.1541340289418655
 40
0.2163088221245079
 40
0.2840684197705903
 40
0.3570175326713061
 40
0.4353386359900023
 40
0.5191205382763565
 40
0.6024149155136375
 40
0.6791523624342093
 40
0.7493347214427258
 40
0.8127173125082954
 40
0.8695472869932537
 40
0.919577573353288
 40
0.9630596167356527
 40
1.0
 40
1.0
 40
1.0
 40
1.0
 10
54.89088713090357
 20
173.8337307403971
 30
0.0
 10
54.91780195448267
 20
173.8675396430662
 30
0.0
 10
54.97483432519466
 20
173.939180531394
 30
0.0
 10
55.05943597759676
 20
174.05664250793
 30
0.0
 10
55.15085229627117
 20
174.1878186001501
 30
0.0
 10
55.24720619573575
 20
174.3341210902062
 30
0.0
 10
55.34863022856666
 20
174.495364963122
 30
0.0
 10
55.45688045334538
 20
174.6702392536976
 30
0.0
 10
55.56744786752137
 20
174.8612539034266
 30
0.0
 10
55.68405406208767
 20
175.0599783936631
 30
0.0
 10
55.79607979939047
 20
175.2596233736326
 30
0.0
 10
55.90367509134967
 20
175.4470940813994
 30
0.0
 10
56.00318646002266
 20
175.6176407006384
 30
0.0
 10
56.09241269711866
 20
175.7725479283631
 30
0.0
 10
56.17406381424517
 20
175.9099658045173
 30
0.0
 10
56.24550985387306
 20
176.0317071419101
 30
0.0
 10
56.30877949070186
 20
176.1365925406414
 30
0.0
 10
56.34898298489476
 20
176.2005108766937
 30
0.0
 10
56.36744963090356
 20
176.2298704462795
 30
0.0
  0
SPLINE
  5
4E8
330
1F
100
AcDbEntity
  8
0
  6
Continuous
 62
     7
370
    25
100
AcDbSpline
210
0.0
220
0.0
230
1.0
 70
     8
 71
     3
 72
    15
 73
    11
 74
     0
 42
0.00000001
 43
0.0000000001
 40
0.0
 40
0.0
 40
0.0
 40
0.0
 40
0.1238535545532204
 40
0.2429426271552753
 40
0.359198368356046
 40
0.4742437719961425
 40
0.5930612909004717
 40
0.7188251373886568
 40
0.8547009986846692
 40
1.0
 40
1.0
 40
1.0
 40
1.0
 10
53.54529889560946
 20
173.1347417698089
 30
0.0
 10
53.61020447637677
 20
173.1370299486347
 30
0.0
 10
53.73751880631697
 20
173.1415182830823
 30
0.0
 10
53.92391754319975
 20
173.1718475954919
 30
0.0
 10
54.10020471966557
 20
173.2247797756418
 30
0.0
 10
54.26864475842457
 20
173.2988172480617
 30
0.0
 10
54.42982717370296
 20
173.3973729025606
 30
0.0
 10
54.58835359764695
 20
173.5187725169756
 30
0.0
 10
54.74393530376227
 20
173.6652353746207
 30
0.0
 10
54.84082086534518
 20
173.776324623764
 30
0.0
 10
54.89088713090357
 20
173.8337307403971
 30
0.0
  0
SPLINE
  5
4E9
330
1F
100
AcDbEntity
  8
0
  6
Continuous
 62
     7
370
    25
100
AcDbSpline
210
0.0
220
0.0
230
1.0
 70
     8
 71
     3
 72
    15
 73
    11
 74
     0
 42
0.00000001
 43
0.0000000001
 40
0.0
 40
0.0
 40
0.0
 40
0.0
 40
0.0821226496569516
 40
0.1683350623371594
 40
0.2707513944078352
 40
0.3931537770088462
 40
0.5304112693103809
 40
0.6767339357224696
 40
0.8318873291413369
 40
1.0
 40
1.0
 40
1.0
 40
1.0
 10
52.50991286619766
 20
173.6420947109853
 30
0.0
 10
52.51388692464887
 20
173.6077657501929
 30
0.0
 10
52.52203295232707
 20
173.5373982233398
 30
0.0
 10
52.58500449928067
 20
173.4400559746623
 30
0.0
 10
52.68201652049788
 20
173.3534779915855
 30
0.0
 10
52.81302113018409
 20
173.2773862932029
 30
0.0
 10
52.97003900505696
 20
173.2140952929754
 30
0.0
 10
53.14699131079187
 20
173.167706370351
 30
0.0
 10
53.34084748176135
 20
173.1400469855735
 30
0.0
 10
53.47535107169047
 20
173.1365568137412
 30
0.0
 10
53.54529889560946
 20
173.1347417698089
 30
0.0
  0
SPLINE
  5
4EA
330
1F
100
AcDbEntity
  8
0
  6
Continuous
 62
     7
370
    25
100
AcDbSpline
210
0.0
220
0.0
230
1.0
 70
     8
 71
     3
 72
    15
 73
    11
 74
     0
 42
0.00000001
 43
0.0000000001
 40
0.0
 40
0.0
 40
0.0
 40
0.0
 40
0.1859593929115185
 40
0.3512989388601329
 40
0.4934162884878048
 40
0.6167846409774996
 40
0.7235784469332464
 40
0.8181607342571577
 40
0.9078286927525558
 40
1.0
 40
1.0
 40
1.0
 40
1.0
 10
53.00072168972708
 20
173.9247233874559
 30
0.0
 10
52.96251511210245
 20
173.9206274990072
 30
0.0
 10
52.89033843972877
 20
173.9128898889666
 30
0.0
 10
52.78991312346507
 20
173.8945078125297
 30
0.0
 10
52.70446299156995
 20
173.8687302371686
 30
0.0
 10
52.63456209065275
 20
173.8358459777945
 30
0.0
 10
52.57930834290725
 20
173.7971920515389
 30
0.0
 10
52.53809351385406
 20
173.7523259754583
 30
0.0
 10
52.51515325180716
 20
173.6986866198158
 30
0.0
 10
52.51167562004638
 20
173.6611310210065
 30
0.0
 10
52.50991286619766
 20
173.6420947109853
 30
0.0
  0
SPLINE
  5
4EB
330
1F
100
AcDbEntity
  8
0
  6
Continuous
 62
     7
370
    25
100
AcDbSpline
210
0.0
220
0.0
230
1.0
 70
     8
 71
     3
 72
    15
 73
    11
 74
     0
 42
0.00000001
 43
0.0000000001
 40
0.0
 40
0.0
 40
0.0
 40
0.0
 40
0.1245932721159863
 40
0.2428829726523629
 40
0.3637656322280136
 40
0.4919621591975615
 40
0.6211225834005325
 40
0.7452795595769818
 40
0.8710648426812351
 40
1.0
 40
1.0
 40
1.0
 40
1.0
 10
53.48050110149187
 20
174.3617638286324
 30
0.0
 10
53.47919101517486
 20
174.3325635026546
 30
0.0
 10
53.47663712399216
 20
174.2756401884542
 30
0.0
 10
53.44810064926448
 20
174.1946227406898
 30
0.0
 10
53.40502803955096
 20
174.1198508681055
 30
0.0
 10
53.34398021167865
 20
174.0552021083838
 30
0.0
 10
53.27342839895137
 20
174.000206752395
 30
0.0
 10
53.19433734094527
 20
173.9596266613779
 30
0.0
 10
53.10951463321825
 20
173.9322582921535
 30
0.0
 10
53.05009856441566
 20
173.9272556432819
 30
0.0
 10
53.02002316031536
 20
173.9247233874559
 30
0.0
  0
SPLINE
  5
4EC
330
1F
100
AcDbEntity
  8
0
  6
Continuous
 62
     7
370
    25
100
AcDbSpline
210
0.0
220
0.0
230
1.0
 70
     8
 71
     3
 72
    15
 73
    11
 74
     0
 42
0.00000001
 43
0.0000000001
 40
0.0
 40
0.0
 40
0.0
 40
0.0
 40
0.1476709667918306
 40
0.2861634195818765
 40
0.4144671496449189
 40
0.5408342784395544
 40
0.6605958131378871
 40
0.7728430180290012
 40
0.8842440297531123
 40
1.0
 40
1.0
 40
1.0
 40
1.0
 10
52.90559301325657
 20
174.8112123580441
 30
0.0
 10
52.94566892543646
 20
174.8095568968315
 30
0.0
 10
53.02332982467358
 20
174.8063488698789
 30
0.0
 10
53.13427204284586
 20
174.7837231398826
 30
0.0
 10
53.23312781597008
 20
174.7422215561704
 30
0.0
 10
53.31988598214516
 20
174.6882391110284
 30
0.0
 10
53.39065785294515
 20
174.6204828527349
 30
0.0
 10
53.44384616751575
 20
174.5430953366794
 30
0.0
 10
53.47558240002595
 20
174.4550860689489
 30
0.0
 10
53.47884071200567
 20
174.3932663029588
 30
0.0
 10
53.48050110149187
 20
174.3617638286324
 30
0.0
  0
SPLINE
  5
4ED
330
1F
100
AcDbEntity
  8
0
  6
Continuous
 62
     7
370
    25
100
AcDbSpline
210
0.0
220
0.0
230
1.0
 70
     8
 71
     3
 72
    15
 73
    11
 74
     0
 42
0.00000001
 43
0.0000000001
 40
0.0
 40
0.0
 40
0.0
 40
0.0
 40
0.1268023115549051
 40
0.2476400655042674
 40
0.3687337579888393
 40
0.4952160407653928
 40
0.6219828334648236
 40
0.7453788935010648
 40
0.8689709542733373
 40
1.0
 40
1.0
 40
1.0
 40
1.0
 10
52.06873639560946
 20
173.9964145639265
 30
0.0
 10
52.07144755743046
 20
174.0514486545565
 30
0.0
 10
52.07674235279097
 20
174.1589281290349
 30
0.0
 10
52.12456142924517
 20
174.3130591006013
 30
0.0
 10
52.20206557802317
 20
174.4536314003792
 30
0.0
 10
52.30795243463276
 20
174.5777903922688
 30
0.0
 10
52.43542747423275
 20
174.6811528513668
 30
0.0
 10
52.57956593303678
 20
174.756974455307
 30
0.0
 10
52.73830880820776
 20
174.8029686713029
 30
0.0
 10
52.84875629317186
 20
174.80841147128
 30
0.0
 10
52.90559301325657
 20
174.8112123580441
 30
0.0
  0
SPLINE
  5
4EE
330
1F
100
AcDbEntity
  8
0
  6
Continuous
 62
     7
370
    25
100
AcDbSpline
210
0.0
220
0.0
230
1.0
 70
     8
 71
     3
 72
    23
 73
    19
 74
     0
 42
0.00000001
 43
0.0000000001
 40
0.0
 40
0.0
 40
0.0
 40
0.0
 40
0.0819636893591114
 40
0.1601901415361199
 40
0.2342403350935093
 40
0.3051963960834586
 40
0.3730938077435132
 40
0.4389068788257213
 40
0.5026649228211875
 40
0.5642454328808281
 40
0.6236694390659116
 40
0.6797745245166763
 40
0.7341115686878983
 40
0.7871466654627214
 40
0.8387009073379854
 40
0.8911596785976193
 40
0.944607376348353
 40
1.0
 40
1.0
 40
1.0
 40
1.0
 10
53.60458198384477
 20
172.9582711815736
 30
0.0
 10
53.54802076702788
 20
172.9588864820797
 30
0.0
 10
53.43747731299126
 20
172.960089027694
 30
0.0
 10
53.27642809546187
 20
172.9746387531531
 30
0.0
 10
53.12374070654397
 20
172.9957030009541
 30
0.0
 10
52.98048762361388
 20
173.0285044814069
 30
0.0
 10
52.84409359447926
 20
173.0656059636212
 30
0.0
 10
52.71735344692496
 20
173.1161878172497
 30
0.0
 10
52.59855522108607
 20
173.1736342245073
 30
0.0
 10
52.48911827230667
 20
173.23949123037
 30
0.0
 10
52.39207971664807
 20
173.314028559835
 30
0.0
 10
52.30504197868137
 20
173.3927516809172
 30
0.0
 10
52.23121611063307
 20
173.4784972517667
 30
0.0
 10
52.17199134166706
 20
173.5711576515835
 30
0.0
 10
52.12559165329437
 20
173.6693793029035
 30
0.0
 10
52.09238389548166
 20
173.7731254832041
 30
0.0
 10
52.07288474583937
 20
173.8830945483428
 30
0.0
 10
52.07013555460877
 20
173.9581938952698
 30
0.0
 10
52.06873639560946
 20
173.9964145639265
 30
0.0
  0
SPLINE
  5
4EF
330
1F
100
AcDbEntity
  8
0
  6
Continuous
 62
     7
370
    25
100
AcDbSpline
210
0.0
220
0.0
230
1.0
 70
     8
 71
     3
 72
    23
 73
    19
 74
     0
 42
0.00000001
 43
0.0000000001
 40
0.0
 40
0.0
 40
0.0
 40
0.0
 40
0.0779970714185005
 40
0.15202386347953
 40
0.2229112326210595
 40
0.2907080516372078
 40
0.3551725266088669
 40
0.4172176819614419
 40
0.4767438771346701
 40
0.5340963735748942
 40
0.5902994869243006
 40
0.6463219680934266
 40
0.7025716258603772
 40
0.7591871257503299
 40
0.8170788591119032
 40
0.8762712461704051
 40
0.9371321112634756
 40
1.0
 40
1.0
 40
1.0
 40
1.0
 10
57.19189816031536
 20
175.64531162275
 30
0.0
 10
57.13924947442707
 20
175.5326264890268
 30
0.0
 10
57.03663207494926
 20
175.3129922248968
 30
0.0
 10
56.86745359542117
 20
175.000182111954
 30
0.0
 10
56.69096157340607
 20
174.710444677957
 30
0.0
 10
56.50853637780516
 20
174.44257190218
 30
0.0
 10
56.31736713536847
 20
174.198494273595
 30
0.0
 10
56.11913261674096
 20
173.9775262701438
 30
0.0
 10
55.91335961535268
 20
173.7795769133588
 30
0.0
 10
55.69997898555826
 20
173.6040208890281
 30
0.0
 10
55.47611938411186
 20
173.4518883768729
 30
0.0
 10
55.24285983954595
 20
173.3179142275406
 30
0.0
 10
54.99632151692857
 20
173.2086655884037
 30
0.0
 10
54.73981200528736
 20
173.1167577972453
 30
0.0
 10
54.47194596411477
 20
173.0450484421181
 30
0.0
 10
54.19253759932288
 20
172.9944536615902
 30
0.0
 10
53.90216981587567
 20
172.9632824069049
 30
0.0
 10
53.70484487419577
 20
172.9599595568424
 30
0.0
 10
53.60458198384477
 20
172.9582711815736
 30
0.0
  0
SPLINE
  5
4F0
330
1F
100
AcDbEntity
  8
0
  6
Continuous
 62
     7
370
    25
100
AcDbSpline
210
0.0
220
0.0
230
1.0
 70
     8
 71
     3
 72
    11
 73
     7
 74
     0
 42
0.00000001
 43
0.0000000001
 40
0.0
 40
0.0
 40
0.0
 40
0.0
 40
0.3059500862522015
 40
0.5749839303577909
 40
0.8062449336942144
 40
1.0
 40
1.0
 40
1.0
 40
1.0
 10
57.51037242502127
 20
176.4063410345148
 30
0.0
 10
57.47918929848807
 20
176.3281905773454
 30
0.0
 10
57.42058563252895
 20
176.18131937501
 30
0.0
 10
57.33741775491395
 20
175.9757541723866
 30
0.0
 10
57.26103480863226
 20
175.8008091556408
 30
0.0
 10
57.21354683637756
 20
175.694002379389
 30
0.0
 10
57.19189816031536
 20
175.64531162275
 30
0.0
  0
SPLINE
  5
4F1
330
1F
100
AcDbEntity
  8
0
  6
Continuous
 62
     7
370
    25
100
AcDbSpline
210
0.0
220
0.0
230
1.0
 70
     8
 71
     3
 72
    23
 73
    19
 74
     0
 42
0.00000001
 43
0.0000000001
 40
0.0
 40
0.0
 40
0.0
 40
0.0
 40
0.044770731070041
 40
0.0906010810751217
 40
0.1380562046764936
 40
0.187466484424788
 40
0.2391248036767479
 40
0.2925248857177352
 40
0.3490170077974284
 40
0.408408665719347
 40
0.4705483614470183
 40
0.5362206160227441
 40
0.6052301214387083
 40
0.6769497426634711
 40
0.752463084351338
 40
0.8313528054614451
 40
0.9141575369786831
 40
1.0
 40
1.0
 40
1.0
 40
1.0
 10
59.03656727796236
 20
178.3695763286324
 30
0.0
 10
59.00093286076046
 20
178.3559115860413
 30
0.0
 10
58.92882064269276
 20
178.3282586882266
 30
0.0
 10
58.82358741038917
 20
178.2752341233298
 30
0.0
 10
58.71991231697688
 20
178.2114884580742
 30
0.0
 10
58.61772838795616
 20
178.1366212702453
 30
0.0
 10
58.51741391386257
 20
178.0512471046528
 30
0.0
 10
58.41897843083008
 20
177.9549138049901
 30
0.0
 10
58.32114847363775
 20
177.8488530442034
 30
0.0
 10
58.22452153986458
 20
177.7317936854281
 30
0.0
 10
58.13111016044975
 20
177.6024231065292
 30
0.0
 10
58.03720820459587
 20
177.463451698162
 30
0.0
 10
57.94507689795357
 20
177.3135684510336
 30
0.0
 10
57.85574970192087
 20
177.1524004044064
 30
0.0
 10
57.76546120118576
 20
176.9821497357619
 30
0.0
 10
57.67958180323727
 20
176.7991507577043
 30
0.0
 10
57.59207935458268
 20
176.6072191578994
 30
0.0
 10
57.53793316814427
 20
176.4740996736821
 30
0.0
 10
57.51037242502127
 20
176.4063410345148
 30
0.0
  0
SPLINE
  5
4F2
330
1F
100
AcDbEntity
  8
0
  6
Continuous
 62
     7
370
    25
100
AcDbSpline
210
0.0
220
0.0
230
1.0
 70
     8
 71
     3
 72
    11
 73
     7
 74
     0
 42
0.00000001
 43
0.0000000001
 40
0.0
 40
0.0
 40
0.0
 40
0.0
 40
0.2662196437552251
 40
0.5171835948468177
 40
0.7591878807059014
 40
1.0
 40
1.0
 40
1.0
 40
1.0
 10
59.30403051325658
 20
177.7491719168677
 30
0.0
 10
59.30139221100096
 20
177.8112207808864
 30
0.0
 10
59.29626679416266
 20
177.9317628043701
 30
0.0
 10
59.24093678152146
 20
178.100931794994
 30
0.0
 10
59.15766731592646
 20
178.2518392903521
 30
0.0
 10
59.07686745381706
 20
178.3303953058426
 30
0.0
 10
59.03656727796236
 20
178.3695763286324
 30
0.0
  0
SPLINE
  5
4F3
330
1F
100
AcDbEntity
  8
0
  6
Continuous
 62
     7
370
    25
100
AcDbSpline
210
0.0
220
0.0
230
1.0
 70
     8
 71
     3
 72
    23
 73
    19
 74
     0
 42
0.00000001
 43
0.0000000001
 40
0.0
 40
0.0
 40
0.0
 40
0.0
 40
0.0422614966246719
 40
0.086329729795436
 40
0.1336652190927299
 40
0.1850658014170672
 40
0.2412746433108408
 40
0.3032615732924379
 40
0.3706588297427731
 40
0.4446532141566183
 40
0.5205129226795476
 40
0.5933520726015603
 40
0.6641573487453174
 40
0.7335899975714483
 40
0.8008529231964084
 40
0.8673247029253092
 40
0.9339195976472932
 40
1.0
 40
1.0
 40
1.0
 40
1.0
 10
58.03289080737418
 20
175.9582711815736
 30
0.0
 10
58.06612449801058
 20
175.9604305851095
 30
0.0
 10
58.13401266482657
 20
175.9648417096241
 30
0.0
 10
58.23630532853357
 20
175.9921686770522
 30
0.0
 10
58.33883017574336
 20
176.0389474300539
 30
0.0
 10
58.44262397839966
 20
176.1033400677944
 30
0.0
 10
58.54807203902166
 20
176.1854981704602
 30
0.0
 10
58.65320175855187
 20
176.2870356563485
 30
0.0
 10
58.76170932900926
 20
176.4047535182142
 30
0.0
 10
58.86751775357947
 20
176.5390892395154
 30
0.0
 10
58.96989438587957
 20
176.6814108560749
 30
0.0
 10
59.05792480358115
 20
176.8301591186896
 30
0.0
 10
59.13476440142446
 20
176.9792518767634
 30
0.0
 10
59.19691194771536
 20
177.1304608428633
 30
0.0
 10
59.24366659463647
 20
177.2834753053703
 30
0.0
 10
59.27876241187637
 20
177.4372351147063
 30
0.0
 10
59.29995366669309
 20
177.5927886494858
 30
0.0
 10
59.30267508213167
 20
177.6971790972424
 30
0.0
 10
59.30403051325658
 20
177.7491719168677
 30
0.0
  0
SPLINE
  5
4F4
330
1F
100
AcDbEntity
  8
0
  6
Continuous
 62
     7
370
    25
100
AcDbSpline
210
0.0
220
0.0
230
1.0
 70
     8
 71
     3
 72
    10
 73
     6
 74
     0
 42
0.00000001
 43
0.0000000001
 40
0.0
 40
0.0
 40
0.0
 40
0.0
 40
0.5
 40
0.5
 40
1.0
 40
1.0
 40
1.0
 40
1.0
 10
58.03289080737418
 20
175.9582711815736
 30
0.0
 10
57.95179003632736
 20
175.9609144478406
 30
0.0
 10
57.87069513357716
 20
175.9649785145182
 30
0.0
 10
57.70965553791246
 20
175.985115970247
 30
0.0
 10
57.63013952897306
 20
176.0025604794611
 30
0.0
 10
57.54897536619766
 20
176.0079035345147
 30
0.0
  0
SPLINE
  5
4F5
330
1F
100
AcDbEntity
  8
0
  6
Continuous
 62
     7
370
    25
100
AcDbSpline
210
0.0
220
0.0
230
1.0
 70
     8
 71
     3
 72
    11
 73
     7
 74
     0
 42
0.00000001
 43
0.0000000001
 40
0.0
 40
0.0
 40
0.0
 40
0.0
 40
0.1971902166523199
 40
0.4093200571724605
 40
0.6758808575358632
 40
1.0
 40
1.0
 40
1.0
 40
1.0
 10
57.36285404266827
 20
175.8976094168677
 30
0.0
 10
57.36526461252975
 20
175.9136885255029
 30
0.0
 10
57.37026838305275
 20
175.9470649362477
 30
0.0
 10
57.41535962793136
 20
175.9826753374619
 30
0.0
 10
57.47539332315668
 20
176.0058873177563
 30
0.0
 10
57.52290477968897
 20
176.0071891760756
 30
0.0
 10
57.54897536619766
 20
176.0079035345147
 30
0.0
  0
SPLINE
  5
4F6
330
1F
100
AcDbEntity
  8
0
  6
Continuous
 62
     7
370
    25
100
AcDbSpline
210
0.0
220
0.0
230
1.0
 70
     8
 71
     3
 72
    11
 73
     7
 74
     0
 42
0.00000001
 43
0.0000000001
 40
0.0
 40
0.0
 40
0.0
 40
0.0
 40
0.3297399477641552
 40
0.602484644430647
 40
0.822133530837531
 40
1.0
 40
1.0
 40
1.0
 40
1.0
 10
57.60136507208009
 20
175.7707711815736
 30
0.0
 10
57.56886914975376
 20
175.772475073787
 30
0.0
 10
57.50949419582127
 20
175.7755883419891
 30
0.0
 10
57.43293918089557
 20
175.8005147378387
 30
0.0
 10
57.37512018377725
 20
175.840766274763
 30
0.0
 10
57.36664584685037
 20
175.8800376261929
 30
0.0
 10
57.36285404266827
 20
175.8976094168677
 30
0.0
  0
SPLINE
  5
4F7
330
1F
100
AcDbEntity
  8
0
  6
Continuous
 62
     7
370
    25
100
AcDbSpline
210
0.0
220
0.0
230
1.0
 70
     8
 71
     3
 72
    13
 73
     9
 74
     0
 42
0.00000001
 43
0.0000000001
 40
0.0
 40
0.0
 40
0.0
 40
0.0
 40
0.0716311388445566
 40
0.1661101242634794
 40
0.2898794709887446
 40
0.4397951670681355
 40
0.7395027825139169
 40
1.0
 40
1.0
 40
1.0
 40
1.0
 10
58.02461874855066
 20
175.7818005933383
 30
0.0
 10
58.01450684976576
 20
175.7818877844039
 30
0.0
 10
57.99105770752416
 20
175.7820899774583
 30
0.0
 10
57.95018168841538
 20
175.7799880990107
 30
0.0
 10
57.89821555560637
 20
175.7793118887022
 30
0.0
 10
57.81738852928746
 20
175.7750146942481
 30
0.0
 10
57.71720001658216
 20
175.7718039417975
 30
0.0
 10
57.63813198488975
 20
175.7710989877055
 30
0.0
 10
57.60136507208009
 20
175.7707711815736
 30
0.0
  0
SPLINE
  5
4F8
330
1F
100
AcDbEntity
  8
0
  6
Continuous
 62
     7
370
    25
100
AcDbSpline
210
0.0
220
0.0
230
1.0
 70
     8
 71
     3
 72
    15
 73
    11
 74
     0
 42
0.00000001
 43
0.0000000001
 40
0.0
 40
0.0
 40
0.0
 40
0.0
 40
0.1500893007776479
 40
0.2921085021454835
 40
0.4275932301339389
 40
0.5594485086104737
 40
0.6836889064072037
 40
0.7942877558995579
 40
0.8973371881387869
 40
1.0
 40
1.0
 40
1.0
 40
1.0
 10
58.42167757208009
 20
175.2027564756912
 30
0.0
 10
58.42052973511496
 20
175.2414690906857
 30
0.0
 10
58.41829577883117
 20
175.3168127955438
 30
0.0
 10
58.39589728487865
 20
175.4252778352536
 30
0.0
 10
58.35851686823925
 20
175.5244240473917
 30
0.0
 10
58.30745106126467
 20
175.6117647906184
 30
0.0
 10
58.24900086842666
 20
175.686857662192
 30
0.0
 10
58.17972988499136
 20
175.7407359949406
 30
0.0
 10
58.10433575184896
 20
175.7752724801246
 30
0.0
 10
58.05115776833686
 20
175.7796272837735
 30
0.0
 10
58.02461874855066
 20
175.7818005933383
 30
0.0
  0
SPLINE
  5
4F9
330
1F
100
AcDbEntity
  8
0
  6
Continuous
 62
     7
370
    25
100
AcDbSpline
210
0.0
220
0.0
230
1.0
 70
     8
 71
     3
 72
    15
 73
    11
 74
     0
 42
0.00000001
 43
0.0000000001
 40
0.0
 40
0.0
 40
0.0
 40
0.0
 40
0.1501285767797031
 40
0.2920238484102162
 40
0.4254173485347949
 40
0.552017218137546
 40
0.6715889566934631
 40
0.7862753208345343
 40
0.8945942773653984
 40
1.0
 40
1.0
 40
1.0
 40
1.0
 10
57.87158566031536
 20
173.7551461815736
 30
0.0
 10
57.91559105509756
 20
173.8203508896108
 30
0.0
 10
58.00118851436057
 20
173.9471843691785
 30
0.0
 10
58.11254376427967
 20
174.1404238354112
 30
0.0
 10
58.20721697142197
 20
174.3286134040817
 30
0.0
 10
58.28435641173638
 20
174.511990034934
 30
0.0
 10
58.34674847943967
 20
174.6907080053354
 30
0.0
 10
58.38845896475077
 20
174.8654089185415
 30
0.0
 10
58.41717717295036
 20
175.0354510785904
 30
0.0
 10
58.42019113324586
 20
175.1474971015213
 30
0.0
 10
58.42167757208009
 20
175.2027564756912
 30
0.0
  0
SPLINE
  5
4FA
330
1F
100
AcDbEntity
  8
0
  6
Continuous
 62
     7
370
    25
100
AcDbSpline
210
0.0
220
0.0
230
1.0
 70
     8
 71
     3
 72
    15
 73
    11
 74
     0
 42
0.00000001
 43
0.0000000001
 40
0.0
 40
0.0
 40
0.0
 40
0.0
 40
0.0908242237463343
 40
0.1874553402785737
 40
0.2907863892573557
 40
0.4043652757840411
 40
0.5309116942441106
 40
0.671681050810157
 40
0.8275099975412553
 40
1.0
 40
1.0
 40
1.0
 40
1.0
 10
56.94787242502127
 20
173.0465064756912
 30
0.0
 10
56.98440346000437
 20
173.0487706669331
 30
0.0
 10
57.05980116021077
 20
173.0534438116317
 30
0.0
 10
57.17228236507897
 20
173.0886898619397
 30
0.0
 10
57.28530636599886
 20
173.1451341668859
 30
0.0
 10
57.39879594643617
 20
173.2242805851646
 30
0.0
 10
57.51525425273276
 20
173.3239990934851
 30
0.0
 10
57.63112632966526
 20
173.4486671250144
 30
0.0
 10
57.75381343418787
 20
173.5918824921965
 30
0.0
 10
57.83102222488266
 20
173.6989144507122
 30
0.0
 10
57.87158566031536
 20
173.7551461815736
 30
0.0
  0
SPLINE
  5
4FB
330
1F
100
AcDbEntity
  8
0
  6
Continuous
 62
     7
370
    25
100
AcDbSpline
210
0.0
220
0.0
230
1.0
 70
     8
 71
     3
 72
    15
 73
    11
 74
     0
 42
0.00000001
 43
0.0000000001
 40
0.0
 40
0.0
 40
0.0
 40
0.0
 40
0.1403690905264351
 40
0.2685785154417361
 40
0.3888053093639358
 40
0.5091961235451176
 40
0.6289295085704762
 40
0.7461436620819974
 40
0.8684855685896726
 40
1.0
 40
1.0
 40
1.0
 40
1.0
 10
56.56873639560946
 20
173.4463226521618
 30
0.0
 10
56.57002441346037
 20
173.417247957666
 30
0.0
 10
56.57248887284366
 20
173.3616172040913
 30
0.0
 10
56.59211139949277
 20
173.2830313362984
 30
0.0
 10
56.62419882341467
 20
173.2131786863186
 30
0.0
 10
56.67028294969558
 20
173.1539007745447
 30
0.0
 10
56.72646099155795
 20
173.1047639976183
 30
0.0
 10
56.79366936955616
 20
173.0716933047222
 30
0.0
 10
56.86793712166637
 20
173.0499264301331
 30
0.0
 10
56.92059312205637
 20
173.0476735942162
 30
0.0
 10
56.94787242502127
 20
173.0465064756912
 30
0.0
  0
SPLINE
  5
4FC
330
1F
100
AcDbEntity
  8
0
  6
Continuous
 62
     7
370
    25
100
AcDbSpline
210
0.0
220
0.0
230
1.0
 70
     8
 71
     3
 72
    15
 73
    11
 74
     0
 42
0.00000001
 43
0.0000000001
 40
0.0
 40
0.0
 40
0.0
 40
0.0
 40
0.1581071238978624
 40
0.305530154654396
 40
0.4402437472606155
 40
0.5654807199157283
 40
0.6823334754102533
 40
0.7911879776773318
 40
0.8962271346920365
 40
1.0
 40
1.0
 40
1.0
 40
1.0
 10
57.10090551325658
 20
174.2500910345148
 30
0.0
 10
57.05905858339676
 20
174.2180575781365
 30
0.0
 10
56.97819253108576
 20
174.1561553270546
 30
0.0
 10
56.86952664545995
 20
174.0573510634528
 30
0.0
 10
56.77701050058667
 20
173.9576826160494
 30
0.0
 10
56.70254597053726
 20
173.85638025463
 30
0.0
 10
56.64174472459625
 20
173.7561040998201
 30
0.0
 10
56.59989244889425
 20
173.6537815483414
 30
0.0
 10
56.57354333604526
 20
173.5505983967636
 30
0.0
 10
56.57033221806317
 20
173.4809404255336
 30
0.0
 10
56.56873639560946
 20
173.4463226521618
 30
0.0
  0
SPLINE
  5
4FD
330
1F
100
AcDbEntity
  8
0
  6
Continuous
 62
     7
370
    25
100
AcDbSpline
210
0.0
220
0.0
230
1.0
 70
     8
 71
     3
 72
    11
 73
     7
 74
     0
 42
0.00000001
 43
0.0000000001
 40
0.0
 40
0.0
 40
0.0
 40
0.0
 40
0.1139317887691841
 40
0.3127713761889403
 40
0.6085770851521973
 40
1.0
 40
1.0
 40
1.0
 40
1.0
 10
57.25118124855066
 20
174.3948520639265
 30
0.0
 10
57.24833704357826
 20
174.3872725325389
 30
0.0
 10
57.24052898655575
 20
174.3664648151444
 30
0.0
 10
57.20894027616767
 20
174.3359462177467
 30
0.0
 10
57.16276633769966
 20
174.2945590911151
 30
0.0
 10
57.12335367501276
 20
174.2662276789345
 30
0.0
 10
57.10090551325658
 20
174.2500910345148
 30
0.0
  0
SPLINE
  5
4FE
330
1F
100
AcDbEntity
  8
0
  6
Continuous
 62
     7
370
    25
100
AcDbSpline
210
0.0
220
0.0
230
1.0
 70
     8
 71
     3
 72
    11
 73
     7
 74
     0
 42
0.00000001
 43
0.0000000001
 40
0.0
 40
0.0
 40
0.0
 40
0.0
 40
0.2679189154110656
 40
0.526996822171765
 40
0.7745799040698531
 40
1.0
 40
1.0
 40
1.0
 40
1.0
 10
57.16846066031536
 20
174.4582711815736
 30
0.0
 10
57.17879399225937
 20
174.4576565266761
 30
0.0
 10
57.19911966836395
 20
174.4564474997689
 30
0.0
 10
57.22518923585636
 20
174.4416359730145
 30
0.0
 10
57.24656964569216
 20
174.4217364812631
 30
0.0
 10
57.24969282742006
 20
174.4035291629906
 30
0.0
 10
57.25118124855066
 20
174.3948520639265
 30
0.0
  0
SPLINE
  5
4FF
330
1F
100
AcDbEntity
  8
0
  6
Continuous
 62
     7
370
    25
100
AcDbSpline
210
0.0
220
0.0
230
1.0
 70
     8
 71
     3
 72
    19
 73
    15
 74
     0
 42
0.00000001
 43
0.0000000001
 40
0.0
 40
0.0
 40
0.0
 40
0.0
 40
0.1191250875804681
 40
0.2455835630622233
 40
0.3872421072853354
 40
0.5475708582629658
 40
0.6290054808361166
 40
0.7036145564271792
 40
0.7701565955736604
 40
0.8294094674526803
 40
0.8810484257491443
 40
0.9264086269200532
 40
0.9653357829375075
 40
1.0
 40
1.0
 40
1.0
 40
1.0
 10
56.30403051325657
 20
173.4545947109853
 30
0.0
 10
56.30870078061038
 20
173.5102995959561
 30
0.0
 10
56.31832881883886
 20
173.6251385808329
 30
0.0
 10
56.38744477859207
 20
173.7950045690524
 30
0.0
 10
56.49822681676127
 20
173.9624011946343
 30
0.0
 10
56.61840424569037
 20
174.0959945539128
 30
0.0
 10
56.72592718999047
 20
174.197336221758
 30
0.0
 10
56.80375405819107
 20
174.2663176220206
 30
0.0
 10
56.87724373028366
 20
174.3243398152749
 30
0.0
 10
56.94432923632996
 20
174.3730299086126
 30
0.0
 10
57.00668543249917
 20
174.4112320797386
 30
0.0
 10
57.06449876022427
 20
174.4376860030345
 30
0.0
 10
57.11793000164667
 20
174.4542727556709
 30
0.0
 10
57.15228038068175
 20
174.4569908568974
 30
0.0
 10
57.16846066031536
 20
174.4582711815736
 30
0.0
  0
SPLINE
  5
500
330
1F
100
AcDbEntity
  8
0
  6
Continuous
 62
     7
370
    25
100
AcDbSpline
210
0.0
220
0.0
230
1.0
 70
     8
 71
     3
 72
    15
 73
    11
 74
     0
 42
0.00000001
 43
0.0000000001
 40
0.0
 40
0.0
 40
0.0
 40
0.0
 40
0.1617351051374381
 40
0.3059735679966797
 40
0.4363659952001937
 40
0.555804462103386
 40
0.6666688683215773
 40
0.7735665257017318
 40
0.8819039704473995
 40
1.0
 40
1.0
 40
1.0
 40
1.0
 10
57.11331360149187
 20
172.8700358874559
 30
0.0
 10
57.05250702588887
 20
172.8716025626176
 30
0.0
 10
56.93747198214196
 20
172.8745664286793
 30
0.0
 10
56.77563150494858
 20
172.904062691509
 30
0.0
 10
56.63418883699456
 20
172.9496358245266
 30
0.0
 10
56.51478652916207
 20
173.0157890623244
 30
0.0
 10
56.41960078720896
 20
173.1011977341256
 30
0.0
 10
56.35132725511276
 20
173.2045195263677
 30
0.0
 10
56.31162303716798
 20
173.3250100414016
 30
0.0
 10
56.30663303907266
 20
173.4101763526222
 30
0.0
 10
56.30403051325657
 20
173.4545947109853
 30
0.0
  0
SPLINE
  5
501
330
1F
100
AcDbEntity
  8
0
  6
Continuous
 62
     7
370
    25
100
AcDbSpline
210
0.0
220
0.0
230
1.0
 70
     8
 71
     3
 72
    23
 73
    19
 74
     0
 42
0.00000001
 43
0.0000000001
 40
0.0
 40
0.0
 40
0.0
 40
0.0
 40
0.0542623360198708
 40
0.1084254022734833
 40
0.1635280672069999
 40
0.220312357032184
 40
0.2795357296179191
 40
0.3421434568547663
 40
0.4084926544014117
 40
0.4790054430413437
 40
0.5502003631765914
 40
0.6183410249438554
 40
0.6847603780346052
 40
0.749297251402095
 40
0.8123152445939608
 40
0.8746595823754786
 40
0.9371349254133633
 40
1.0
 40
1.0
 40
1.0
 40
1.0
 10
59.21579521913887
 20
174.6816167698089
 30
0.0
 10
59.21343808729486
 20
174.6268043346622
 30
0.0
 10
59.20872813584158
 20
174.5172797405092
 30
0.0
 10
59.17779016437297
 20
174.3543508668701
 30
0.0
 10
59.12452461320767
 20
174.1948595501078
 30
0.0
 10
59.05060100623586
 20
174.0382418085617
 30
0.0
 10
58.95621700889046
 20
173.8839863050552
 30
0.0
 10
58.83860718891416
 20
173.7343388288443
 30
0.0
 10
58.70390762175197
 20
173.5841653183187
 30
0.0
 10
58.54780110625725
 20
173.4430836610949
 30
0.0
 10
58.38331825334638
 20
173.309147068508
 30
0.0
 10
58.21081282999607
 20
173.1927325463843
 30
0.0
 10
58.03588690792757
 20
173.0931609115591
 30
0.0
 10
57.85773342796467
 20
173.0107808674431
 30
0.0
 10
57.67578025693797
 20
172.9492212257216
 30
0.0
 10
57.49165248350087
 20
172.9024122335761
 30
0.0
 10
57.30339559255445
 20
172.876354514255
 30
0.0
 10
57.17680547096567
 20
172.8721464578773
 30
0.0
 10
57.11331360149187
 20
172.8700358874559
 30
0.0
  0
SPLINE
  5
502
330
1F
100
AcDbEntity
  8
0
  6
Continuous
 62
     7
370
    25
100
AcDbSpline
210
0.0
220
0.0
230
1.0
 70
     8
 71
     3
 72
    15
 73
    11
 74
     0
 42
0.00000001
 43
0.0000000001
 40
0.0
 40
0.0
 40
0.0
 40
0.0
 40
0.1447785810593633
 40
0.2778876010866551
 40
0.4007695302425712
 40
0.5174425127292941
 40
0.6317227426301729
 40
0.7472234001112989
 40
0.869519419643044
 40
1.0
 40
1.0
 40
1.0
 40
1.0
 10
58.25210036619766
 20
175.8741719168677
 30
0.0
 10
58.32818973042667
 20
175.8484404549891
 30
0.0
 10
58.47423544201676
 20
175.7990515594663
 30
0.0
 10
58.67335872571008
 20
175.6984611319265
 30
0.0
 10
58.84190161265427
 20
175.5775392356577
 30
0.0
 10
58.97995513137306
 20
175.4365599915672
 30
0.0
 10
59.08583765197376
 20
175.2750692523552
 30
0.0
 10
59.16383035665797
 20
175.0950427785046
 30
0.0
 10
59.20725208797946
 20
174.8941347681032
 30
0.0
 10
59.21288669512627
 20
174.7539688956998
 30
0.0
 10
59.21579521913887
 20
174.6816167698089
 30
0.0
  0
SPLINE
  5
503
330
1F
100
AcDbEntity
  8
0
  6
Continuous
 62
     7
370
    25
100
AcDbSpline
210
0.0
220
0.0
230
1.0
 70
     8
 71
     3
 72
    23
 73
    19
 74
     0
 42
0.00000001
 43
0.0000000001
 40
0.0
 40
0.0
 40
0.0
 40
0.0
 40
0.0483136634963236
 40
0.0963530186141912
 40
0.1446666821105154
 40
0.1935948525085095
 40
0.2443360549937205
 40
0.2975074312164961
 40
0.3532531731747039
 40
0.4124554215533386
 40
0.4744175772639073
 40
0.5393810425765637
 40
0.6070605093161177
 40
0.6780162109113985
 40
0.7526885688502379
 40
0.8313607979240059
 40
0.9134078467940284
 40
1.0
 40
1.0
 40
1.0
 40
1.0
 10
60.09814816031536
 20
177.4003667698089
 30
0.0
 10
60.09709211999608
 20
177.3588773644327
 30
0.0
 10
60.09498603519158
 20
177.2761341162664
 30
0.0
 10
60.06957797538017
 20
177.1542144821226
 30
0.0
 10
60.03308991154726
 20
177.0349111027038
 30
0.0
 10
59.97957870341858
 20
176.919433372485
 30
0.0
 10
59.91138708167958
 20
176.8072783211231
 30
0.0
 10
59.82840568097024
 20
176.6980569462695
 30
0.0
 10
59.72926412966176
 20
176.593149508012
 30
0.0
 10
59.61668734633997
 20
176.4912111757505
 30
0.0
 10
59.48889215380386
 20
176.3953816109746
 30
0.0
 10
59.35012315841088
 20
176.3025353207106
 30
0.0
 10
59.19755407797158
 20
176.2173423232269
 30
0.0
 10
59.03281544645108
 20
176.1378127449965
 30
0.0
 10
58.85636102600907
 20
176.0610488439728
 30
0.0
 10
58.66606927053625
 20
175.9935106715052
 30
0.0
 10
58.46397836967136
 20
175.9290802919167
 30
0.0
 10
58.32398405978818
 20
175.8928006406751
 30
0.0
 10
58.25210036619766
 20
175.8741719168677
 30
0.0
  0
SPLINE
  5
504
330
1F
100
AcDbEntity
  8
0
  6
Continuous
 62
     7
370
    25
100
AcDbSpline
210
0.0
220
0.0
230
1.0
 70
     8
 71
     3
 72
    15
 73
    11
 74
     0
 42
0.00000001
 43
0.0000000001
 40
0.0
 40
0.0
 40
0.0
 40
0.0
 40
0.1497711381496473
 40
0.2895722419713196
 40
0.4207874143990857
 40
0.5469496810403948
 40
0.6664631524386115
 40
0.7796934165075477
 40
0.8892956357751701
 40
1.0
 40
1.0
 40
1.0
 40
1.0
 10
59.22682463090357
 20
178.4357527992206
 30
0.0
 10
59.29285278855797
 20
178.4074238578971
 30
0.0
 10
59.42051371095896
 20
178.3526517893059
 30
0.0
 10
59.59346106217195
 20
178.2479257353191
 30
0.0
 10
59.74536648504745
 20
178.1322731824823
 30
0.0
 10
59.86995859162546
 20
178.0007099102406
 30
0.0
 10
59.97271375021046
 20
177.8619412981107
 30
0.0
 10
60.04517093217057
 20
177.7139378390171
 30
0.0
 10
60.09074197178787
 20
177.5593060741426
 30
0.0
 10
60.09567121084306
 20
177.4535229411015
 30
0.0
 10
60.09814816031536
 20
177.4003667698089
 30
0.0
  0
SPLINE
  5
505
330
1F
100
AcDbEntity
  8
0
  6
Continuous
 62
     7
370
    25
100
AcDbSpline
210
0.0
220
0.0
230
1.0
 70
     8
 71
     3
 72
     9
 73
     5
 74
     0
 42
0.00000001
 43
0.0000000001
 40
0.0
 40
0.0
 40
0.0
 40
0.0
 40
0.5497065105312612
 40
1.0
 40
1.0
 40
1.0
 40
1.0
 10
59.55219227796246
 20
178.4922785345147
 30
0.0
 10
59.49237410014674
 20
178.483059212316
 30
0.0
 10
59.38355570947897
 20
178.4662878588354
 30
0.0
 10
59.27548718423667
 20
178.4452334585802
 30
0.0
 10
59.22682463090357
 20
178.4357527992206
 30
0.0
  0
SPLINE
  5
506
330
1F
100
AcDbEntity
  8
0
  6
Continuous
 62
     7
370
    25
100
AcDbSpline
210
0.0
220
0.0
230
1.0
 70
     8
 71
     3
 72
    11
 73
     7
 74
     0
 42
0.00000001
 43
0.0000000001
 40
0.0
 40
0.0
 40
0.0
 40
0.0
 40
0.1188962093404056
 40
0.312383932825734
 40
0.6044647422871479
 40
1.0
 40
1.0
 40
1.0
 40
1.0
 10
59.83344227796246
 20
178.6094660345147
 30
0.0
 10
59.82838624508886
 20
178.5976206701935
 30
0.0
 10
59.81510219303776
 20
178.5664985552586
 30
0.0
 10
59.75260175959376
 20
178.5389742233582
 30
0.0
 10
59.66531084903746
 20
178.512619030444
 30
0.0
 10
59.59349987934207
 20
178.4997062900966
 30
0.0
 10
59.55219227796246
 20
178.4922785345147
 30
0.0
  0
SPLINE
  5
507
330
1F
100
AcDbEntity
  8
0
  6
Continuous
 62
     7
370
    25
100
AcDbSpline
210
0.0
220
0.0
230
1.0
 70
     8
 71
     3
 72
    11
 73
     7
 74
     0
 42
0.00000001
 43
0.0000000001
 40
0.0
 40
0.0
 40
0.0
 40
0.0
 40
0.3438603353204455
 40
0.6069852597006883
 40
0.8056946695809976
 40
1.0
 40
1.0
 40
1.0
 40
1.0
 10
59.72866286619766
 20
178.6659917698089
 30
0.0
 10
59.74391980240295
 20
178.665844157806
 30
0.0
 10
59.77085147911466
 20
178.6655835918125
 30
0.0
 10
59.80546452685046
 20
178.6556647951678
 30
0.0
 10
59.82934396830308
 20
178.6359151400009
 30
0.0
 10
59.83208641860698
 20
178.6182162925717
 30
0.0
 10
59.83344227796246
 20
178.6094660345147
 30
0.0
  0
SPLINE
  5
508
330
1F
100
AcDbEntity
  8
0
  6
Continuous
 62
     7
370
    25
100
AcDbSpline
210
0.0
220
0.0
230
1.0
 70
     8
 71
     3
 72
    15
 73
    11
 74
     0
 42
0.00000001
 43
0.0000000001
 40
0.0
 40
0.0
 40
0.0
 40
0.0
 40
0.1925288710431644
 40
0.3694784790237101
 40
0.5268460659954336
 40
0.6671260719354906
 40
0.7858265728204387
 40
0.8829738556741373
 40
0.9521502983506618
 40
1.0
 40
1.0
 40
1.0
 40
1.0
 10
59.07930624855066
 20
178.5239880933383
 30
0.0
 10
59.12063535931967
 20
178.5346817129479
 30
0.0
 10
59.19994926639036
 20
178.5552036340875
 30
0.0
 10
59.31353568089225
 20
178.5825163416729
 30
0.0
 10
59.41616029036807
 20
178.6058011759295
 30
0.0
 10
59.50610987989776
 20
178.6265742073205
 30
0.0
 10
59.58333032612208
 20
178.6431144326423
 30
0.0
 10
59.64528194149275
 20
178.655555332177
 30
0.0
 10
59.69219391223846
 20
178.6632610943107
 30
0.0
 10
59.71807897165516
 20
178.665199282546
 30
0.0
 10
59.72866286619766
 20
178.6659917698089
 30
0.0
  0
SPLINE
  5
509
330
1F
100
AcDbEntity
  8
0
  6
Continuous
 62
     7
370
    25
100
AcDbSpline
210
0.0
220
0.0
230
1.0
 70
     8
 71
     3
 72
    15
 73
    11
 74
     0
 42
0.00000001
 43
0.0000000001
 40
0.0
 40
0.0
 40
0.0
 40
0.0
 40
0.1336166677170311
 40
0.2623084157571244
 40
0.3874998556312676
 40
0.5094032700049521
 40
0.6303116659392935
 40
0.751509678317149
 40
0.8753668472032984
 40
1.0
 40
1.0
 40
1.0
 40
1.0
 10
57.55311139560946
 20
178.8700358874559
 30
0.0
 10
57.62344342133836
 20
178.8688484366376
 30
0.0
 10
57.76151513470437
 20
178.8665173027434
 30
0.0
 10
57.96515057643606
 20
178.8519582994811
 30
0.0
 10
58.16104241154846
 20
178.8236044697708
 30
0.0
 10
58.35131032689396
 20
178.7867048144664
 30
0.0
 10
58.53677931639147
 20
178.7380299970851
 30
0.0
 10
58.72006770791857
 20
178.6783998905032
 30
0.0
 10
58.90125658789677
 20
178.6069874253016
 30
0.0
 10
59.01983293186207
 20
178.551712075157
 30
0.0
 10
59.07930624855066
 20
178.5239880933383
 30
0.0
  0
SPLINE
  5
50A
330
1F
100
AcDbEntity
  8
0
  6
Continuous
 62
     7
370
    25
100
AcDbSpline
210
0.0
220
0.0
230
1.0
 70
     8
 71
     3
 72
    15
 73
    11
 74
     0
 42
0.00000001
 43
0.0000000001
 40
0.0
 40
0.0
 40
0.0
 40
0.0
 40
0.1189146500730529
 40
0.2401182548023975
 40
0.3646252508090725
 40
0.4930459014924689
 40
0.6223021071330262
 40
0.7493945105993967
 40
0.8754017826124613
 40
1.0
 40
1.0
 40
1.0
 40
1.0
 10
54.29943492502127
 20
177.9904402992206
 30
0.0
 10
54.41655694102287
 20
178.058022935894
 30
0.0
 10
54.65305542177326
 20
178.1944890884076
 30
0.0
 10
55.03047266722838
 20
178.3670608379911
 30
0.0
 10
55.42837626914966
 20
178.517892213797
 30
0.0
 10
55.84481904863416
 20
178.6424478894288
 30
0.0
 10
56.27022700386508
 20
178.745257722357
 30
0.0
 10
56.69930443682696
 20
178.8157682568137
 30
0.0
 10
57.12651139823856
 20
178.8627119365896
 30
0.0
 10
57.41144541990536
 20
178.8676037387173
 30
0.0
 10
57.55311139560946
 20
178.8700358874559
 30
0.0
  0
SPLINE
  5
50B
330
1F
100
AcDbEntity
  8
0
  6
Continuous
 62
     7
370
    25
100
AcDbSpline
210
0.0
220
0.0
230
1.0
 70
     8
 71
     3
 72
    15
 73
    11
 74
     0
 42
0.00000001
 43
0.0000000001
 40
0.0
 40
0.0
 40
0.0
 40
0.0
 40
0.0935615911769873
 40
0.192975024431927
 40
0.3015202520173204
 40
0.4222680114210062
 40
0.553693065942195
 40
0.6922813933034147
 40
0.8411795458432298
 40
1.0
 40
1.0
 40
1.0
 40
1.0
 10
53.03932463090356
 20
176.3884182403971
 30
0.0
 10
53.04352894702208
 20
176.4545886814424
 30
0.0
 10
53.05220053966476
 20
176.591068216653
 30
0.0
 10
53.11937202248886
 20
176.7952714515442
 30
0.0
 10
53.22516029262927
 20
177.0024536858737
 30
0.0
 10
53.37082498558058
 20
177.2123753868257
 30
0.0
 10
53.55358551287856
 20
177.419872620911
 30
0.0
 10
53.77135660948777
 20
177.6207466494582
 30
0.0
 10
54.02105493575476
 20
177.813914568575
 30
0.0
 10
54.20466807689809
 20
177.9303469457076
 30
0.0
 10
54.29943492502127
 20
177.9904402992206
 30
0.0
  0
SPLINE
  5
50C
330
1F
100
AcDbEntity
  8
0
  6
Continuous
 62
     7
370
    25
100
AcDbSpline
210
0.0
220
0.0
230
1.0
 70
     8
 71
     3
 72
    23
 73
    19
 74
     0
 42
0.00000001
 43
0.0000000001
 40
0.0
 40
0.0
 40
0.0
 40
0.0
 40
0.0756521090917409
 40
0.1476088351139586
 40
0.2170393295316433
 40
0.2845562492063236
 40
0.3494339980271351
 40
0.412757200366226
 40
0.4751176671777119
 40
0.5372181892694545
 40
0.5981458559503955
 40
0.6568009116693463
 40
0.713281027819582
 40
0.7694567286594606
 40
0.8257704818087008
 40
0.8817904671472971
 40
0.9395842499709376
 40
1.0
 40
1.0
 40
1.0
 40
1.0
 10
54.23187977796236
 20
175.4288594168677
 30
0.0
 10
54.18864580399116
 20
175.4295939624622
 30
0.0
 10
54.10428970854517
 20
175.4310271732588
 30
0.0
 10
53.98085041548926
 20
175.443951452373
 30
0.0
 10
53.86299823909876
 20
175.4638165038288
 30
0.0
 10
53.75186755865526
 20
175.4949642126801
 30
0.0
 10
53.64584669888966
 20
175.5310983605567
 30
0.0
 10
53.54806149298567
 20
175.5793598179991
 30
0.0
 10
53.45457828430777
 20
175.6322751884402
 30
0.0
 10
53.36962148867657
 20
175.6959892180932
 30
0.0
 10
53.29287149946738
 20
175.7660169032252
 30
0.0
 10
53.22467581034736
 20
175.8402360061391
 30
0.0
 10
53.16756565254357
 20
175.9199593364134
 30
0.0
 10
53.11992456692355
 20
176.0042375521981
 30
0.0
 10
53.08491762202027
 20
176.0941577767408
 30
0.0
 10
53.05766817151208
 20
176.1876268834184
 30
0.0
 10
53.04273089182046
 20
176.2863771351436
 30
0.0
 10
53.04047671757786
 20
176.3539052654799
 30
0.0
 10
53.03932463090356
 20
176.3884182403971
 30
0.0
  0
SPLINE
  5
50D
330
1F
100
AcDbEntity
  8
0
  6
Continuous
 62
     7
370
    25
100
AcDbSpline
210
0.0
220
0.0
230
1.0
 70
     8
 71
     3
 72
    23
 73
    19
 74
     0
 42
0.00000001
 43
0.0000000001
 40
0.0
 40
0.0
 40
0.0
 40
0.0
 40
0.0657601191234583
 40
0.1293566789516267
 40
0.1919102100574316
 40
0.2532669666277063
 40
0.314603130226578
 40
0.3769029250012914
 40
0.4398575287644963
 40
0.5047728564390779
 40
0.5693625211353143
 40
0.6319657447417626
 40
0.6935122649297779
 40
0.7536532822482789
 40
0.8141808553448671
 40
0.8745927214202129
 40
0.936441652372498
 40
1.0
 40
1.0
 40
1.0
 40
1.0
 10
56.20476580737417
 20
177.433455005103
 30
0.0
 10
56.20274154992308
 20
177.3648997550539
 30
0.0
 10
56.19875963467245
 20
177.2300447762423
 30
0.0
 10
56.17231230319297
 20
177.0313721590141
 30
0.0
 10
56.12747417584097
 20
176.8407033566135
 30
0.0
 10
56.06109578669157
 20
176.6590071227754
 30
0.0
 10
55.97996293460695
 20
176.4837731911701
 30
0.0
 10
55.87911176169637
 20
176.3169489822806
 30
0.0
 10
55.75898961246746
 20
176.1588920071049
 30
0.0
 10
55.62404907917147
 20
176.0100694964114
 30
0.0
 10
55.47615922796407
 20
175.8746364908471
 30
0.0
 10
55.31969112239508
 20
175.7548970291377
 30
0.0
 10
55.15572014748116
 20
175.6540794733512
 30
0.0
 10
54.98403143917316
 20
175.5721364850929
 30
0.0
 10
54.80654170989466
 20
175.5069473848937
 30
0.0
 10
54.62122857269368
 20
175.4610292894026
 30
0.0
 10
54.42885718729415
 20
175.4349836243886
 30
0.0
 10
54.29813287863665
 20
175.4309192862649
 30
0.0
 10
54.23187977796236
 20
175.4288594168677
 30
0.0
  0
SPLINE
  5
50E
330
1F
100
AcDbEntity
  8
0
  6
Continuous
 62
     7
370
    25
100
AcDbSpline
210
0.0
220
0.0
230
1.0
 70
     8
 71
     3
 72
    15
 73
    11
 74
     0
 42
0.00000001
 43
0.0000000001
 40
0.0
 40
0.0
 40
0.0
 40
0.0
 40
0.0626103033750928
 40
0.1268080444423975
 40
0.1919071380444613
 40
0.2735409861151581
 40
0.3833444592174096
 40
0.5407981607575168
 40
0.7460926707151914
 40
1.0
 40
1.0
 40
1.0
 40
1.0
 10
56.10136507208008
 20
177.8112123580442
 30
0.0
 10
56.11025279699767
 20
177.8104889460219
 30
0.0
 10
56.12825358849038
 20
177.8090237804034
 30
0.0
 10
56.15258809059875
 20
177.7946029531696
 30
0.0
 10
56.16956509117766
 20
177.7696131573469
 30
0.0
 10
56.18405967088218
 20
177.7361882426309
 30
0.0
 10
56.19234924686167
 20
177.6873488968617
 30
0.0
 10
56.20108349566187
 20
177.6212583255709
 30
0.0
 10
56.20392630170567
 20
177.5341031213554
 30
0.0
 10
56.20446689571858
 20
177.4692914457534
 30
0.0
 10
56.20476580737417
 20
177.433455005103
 30
0.0
  0
SPLINE
  5
50F
330
1F
100
AcDbEntity
  8
0
  6
Continuous
 62
     7
370
    25
100
AcDbSpline
210
0.0
220
0.0
230
1.0
 70
     8
 71
     3
 72
    13
 73
     9
 74
     0
 42
0.00000001
 43
0.0000000001
 40
0.0
 40
0.0
 40
0.0
 40
0.0
 40
0.3232185213480721
 40
0.6459655634132228
 40
0.7902826453681115
 40
0.8962273581835869
 40
0.9639344713782735
 40
1.0
 40
1.0
 40
1.0
 40
1.0
 10
55.84355257208009
 20
177.0901645639265
 30
0.0
 10
55.87876104051336
 20
177.1660296853648
 30
0.0
 10
55.94912661874068
 20
177.3176492636887
 30
0.0
 10
55.99739419466357
 20
177.5160606461767
 30
0.0
 10
56.02710992012056
 20
177.6620137425846
 30
0.0
 10
56.05106017944867
 20
177.738418552553
 30
0.0
 10
56.06864029240977
 20
177.7938900968375
 30
0.0
 10
56.09292505549416
 20
177.806744790245
 30
0.0
 10
56.10136507208008
 20
177.8112123580442
 30
0.0
  0
SPLINE
  5
510
330
1F
100
AcDbEntity
  8
0
  6
Continuous
 62
     7
370
    25
100
AcDbSpline
210
0.0
220
0.0
230
1.0
 70
     8
 71
     3
 72
    19
 73
    15
 74
     0
 42
0.00000001
 43
0.0000000001
 40
0.0
 40
0.0
 40
0.0
 40
0.0
 40
0.0502131451428943
 40
0.1021573861708178
 40
0.1560026703323489
 40
0.2125225626692056
 40
0.2717309886198603
 40
0.3343872649116199
 40
0.4004674425743917
 40
0.4700300052648976
 40
0.6094475146902714
 40
0.7432079325965163
 40
0.8723314679370233
 40
1.0
 40
1.0
 40
1.0
 40
1.0
 10
53.95338713090357
 20
175.7818005933383
 30
0.0
 10
53.99346395450208
 20
175.7826201591621
 30
0.0
 10
54.07499924836198
 20
175.7842875453041
 30
0.0
 10
54.19770498767959
 20
175.8061499715194
 30
0.0
 10
54.32425447510617
 20
175.8335622019815
 30
0.0
 10
54.45210809744847
 20
175.878070744285
 30
0.0
 10
54.58421153698576
 20
175.9309851486008
 30
0.0
 10
54.71703594527537
 20
176.0005465795076
 30
0.0
 10
54.85587948309888
 20
176.0762300824909
 30
0.0
 10
55.03858305802786
 20
176.1977557263978
 30
0.0
 10
55.25658047997156
 20
176.3630561295828
 30
0.0
 10
55.49017145986576
 20
176.5837183737579
 30
0.0
 10
55.68819270892388
 20
176.8256065874816
 30
0.0
 10
55.79196193913046
 20
177.0023123144498
 30
0.0
 10
55.84355257208009
 20
177.0901645639265
 30
0.0
  0
SPLINE
  5
511
330
1F
100
AcDbEntity
  8
0
  6
Continuous
 62
     7
370
    25
100
AcDbSpline
210
0.0
220
0.0
230
1.0
 70
     8
 71
     3
 72
    15
 73
    11
 74
     0
 42
0.00000001
 43
0.0000000001
 40
0.0
 40
0.0
 40
0.0
 40
0.0
 40
0.1294669442976304
 40
0.2493036734615778
 40
0.3653231703287768
 40
0.4832748825309942
 40
0.6031116116949411
 40
0.7266243170772368
 40
0.8568099308687106
 40
1.0
 40
1.0
 40
1.0
 40
1.0
 10
53.30403051325657
 20
176.378767505103
 30
0.0
 10
53.30588921476246
 20
176.3357610805542
 30
0.0
 10
53.30946836089758
 20
176.2529472033855
 30
0.0
 10
53.34434426928307
 20
176.1359536025176
 30
0.0
 10
53.39810692812008
 20
176.0307206488926
 30
0.0
 10
53.47710399764146
 20
175.9427261135217
 30
0.0
 10
53.57283735845026
 20
175.8693444239639
 30
0.0
 10
53.68692607617568
 20
175.8193086964341
 30
0.0
 10
53.81498499415257
 20
175.7856706481793
 30
0.0
 10
53.90581286097958
 20
175.7831308837366
 30
0.0
 10
53.95338713090357
 20
175.7818005933383
 30
0.0
  0
SPLINE
  5
512
330
1F
100
AcDbEntity
  8
0
  6
Continuous
 62
     7
370
    25
100
AcDbSpline
210
0.0
220
0.0
230
1.0
 70
     8
 71
     3
 72
    19
 73
    15
 74
     0
 42
0.00000001
 43
0.0000000001
 40
0.0
 40
0.0
 40
0.0
 40
0.0
 40
0.1557409641608429
 40
0.3038645366953626
 40
0.4459945746874247
 40
0.5827671145810545
 40
0.6476517940601151
 40
0.7084920214032085
 40
0.7654697704922658
 40
0.8184890941230992
 40
0.8681869073299374
 40
0.9140178492841991
 40
0.9580199700280934
 40
1.0
 40
1.0
 40
1.0
 40
1.0
 10
54.48555624855067
 20
177.8374072109853
 30
0.0
 10
54.40045704064158
 20
177.7832466249637
 30
0.0
 10
54.23442088230797
 20
177.6775744823308
 30
0.0
 10
54.00748375178665
 20
177.4982367561394
 30
0.0
 10
53.80557243848625
 20
177.3090782813383
 30
0.0
 10
53.65644921981846
 20
177.1432850048892
 30
0.0
 10
53.55427753489077
 20
177.0073938281758
 30
0.0
 10
53.48789823474525
 20
176.909464231387
 30
0.0
 10
53.43072134773366
 20
176.8146682023524
 30
0.0
 10
53.38523962297607
 20
176.721727479908
 30
0.0
 10
53.34878819970807
 20
176.6325937076753
 30
0.0
 10
53.32365646826595
 20
176.5457035775421
 30
0.0
 10
53.30771466330337
 20
176.4616124521596
 30
0.0
 10
53.30523915731497
 20
176.4059461085135
 30
0.0
 10
53.30403051325657
 20
176.378767505103
 30
0.0
  0
SPLINE
  5
513
330
1F
100
AcDbEntity
  8
0
  6
Continuous
 62
     7
370
    25
100
AcDbSpline
210
0.0
220
0.0
230
1.0
 70
     8
 71
     3
 72
    15
 73
    11
 74
     0
 42
0.00000001
 43
0.0000000001
 40
0.0
 40
0.0
 40
0.0
 40
0.0
 40
0.1176550234172396
 40
0.2389972634357536
 40
0.3651747073741463
 40
0.4966880507473146
 40
0.6285365041970841
 40
0.7559804767849906
 40
0.8794130231935985
 40
1.0
 40
1.0
 40
1.0
 40
1.0
 10
57.51037242502127
 20
178.6935652992206
 30
0.0
 10
57.38572399997696
 20
178.6903184277639
 30
0.0
 10
57.13252076553859
 20
178.6837229304331
 30
0.0
 10
56.74768257023758
 20
178.6394428176205
 30
0.0
 10
56.35270588281376
 20
178.56564872635
 30
0.0
 10
55.95252706978108
 20
178.4639803970526
 30
0.0
 10
55.55685127246976
 20
178.3411604100602
 30
0.0
 10
55.17871106331097
 20
178.1942394095614
 30
0.0
 10
54.82045010585576
 20
178.0302410975335
 30
0.0
 10
54.59631630850866
 20
177.9011835161343
 30
0.0
 10
54.48555624855067
 20
177.8374072109853
 30
0.0
  0
SPLINE
  5
514
330
1F
100
AcDbEntity
  8
0
  6
Continuous
 62
     7
370
    25
100
AcDbSpline
210
0.0
220
0.0
230
1.0
 70
     8
 71
     3
 72
    15
 73
    11
 74
     0
 42
0.00000001
 43
0.0000000001
 40
0.0
 40
0.0
 40
0.0
 40
0.0
 40
0.106188245718606
 40
0.2164132376127815
 40
0.3318574059198792
 40
0.4536632562261866
 40
0.5804617093399659
 40
0.7143805616135156
 40
0.8538312453148243
 40
1.0
 40
1.0
 40
1.0
 40
1.0
 10
58.87526213090357
 20
178.4536755933383
 30
0.0
 10
58.83009606064506
 20
178.4738307667514
 30
0.0
 10
58.73804693196075
 20
178.5149073124977
 30
0.0
 10
58.59058451032116
 20
178.561583741569
 30
0.0
 10
58.43443829307537
 20
178.6038996344619
 30
0.0
 10
58.26790180958726
 20
178.6357201222513
 30
0.0
 10
58.09187207706045
 20
178.6627360928625
 30
0.0
 10
57.90631116883396
 20
178.6796024421185
 30
0.0
 10
57.71134350783717
 20
178.6910857577175
 30
0.0
 10
57.57840507013357
 20
178.6927259258901
 30
0.0
 10
57.51037242502127
 20
178.6935652992206
 30
0.0
  0
SPLINE
  5
515
330
1F
100
AcDbEntity
  8
0
  6
Continuous
 62
     7
370
    25
100
AcDbSpline
210
0.0
220
0.0
230
1.0
 70
     8
 71
     3
 72
    19
 73
    15
 74
     0
 42
0.00000001
 43
0.0000000001
 40
0.0
 40
0.0
 40
0.0
 40
0.0
 40
0.1510432275331254
 40
0.294959063607481
 40
0.4325348498849249
 40
0.5639506900532553
 40
0.6271245517275065
 40
0.6877525646966989
 40
0.7453406260522636
 40
0.8005845655042048
 40
0.8532448353354515
 40
0.9040890362222221
 40
0.9528220218967121
 40
1.0
 40
1.0
 40
1.0
 40
1.0
 10
56.36744963090356
 20
176.2298704462795
 30
0.0
 10
56.46318281717707
 20
176.3730676040053
 30
0.0
 10
56.65013175517687
 20
176.6527047664515
 30
0.0
 10
56.95268543721318
 20
177.0427487742583
 30
0.0
 10
57.26698159169526
 20
177.3937813278433
 30
0.0
 10
57.54024539856938
 20
177.6565040484038
 30
0.0
 10
57.76055895459295
 20
177.8467298580418
 30
0.0
 10
57.92441299197607
 20
177.9730972583793
 30
0.0
 10
58.08641650541345
 20
178.0865825346362
 30
0.0
 10
58.24554335780607
 20
178.188275682119
 30
0.0
 10
58.40556859305926
 20
178.2730709607591
 30
0.0
 10
58.56182351389027
 20
178.3488651430648
 30
0.0
 10
58.71849713090258
 20
178.4083700308076
 30
0.0
 10
58.82357500791437
 20
178.4387378573474
 30
0.0
 10
58.87526213090357
 20
178.4536755933383
 30
0.0
  0
SPLINE
  5
516
330
1F
100
AcDbEntity
  8
0
  6
Continuous
 62
     7
370
    25
100
AcDbSpline
210
0.0
220
0.0
230
1.0
 70
     8
 71
     3
 72
    11
 73
     7
 74
     0
 42
0.00000001
 43
0.0000000001
 40
0.0
 40
0.0
 40
0.0
 40
0.0
 40
0.3030452120572669
 40
0.5700758202296409
 40
0.8018853270694242
 40
1.0
 40
1.0
 40
1.0
 40
1.0
 10
72.42765183678597
 20
176.3732527992206
 30
0.0
 10
72.41329206722935
 20
176.3034231386128
 30
0.0
 10
72.38627907681538
 20
176.1720625380703
 30
0.0
 10
72.34997592019763
 20
175.9869392221039
 30
0.0
 10
72.31504536425018
 20
175.8267386493827
 30
0.0
 10
72.29303395296354
 20
175.7280246066521
 30
0.0
 10
72.28289080737417
 20
175.6825358874559
 30
0.0
  0
SPLINE
  5
517
330
1F
100
AcDbEntity
  8
0
  6
Continuous
 62
     7
370
    25
100
AcDbSpline
210
0.0
220
0.0
230
1.0
 70
     8
 71
     3
 72
    15
 73
    11
 74
     0
 42
0.00000001
 43
0.0000000001
 40
0.0
 40
0.0
 40
0.0
 40
0.0
 40
0.0744894321670835
 40
0.1631757896873508
 40
0.2658217266012236
 40
0.382983587310393
 40
0.5156933222854351
 40
0.6617521237030811
 40
0.8235167845018002
 40
1.0
 40
1.0
 40
1.0
 40
1.0
 10
72.6923577191389
 20
177.3645211815736
 30
0.0
 10
72.68201210033547
 20
177.3411816592265
 30
0.0
 10
72.65934909339687
 20
177.290054339832
 30
0.0
 10
72.62794870543654
 20
177.204467552897
 30
0.0
 10
72.59690774290948
 20
177.1034050547186
 30
0.0
 10
72.56319750830103
 20
176.9873828935935
 30
0.0
 10
72.53135506915796
 20
176.8554757833541
 30
0.0
 10
72.49594353656279
 20
176.7087261523529
 30
0.0
 10
72.46231258876871
 20
176.5461915967348
 30
0.0
 10
72.43953579145474
 20
176.4325474397741
 30
0.0
 10
72.42765183678597
 20
176.3732527992206
 30
0.0
  0
SPLINE
  5
518
330
1F
100
AcDbEntity
  8
0
  6
Continuous
 62
     7
370
    25
100
AcDbSpline
210
0.0
220
0.0
230
1.0
 70
     8
 71
     3
 72
    13
 73
     9
 74
     0
 42
0.00000001
 43
0.0000000001
 40
0.0
 40
0.0
 40
0.0
 40
0.0
 40
0.0769844111816355
 40
0.173126599748619
 40
0.2999897229550003
 40
0.4518249250099093
 40
0.7536454700145621
 40
1.0
 40
1.0
 40
1.0
 40
1.0
 10
72.89226580737417
 20
177.7284917698089
 30
0.0
 10
72.89091238262319
 20
177.7177881491758
 30
0.0
 10
72.88786872973865
 20
177.6937172831815
 30
0.0
 10
72.86984922913046
 20
177.6555245637954
 30
0.0
 10
72.84634896620817
 20
177.6089073975122
 30
0.0
 10
72.79844280026923
 20
177.5434451107944
 30
0.0
 10
72.74210640002497
 20
177.4636131714553
 30
0.0
 10
72.70778296298172
 20
177.3952459782831
 30
0.0
 10
72.6923577191389
 20
177.3645211815736
 30
0.0
  0
SPLINE
  5
519
330
1F
100
AcDbEntity
  8
0
  6
Continuous
 62
     7
370
    25
100
AcDbSpline
210
0.0
220
0.0
230
1.0
 70
     8
 71
     3
 72
    11
 73
     7
 74
     0
 42
0.00000001
 43
0.0000000001
 40
0.0
 40
0.0
 40
0.0
 40
0.0
 40
0.2835082653026558
 40
0.5028455017755137
 40
0.7164917346972885
 40
1.0
 40
1.0
 40
1.0
 40
1.0
 10
72.81505992502127
 20
177.8070763286324
 30
0.0
 10
72.82732331775702
 20
177.8069613150886
 30
0.0
 10
72.8490743304378
 20
177.8067573208838
 30
0.0
 10
72.87583272771366
 20
177.7894737820387
 30
0.0
 10
72.89161417000387
 20
177.7621200099038
 30
0.0
 10
72.8920291564295
 20
177.7407043210665
 30
0.0
 10
72.89226580737417
 20
177.7284917698089
 30
0.0
  0
SPLINE
  5
51A
330
1F
100
AcDbEntity
  8
0
  6
Continuous
 62
     7
370
    25
100
AcDbSpline
210
0.0
220
0.0
230
1.0
 70
     8
 71
     3
 72
    19
 73
    15
 74
     0
 42
0.00000001
 43
0.0000000001
 40
0.0
 40
0.0
 40
0.0
 40
0.0
 40
0.1674221495955856
 40
0.3292771336785416
 40
0.4856865350965833
 40
0.637538581642774
 40
0.7088907958588977
 40
0.7723096539808055
 40
0.8278441112210865
 40
0.8765592918778871
 40
0.9171859082932439
 40
0.9514555720955412
 40
0.9786432435092581
 40
1.0
 40
1.0
 40
1.0
 40
1.0
 10
71.46119963090362
 20
176.261580005103
 30
0.0
 10
71.5171080255263
 20
176.364065890237
 30
0.0
 10
71.62706573407554
 20
176.5656297727995
 30
0.0
 10
71.81555295052061
 20
176.8471331384101
 30
0.0
 10
72.00935884877044
 20
177.1116549312045
 30
0.0
 10
72.18589704691574
 20
177.3091116341449
 30
0.0
 10
72.3237767845533
 20
177.4536823297911
 30
0.0
 10
72.41932306413426
 20
177.5456844952428
 30
0.0
 10
72.50466560328193
 20
177.6255907593812
 30
0.0
 10
72.58260467756308
 20
177.6897756026589
 30
0.0
 10
72.6519994900493
 20
177.741221867703
 30
0.0
 10
72.71368121454951
 20
177.7763475546518
 30
0.0
 10
72.76628617414417
 20
177.8019814328663
 30
0.0
 10
72.80015818723767
 20
177.8055196962353
 30
0.0
 10
72.81505992502127
 20
177.8070763286324
 30
0.0
  0
SPLINE
  5
51B
330
1F
100
AcDbEntity
  8
0
  6
Continuous
 62
     7
370
    25
100
AcDbSpline
210
0.0
220
0.0
230
1.0
 70
     8
 71
     3
 72
    23
 73
    19
 74
     0
 42
0.00000001
 43
0.0000000001
 40
0.0
 40
0.0
 40
0.0
 40
0.0
 40
0.054832376183963
 40
0.113661967070668
 40
0.1765746124245738
 40
0.2438624629880961
 40
0.3154803507893238
 40
0.391953537826947
 40
0.4726997587975172
 40
0.5582582259021251
 40
0.6425111399901715
 40
0.7180589701662831
 40
0.7857463990815182
 40
0.8449235051181707
 40
0.8960497814794647
 40
0.9391264609899444
 40
0.9739135520142443
 40
1.0
 40
1.0
 40
1.0
 40
1.0
 10
70.21349742502128
 20
173.8061572109853
 30
0.0
 10
70.24671224924873
 20
173.8442907123345
 30
0.0
 10
70.31556321870034
 20
173.9233376017142
 30
0.0
 10
70.41078555595324
 20
174.0555383863153
 30
0.0
 10
70.50811775437255
 20
174.200115812023
 30
0.0
 10
70.60229680660895
 20
174.3606606307218
 30
0.0
 10
70.6978524610068
 20
174.5347129792582
 30
0.0
 10
70.7924889771597
 20
174.7232866582817
 30
0.0
 10
70.88677081163822
 20
174.9263128790018
 30
0.0
 10
70.97533225388866
 20
175.1396577187658
 30
0.0
 10
71.06269263138035
 20
175.3482726537147
 30
0.0
 10
71.14229397835424
 20
175.5422842256025
 30
0.0
 10
71.21534727219135
 20
175.713977238682
 30
0.0
 10
71.28024600830771
 20
175.8646733773469
 30
0.0
 10
71.33698707924982
 20
175.9941701774352
 30
0.0
 10
71.3842924312851
 20
176.1032784373487
 30
0.0
 10
71.42589230638759
 20
176.1896154776406
 30
0.0
 10
71.45060806211066
 20
176.2399919280192
 30
0.0
 10
71.46119963090362
 20
176.261580005103
 30
0.0
  0
SPLINE
  5
51C
330
1F
100
AcDbEntity
  8
0
  6
Continuous
 62
     7
370
    25
100
AcDbSpline
210
0.0
220
0.0
230
1.0
 70
     8
 71
     3
 72
    15
 73
    11
 74
     0
 42
0.00000001
 43
0.0000000001
 40
0.0
 40
0.0
 40
0.0
 40
0.0
 40
0.122603487510547
 40
0.2428724065781021
 40
0.3638464268076562
 40
0.486330871965005
 40
0.610803657219507
 40
0.7365349309416867
 40
0.866208347886128
 40
1.0
 40
1.0
 40
1.0
 40
1.0
 10
68.57562977796243
 20
173.0465064756912
 30
0.0
 10
68.65159918594045
 20
173.0489441563873
 30
0.0
 10
68.80209142165566
 20
173.0537731004015
 30
0.0
 10
69.02503544610299
 20
173.0909602192522
 30
0.0
 10
69.24242398926536
 20
173.1516238689177
 30
0.0
 10
69.45394313239262
 20
173.2377776090718
 30
0.0
 10
69.65770208431312
 20
173.3470562089907
 30
0.0
 10
69.85385476179061
 20
173.4776325074222
 30
0.0
 10
70.04040494449963
 20
173.6311149013955
 30
0.0
 10
70.15520179979147
 20
173.7472049049784
 30
0.0
 10
70.21349742502128
 20
173.8061572109853
 30
0.0
  0
SPLINE
  5
51D
330
1F
100
AcDbEntity
  8
0
  6
Continuous
 62
     7
370
    25
100
AcDbSpline
210
0.0
220
0.0
230
1.0
 70
     8
 71
     3
 72
    15
 73
    11
 74
     0
 42
0.00000001
 43
0.0000000001
 40
0.0
 40
0.0
 40
0.0
 40
0.0
 40
0.0796603219842993
 40
0.1671472990242732
 40
0.2703098479856166
 40
0.3940211920002348
 40
0.5327730586494752
 40
0.6786590617690873
 40
0.8337161602811066
 40
1.0
 40
1.0
 40
1.0
 40
1.0
 10
67.50991286619776
 20
173.5786755933383
 30
0.0
 10
67.51393609977506
 20
173.5443710475636
 30
0.0
 10
67.52237785106408
 20
173.4723915221529
 30
0.0
 10
67.58751967291916
 20
173.3721506709697
 30
0.0
 10
67.68971801977556
 20
173.2834585524725
 30
0.0
 10
67.82391505877907
 20
173.2009951879157
 30
0.0
 10
67.98584089233647
 20
173.1328753961598
 30
0.0
 10
68.16777404171374
 20
173.0818478967842
 30
0.0
 10
68.36641676243373
 20
173.0512499939936
 30
0.0
 10
68.50428651339831
 20
173.048124052305
 30
0.0
 10
68.57562977796243
 20
173.0465064756912
 30
0.0
  0
SPLINE
  5
51E
330
1F
100
AcDbEntity
  8
0
  6
Continuous
 62
     7
370
    25
100
AcDbSpline
210
0.0
220
0.0
230
1.0
 70
     8
 71
     3
 72
    15
 73
    11
 74
     0
 42
0.00000001
 43
0.0000000001
 40
0.0
 40
0.0
 40
0.0
 40
0.0
 40
0.1816019837971745
 40
0.341812970215658
 40
0.4827211058015094
 40
0.6032382842490699
 40
0.7106178301683181
 40
0.8073895459749536
 40
0.9015676378329718
 40
1.0
 40
1.0
 40
1.0
 40
1.0
 10
68.01175110149187
 20
173.8888777992206
 30
0.0
 10
67.97261405679758
 20
173.8849026285997
 30
0.0
 10
67.89894994139146
 20
173.8774205248879
 30
0.0
 10
67.79603758796508
 20
173.8575418873499
 30
0.0
 10
67.70921072149068
 20
173.8286233874767
 30
0.0
 10
67.63653274288666
 20
173.7947520390541
 30
0.0
 10
67.57983024043217
 20
173.7519250405776
 30
0.0
 10
67.53960061612566
 20
173.7005664586496
 30
0.0
 10
67.51457106735457
 20
173.6419002049158
 30
0.0
 10
67.51148829674545
 20
173.6000585223042
 30
0.0
 10
67.50991286619776
 20
173.5786755933383
 30
0.0
  0
SPLINE
  5
51F
330
1F
100
AcDbEntity
  8
0
  6
Continuous
 62
     7
370
    25
100
AcDbSpline
210
0.0
220
0.0
230
1.0
 70
     8
 71
     3
 72
     9
 73
     5
 74
     0
 42
0.00000001
 43
0.0000000001
 40
0.0
 40
0.0
 40
0.0
 40
0.0
 40
0.4421681684996674
 40
1.0
 40
1.0
 40
1.0
 40
1.0
 10
68.06827683678597
 20
173.894392505103
 30
0.0
 10
68.06002825433852
 20
173.8927895598564
 30
0.0
 10
68.04137340074415
 20
173.8891643661839
 30
0.0
 10
68.02235831923579
 20
173.888980413746
 30
0.0
 10
68.01175110149187
 20
173.8888777992206
 30
0.0
  0
SPLINE
  5
520
330
1F
100
AcDbEntity
  8
0
  6
Continuous
 62
     7
370
    25
100
AcDbSpline
210
0.0
220
0.0
230
1.0
 70
     8
 71
     3
 72
    15
 73
    11
 74
     0
 42
0.00000001
 43
0.0000000001
 40
0.0
 40
0.0
 40
0.0
 40
0.0
 40
0.1462996953153119
 40
0.2858994929407944
 40
0.4180876474164354
 40
0.5479919016234931
 40
0.6709804494479443
 40
0.7832376644027347
 40
0.8903701461536666
 40
1.0
 40
1.0
 40
1.0
 40
1.0
 10
68.38399374855066
 20
174.3479770639265
 30
0.0
 10
68.38293761628996
 20
174.3184999509648
 30
0.0
 10
68.38087371809002
 20
174.2608956502113
 30
0.0
 10
68.36475230604323
 20
174.1777523286357
 30
0.0
 10
68.33508078252171
 20
174.1020306295911
 30
0.0
 10
68.29549243528015
 20
174.0350576562203
 30
0.0
 10
68.24821061262536
 20
173.9779131483127
 30
0.0
 10
68.19283586998046
 20
173.9363557698929
 30
0.0
 10
68.1337333722424
 20
173.9044262147752
 30
0.0
 10
68.09026262764575
 20
173.8977626657884
 30
0.0
 10
68.06827683678595
 20
173.894392505103
 30
0.0
  0
SPLINE
  5
521
330
1F
100
AcDbEntity
  8
0
  6
Continuous
 62
     7
370
    25
100
AcDbSpline
210
0.0
220
0.0
230
1.0
 70
     8
 71
     3
 72
    15
 73
    11
 74
     0
 42
0.00000001
 43
0.0000000001
 40
0.0
 40
0.0
 40
0.0
 40
0.0
 40
0.1395609182691263
 40
0.2702937654992688
 40
0.3948022562655406
 40
0.5209448516160923
 40
0.6443141968684313
 40
0.7597173328695563
 40
0.8778312044660797
 40
1.0
 40
1.0
 40
1.0
 40
1.0
 10
67.85733933678597
 20
174.8112123580441
 30
0.0
 10
67.89378980899666
 20
174.8097291391152
 30
0.0
 10
67.96438504088706
 20
174.8068565238132
 30
0.0
 10
68.06511072073059
 20
174.7817183628153
 30
0.0
 10
68.15569636580343
 20
174.7392203344274
 30
0.0
 10
68.23513869889237
 20
174.6815862475774
 30
0.0
 10
68.30114707640603
 20
174.6121971913918
 30
0.0
 10
68.35062220513986
 20
174.532378495591
 30
0.0
 10
68.37824656960051
 20
174.4425770042373
 30
0.0
 10
68.38205659005526
 20
174.3798631561508
 30
0.0
 10
68.38399374855066
 20
174.3479770639265
 30
0.0
  0
SPLINE
  5
522
330
1F
100
AcDbEntity
  8
0
  6
Continuous
 62
     7
370
    25
100
AcDbSpline
210
0.0
220
0.0
230
1.0
 70
     8
 71
     3
 72
    15
 73
    11
 74
     0
 42
0.00000001
 43
0.0000000001
 40
0.0
 40
0.0
 40
0.0
 40
0.0
 40
0.1346437735738105
 40
0.2618019942281009
 40
0.3861493175606112
 40
0.513775188807105
 40
0.6390408209368546
 40
0.7583537703871684
 40
0.8769369118321943
 40
1.0
 40
1.0
 40
1.0
 40
1.0
 10
67.06873639560946
 20
173.9564329462794
 30
0.0
 10
67.07087851807796
 20
174.0146886326554
 30
0.0
 10
67.07504367120195
 20
174.1279612665363
 30
0.0
 10
67.12223182011766
 20
174.2891581032782
 30
0.0
 10
67.19253752231217
 20
174.4377684508184
 30
0.0
 10
67.29337575144707
 20
174.5670202945562
 30
0.0
 10
67.41361437236196
 20
174.6749009889486
 30
0.0
 10
67.55008048872375
 20
174.7537811244878
 30
0.0
 10
67.69957537999786
 20
174.8034233538894
 30
0.0
 10
67.80410538092747
 20
174.8085841309649
 30
0.0
 10
67.85733933678597
 20
174.8112123580441
 30
0.0
  0
SPLINE
  5
523
330
1F
100
AcDbEntity
  8
0
  6
Continuous
 62
     7
370
    25
100
AcDbSpline
210
0.0
220
0.0
230
1.0
 70
     8
 71
     3
 72
    23
 73
    19
 74
     0
 42
0.00000001
 43
0.0000000001
 40
0.0
 40
0.0
 40
0.0
 40
0.0
 40
0.0870659267398437
 40
0.16882552529059
 40
0.2460761331936653
 40
0.3190544556992054
 40
0.388196255202639
 40
0.453142815910338
 40
0.5148859980437272
 40
0.5736608593344675
 40
0.6298168017979284
 40
0.6836285975525468
 40
0.7354301170758331
 40
0.7869588898574533
 40
0.8374377866591958
 40
0.889402267078487
 40
0.9435204471689683
 40
1.0
 40
1.0
 40
1.0
 40
1.0
 10
68.74796433678596
 20
172.8700358874559
 30
0.0
 10
68.68267840051622
 20
172.8706437418061
 30
0.0
 10
68.55608545081089
 20
172.8718224041579
 30
0.0
 10
68.37203647408172
 20
172.8862136031098
 30
0.0
 10
68.19943059632527
 20
172.9079557865235
 30
0.0
 10
68.03754830763239
 20
172.9376898815633
 30
0.0
 10
67.88735050190997
 20
172.9775726737623
 30
0.0
 10
67.74862765877195
 20
173.025998524145
 30
0.0
 10
67.62107411866617
 20
173.0818487069255
 30
0.0
 10
67.50612533728636
 20
173.1482712281423
 30
0.0
 10
67.40394644984426
 20
173.2231086931573
 30
0.0
 10
67.31291627381627
 20
173.3038009095461
 30
0.0
 10
67.23799147810467
 20
173.3952105025272
 30
0.0
 10
67.17549946990658
 20
173.4925061560948
 30
0.0
 10
67.12819632972527
 20
173.5982220672156
 30
0.0
 10
67.09346750447508
 20
173.7105938529738
 30
0.0
 10
67.07250922317365
 20
173.8311160109455
 30
0.0
 10
67.07001177911107
 20
173.9140702490526
 30
0.0
 10
67.06873639560946
 20
173.9564329462794
 30
0.0
  0
SPLINE
  5
524
330
1F
100
AcDbEntity
  8
0
  6
Continuous
 62
     7
370
    25
100
AcDbSpline
210
0.0
220
0.0
230
1.0
 70
     8
 71
     3
 72
    23
 73
    19
 74
     0
 42
0.00000001
 43
0.0000000001
 40
0.0
 40
0.0
 40
0.0
 40
0.0
 40
0.0686194057700606
 40
0.1349379646059577
 40
0.1990637642740922
 40
0.2612807602826535
 40
0.322390990549879
 40
0.3826309111627016
 40
0.4425044691731009
 40
0.5023130260705519
 40
0.5621432578521985
 40
0.6217095725762859
 40
0.6816441280215655
 40
0.7420462354589712
 40
0.8036584693461904
 40
0.8669939094009945
 40
0.9324051491660821
 40
1.0
 40
1.0
 40
1.0
 40
1.0
 10
72.28289080737417
 20
175.6825358874559
 30
0.0
 10
72.2546357360489
 20
175.5736033568251
 30
0.0
 10
72.19907300169346
 20
175.3593908640509
 30
0.0
 10
72.08944482622126
 20
175.0515367892505
 30
0.0
 10
71.96119556257002
 20
174.7625994046514
 30
0.0
 10
71.81464025632158
 20
174.492089135919
 30
0.0
 10
71.64907355304904
 20
174.2403226386939
 30
0.0
 10
71.46368477300047
 20
174.0076110367415
 30
0.0
 10
71.25884915177471
 20
173.7947987244626
 30
0.0
 10
71.03651067787303
 20
173.6014291175825
 30
0.0
 10
70.79820431020225
 20
173.4288768564043
 30
0.0
 10
70.54445104038283
 20
173.2796095627009
 30
0.0
 10
70.2779460916397
 20
173.1524228230826
 30
0.0
 10
69.99791325682153
 20
173.0484585817111
 30
0.0
 10
69.70426662148874
 20
172.9688943421906
 30
0.0
 10
69.39734458953502
 20
172.9110054891073
 30
0.0
 10
69.07691264070752
 20
172.8758451669979
 30
0.0
 10
68.85880734368723
 20
172.8719933926465
 30
0.0
 10
68.74796433678596
 20
172.8700358874559
 30
0.0
  0
SPLINE
  5
525
330
1F
100
AcDbEntity
  8
0
  6
Continuous
 62
     7
370
    25
100
AcDbSpline
210
0.0
220
0.0
230
1.0
 70
     8
 71
     3
 72
    15
 73
    11
 74
     0
 42
0.00000001
 43
0.0000000001
 40
0.0
 40
0.0
 40
0.0
 40
0.0
 40
0.1281153414473785
 40
0.2497503833649045
 40
0.3749810732804029
 40
0.5047021767006647
 40
0.63282975866223
 40
0.754966602745866
 40
0.8754096235875017
 40
1.0
 40
1.0
 40
1.0
 40
1.0
 10
44.48050110149186
 20
176.9908998580441
 30
0.0
 10
44.47850701671946
 20
176.9576552263668
 30
0.0
 10
44.47461971149336
 20
176.8928475350127
 30
0.0
 10
44.44785176118675
 20
176.7982208288418
 30
0.0
 10
44.39927240005125
 20
176.7127042400117
 30
0.0
 10
44.33695710164066
 20
176.634685040261
 30
0.0
 10
44.26154083310446
 20
176.5702190568197
 30
0.0
 10
44.17769397128387
 20
176.5219045876488
 30
0.0
 10
44.08570739468567
 20
176.4932971184871
 30
0.0
 10
44.02205642871817
 20
176.4895753349147
 30
0.0
 10
43.98969227796236
 20
176.4876829462795
 30
0.0
  0
SPLINE
  5
526
330
1F
100
AcDbEntity
  8
0
  6
Continuous
 62
     7
370
    25
100
AcDbSpline
210
0.0
220
0.0
230
1.0
 70
     8
 71
     3
 72
    15
 73
    11
 74
     0
 42
0.00000001
 43
0.0000000001
 40
0.0
 40
0.0
 40
0.0
 40
0.0
 40
0.1339973738315218
 40
0.2601751127345727
 40
0.3796008772707276
 40
0.4989600784401267
 40
0.618673856554549
 40
0.7380996210906923
 40
0.8637092258727466
 40
1.0
 40
1.0
 40
1.0
 40
1.0
 10
44.10687977796245
 20
177.3700358874559
 30
0.0
 10
44.13363289199537
 20
177.3686444431029
 30
0.0
 10
44.18557789853176
 20
177.3659427543977
 30
0.0
 10
44.25973800997247
 20
177.3470448654213
 30
0.0
 10
44.32459619449646
 20
177.312730261905
 30
0.0
 10
44.38064682099507
 20
177.2671921765191
 30
0.0
 10
44.42398964881395
 20
177.209737996019
 30
0.0
 10
44.45939817654776
 20
177.1454325223829
 30
0.0
 10
44.47602200646535
 20
177.070270110822
 30
0.0
 10
44.47896802039775
 20
177.0180662908272
 30
0.0
 10
44.48050110149186
 20
176.9908998580441
 30
0.0
  0
SPLINE
  5
527
330
1F
100
AcDbEntity
  8
0
  6
Continuous
 62
     7
370
    25
100
AcDbSpline
210
0.0
220
0.0
230
1.0
 70
     8
 71
     3
 72
    15
 73
    11
 74
     0
 42
0.00000001
 43
0.0000000001
 40
0.0
 40
0.0
 40
0.0
 40
0.0
 40
0.1192416832396178
 40
0.2390338971292399
 40
0.3619884206247659
 40
0.4962006240815511
 40
0.6308323873777179
 40
0.7568574720298122
 40
0.8772367462964536
 40
1.0
 40
1.0
 40
1.0
 40
1.0
 10
43.59814816031536
 20
176.8764697109853
 30
0.0
 10
43.59985363896138
 20
176.9075345273637
 30
0.0
 10
43.60327247033096
 20
176.9698075842411
 30
0.0
 10
43.63604347124677
 20
177.0591035752298
 30
0.0
 10
43.68529887103656
 20
177.1441398489789
 30
0.0
 10
43.75352569999407
 20
177.2205045722685
 30
0.0
 10
43.83327638049566
 20
177.2854373563298
 30
0.0
 10
43.91924450564276
 20
177.3355216278226
 30
0.0
 10
44.01180662753437
 20
177.3642742760844
 30
0.0
 10
44.07498225168386
 20
177.3681028374907
 30
0.0
 10
44.10687977796245
 20
177.3700358874559
 30
0.0
  0
SPLINE
  5
528
330
1F
100
AcDbEntity
  8
0
  6
Continuous
 62
     7
370
    25
100
AcDbSpline
210
0.0
220
0.0
230
1.0
 70
     8
 71
     3
 72
    15
 73
    11
 74
     0
 42
0.00000001
 43
0.0000000001
 40
0.0
 40
0.0
 40
0.0
 40
0.0
 40
0.1413318719505782
 40
0.268415996158814
 40
0.3875875533361736
 40
0.5020920227608419
 40
0.6165964921855038
 40
0.7337788119819519
 40
0.8608629361901927
 40
1.0
 40
1.0
 40
1.0
 40
1.0
 10
43.98969227796236
 20
176.4876829462795
 30
0.0
 10
43.96015600919047
 20
176.488936596704
 30
0.0
 10
43.90406103998206
 20
176.4913175163288
 30
0.0
 10
43.82500635224626
 20
176.5110702346113
 30
0.0
 10
43.75614673214117
 20
176.5426812841542
 30
0.0
 10
43.69793816018587
 20
176.5874959250994
 30
0.0
 10
43.65355890102946
 20
176.6454123344161
 30
0.0
 10
43.62119999908877
 20
176.7134619539586
 30
0.0
 10
43.60196433463717
 20
176.7917993060214
 30
0.0
 10
43.59945804185275
 20
176.8474070448495
 30
0.0
 10
43.59814816031536
 20
176.8764697109853
 30
0.0
  0
SPLINE
  5
529
330
1F
100
AcDbEntity
  8
0
  6
Continuous
 62
     7
370
    25
100
AcDbSpline
210
0.0
220
0.0
230
1.0
 70
     8
 71
     3
 72
    14
 73
    10
 74
     0
 42
0.00000001
 43
0.0000000001
 40
0.0
 40
0.0
 40
0.0
 40
0.0
 40
0.0002063166524392
 40
0.0002063166524392
 40
0.0002063166524392
 40
0.0004126425846592
 40
0.0004126425846592
 40
0.0004126425846592
 40
0.0008252345293629
 40
0.0008252345293629
 40
0.0008252345293629
 40
0.0008252345293629
 10
86.26267021913893
 20
173.9385101521618
 30
0.0
 10
86.31359685695972
 20
173.9847280648943
 30
0.0
 10
86.36452896771544
 20
174.0309405587498
 30
0.0
 10
86.41526198436777
 20
174.0773709250894
 30
0.0
 10
86.46599621976358
 20
174.1238024068113
 30
0.0
 10
86.51646900375075
 20
174.1705241958347
 30
0.0
 10
86.56647709527247
 20
174.2177368627625
 30
0.0
 10
86.6664812121661
 20
174.3121508049595
 30
0.0
 10
86.765638831678
 20
174.4074573918412
 30
0.0
 10
86.86515183678599
 20
174.5023888286324
 30
0.0
  0
SPLINE
  5
52A
330
1F
100
AcDbEntity
  8
0
  6
Continuous
 62
     7
370
    25
100
AcDbSpline
210
0.0
220
0.0
230
1.0
 70
     8
 71
     3
 72
    15
 73
    11
 74
     0
 42
0.00000001
 43
0.0000000001
 40
0.0
 40
0.0
 40
0.0
 40
0.0
 40
0.0752881286853589
 40
0.1643599886530138
 40
0.2675880999460533
 40
0.3846149179470552
 40
0.5162900352286466
 40
0.663209142563844
 40
0.8241997671875427
 40
1.0
 40
1.0
 40
1.0
 40
1.0
 10
87.98050110149187
 20
175.41093662275
 30
0.0
 10
87.9485039563425
 20
175.3939636094959
 30
0.0
 10
87.87865163691966
 20
175.3569101680758
 30
0.0
 10
87.77162200534919
 20
175.2851738951465
 30
0.0
 10
87.65203227049779
 20
175.1967408206864
 30
0.0
 10
87.51978164223267
 20
175.0911335190997
 30
0.0
 10
87.37292001662572
 20
174.9701920265626
 30
0.0
 10
87.21552520447103
 20
174.8290587089444
 30
0.0
 10
87.04431023865138
 20
174.6716517339015
 30
0.0
 10
86.92659669869913
 20
174.5604398925679
 30
0.0
 10
86.86515183678599
 20
174.5023888286324
 30
0.0
  0
SPLINE
  5
52B
330
1F
100
AcDbEntity
  8
0
  6
Continuous
 62
     7
370
    25
100
AcDbSpline
210
0.0
220
0.0
230
1.0
 70
     8
 71
     3
 72
    14
 73
    10
 74
     0
 42
0.00000001
 43
0.0000000001
 40
0.0
 40
0.0
 40
0.0
 40
0.0
 40
0.0000083377362396
 40
0.0000083377362396
 40
0.0000083377362396
 40
0.0000166758045749
 40
0.0000166758045749
 40
0.0000166758045749
 40
0.0000333484970273
 40
0.0000333484970273
 40
0.0000333484970273
 40
0.0000333484970273
 10
87.98050110149185
 20
175.41093662275
 30
0.0
 10
87.97773762019872
 20
175.4112322174205
 30
0.0
 10
87.97497411114468
 20
175.4115278144223
 30
0.0
 10
87.97221229210236
 20
175.4118385565088
 30
0.0
 10
87.96945041113866
 20
175.4121493055623
 30
0.0
 10
87.9666904963741
 20
175.4124782529364
 30
0.0
 10
87.96393331966351
 20
175.4128282929605
 30
0.0
 10
87.95842016925663
 20
175.4135282202788
 30
0.0
 10
87.95291636025359
 20
175.4143004612286
 30
0.0
 10
87.94741286619776
 20
175.4150726521618
 30
0.0
  0
SPLINE
  5
52C
330
1F
100
AcDbEntity
  8
0
  6
Continuous
 62
     7
370
    25
100
AcDbSpline
210
0.0
220
0.0
230
1.0
 70
     8
 71
     3
 72
     9
 73
     5
 74
     0
 42
0.00000001
 43
0.0000000001
 40
0.0
 40
0.0
 40
0.0
 40
0.0
 40
0.3412629127160035
 40
1.0
 40
1.0
 40
1.0
 40
1.0
 10
87.87158566031541
 20
175.4288594168677
 30
0.0
 10
87.88034472111531
 20
175.428108456723
 30
0.0
 10
87.90601132734044
 20
175.4259079241812
 30
0.0
 10
87.93097100249012
 20
175.4193756822108
 30
0.0
 10
87.94741286619776
 20
175.4150726521618
 30
0.0
  0
SPLINE
  5
52D
330
1F
100
AcDbEntity
  8
0
  6
Continuous
 62
     7
370
    25
100
AcDbSpline
210
0.0
220
0.0
230
1.0
 70
     8
 71
     3
 72
    18
 73
    14
 74
     0
 42
0.00000001
 43
0.0000000001
 40
0.0
 40
0.0
 40
0.0
 40
0.0
 40
0.0624999999999944
 40
0.0624999999999944
 40
0.1249999999999889
 40
0.1249999999999889
 40
0.2499999999999984
 40
0.2499999999999984
 40
0.499999999999999
 40
0.499999999999999
 40
0.7499999999999996
 40
0.7499999999999996
 40
1.0
 40
1.0
 40
1.0
 40
1.0
 10
87.87158566031541
 20
175.4288594168677
 30
0.0
 10
87.83515256541331
 20
175.4235175403785
 30
0.0
 10
87.79902303791933
 20
175.4173626882754
 30
0.0
 10
87.73190633676419
 20
175.3912813862235
 30
0.0
 10
87.70007508237561
 20
175.3736154458983
 30
0.0
 10
87.60505604263682
 20
175.3193462810327
 30
0.0
 10
87.54404788237925
 20
175.2793684121178
 30
0.0
 10
87.36616445445978
 20
175.1529106986403
 30
0.0
 10
87.2527966785338
 20
175.0610637557858
 30
0.0
 10
87.03085296492211
 20
174.8724671311206
 30
0.0
 10
86.92001338227989
 20
174.7779722520239
 30
0.0
 10
86.70328419930818
 20
174.5834331755798
 30
0.0
 10
86.59518424867099
 20
174.4858687484013
 30
0.0
 10
86.48739448384482
 20
174.3879586815736
 30
0.0
  0
SPLINE
  5
52E
330
1F
100
AcDbEntity
  8
0
  6
Continuous
 62
     7
370
    25
100
AcDbSpline
210
0.0
220
0.0
230
1.0
 70
     8
 71
     3
 72
    14
 73
    10
 74
     0
 42
0.00000001
 43
0.0000000001
 40
0.0
 40
0.0
 40
0.0
 40
0.0
 40
0.0000514529668204
 40
0.0000514529668204
 40
0.0000514529668204
 40
0.0001029059831195
 40
0.0001029059831195
 40
0.0001029059831195
 40
0.0002058114998096
 40
0.0002058114998096
 40
0.0002058114998096
 40
0.0002058114998096
 10
86.48739448384482
 20
174.3879586815736
 30
0.0
 10
86.47483833981629
 20
174.3762753743038
 30
0.0
 10
86.46228219293069
 20
174.3645920643962
 30
0.0
 10
86.44973568870375
 20
174.3528984057168
 30
0.0
 10
86.43718917773318
 20
174.3412047407522
 30
0.0
 10
86.42465379107218
 20
174.3294991190035
 30
0.0
 10
86.4121338068306
 20
174.3177770572211
 30
0.0
 10
86.3870939736261
 20
174.2943330603132
 30
0.0
 10
86.3621063405103
 20
174.2708333514859
 30
0.0
 10
86.3371187485507
 20
174.2473336815736
 30
0.0
  0
SPLINE
  5
52F
330
1F
100
AcDbEntity
  8
0
  6
Continuous
 62
     7
370
    25
100
AcDbSpline
210
0.0
220
0.0
230
1.0
 70
     8
 71
     3
 72
    15
 73
    11
 74
     0
 42
0.00000001
 43
0.0000000001
 40
0.0
 40
0.0
 40
0.0
 40
0.0
 40
0.088122599136302
 40
0.184680705194746
 40
0.2905503331243416
 40
0.4087691473025067
 40
0.5379201031179793
 40
0.6790351366476174
 40
0.8331836417005535
 40
1.0
 40
1.0
 40
1.0
 40
1.0
 10
85.27415918972714
 20
173.5938410345147
 30
0.0
 10
85.3106569360759
 20
173.6008657435957
 30
0.0
 10
85.38714616358133
 20
173.6155875997322
 30
0.0
 10
85.50349093253126
 20
173.6550794120363
 30
0.0
 10
85.62576857978443
 20
173.7130567043996
 30
0.0
 10
85.75445644306219
 20
173.7881097299103
 30
0.0
 10
85.89136914185814
 20
173.8780004330726
 30
0.0
 10
86.03502263017842
 20
173.984715707606
 30
0.0
 10
86.18500349897713
 20
174.109049612218
 30
0.0
 10
86.28509683616602
 20
174.2000418961649
 30
0.0
 10
86.3371187485507
 20
174.2473336815736
 30
0.0
  0
SPLINE
  5
530
330
1F
100
AcDbEntity
  8
0
  6
Continuous
 62
     7
370
    25
100
AcDbSpline
210
0.0
220
0.0
230
1.0
 70
     8
 71
     3
 72
    15
 73
    11
 74
     0
 42
0.00000001
 43
0.0000000001
 40
0.0
 40
0.0
 40
0.0
 40
0.0
 40
0.0987338666938438
 40
0.1987402563013458
 40
0.3024827512630788
 40
0.4122309716160057
 40
0.5327171792450701
 40
0.670142165050198
 40
0.8259194548437241
 40
1.0
 40
1.0
 40
1.0
 40
1.0
 10
86.12755992502128
 20
175.0511020639265
 30
0.0
 10
86.12519677844646
 20
174.9939013826573
 30
0.0
 10
86.12044002808634
 20
174.8787627940787
 30
0.0
 10
86.08040164053326
 20
174.7075065114436
 30
0.0
 10
86.01994590463975
 20
174.5360636710881
 30
0.0
 10
85.93011253121844
 20
174.3643106350696
 30
0.0
 10
85.81300552464227
 20
174.18635206259
 30
0.0
 10
85.66343764339839
 20
173.9991353979506
 30
0.0
 10
85.48279691398448
 20
173.7976890619414
 30
0.0
 10
85.34623103464445
 20
173.6642583258828
 30
0.0
 10
85.27415918972714
 20
173.5938410345147
 30
0.0
  0
SPLINE
  5
531
330
1F
100
AcDbEntity
  8
0
  6
Continuous
 62
     7
370
    25
100
AcDbSpline
210
0.0
220
0.0
230
1.0
 70
     8
 71
     3
 72
    15
 73
    11
 74
     0
 42
0.00000001
 43
0.0000000001
 40
0.0
 40
0.0
 40
0.0
 40
0.0
 40
0.1440524067841898
 40
0.2737523732292171
 40
0.3922435983011638
 40
0.5071972411469945
 40
0.621004334854667
 40
0.7371294926364353
 40
0.862089231457417
 40
1.0
 40
1.0
 40
1.0
 40
1.0
 10
85.27553786619776
 20
175.8700358874559
 30
0.0
 10
85.34010224677063
 20
175.8675813927368
 30
0.0
 10
85.4627982350048
 20
175.8629169531108
 30
0.0
 10
85.6350914646466
 20
175.8229959567518
 30
0.0
 10
85.78450288007577
 20
175.756098895701
 30
0.0
 10
85.90966406091375
 20
175.6612043915587
 30
0.0
 10
86.00719886051921
 20
175.5397904306907
 30
0.0
 10
86.07957181419211
 20
175.397013976335
 30
0.0
 10
86.12056086565273
 20
175.2307202134501
 30
0.0
 10
86.12515151496166
 20
175.1129095348194
 30
0.0
 10
86.12755992502128
 20
175.0511020639265
 30
0.0
  0
SPLINE
  5
532
330
1F
100
AcDbEntity
  8
0
  6
Continuous
 62
     7
370
    25
100
AcDbSpline
210
0.0
220
0.0
230
1.0
 70
     8
 71
     3
 72
    15
 73
    11
 74
     0
 42
0.00000001
 43
0.0000000001
 40
0.0
 40
0.0
 40
0.0
 40
0.0
 40
0.1381638008059086
 40
0.2739424345063211
 40
0.4073377247150474
 40
0.539337571541795
 40
0.6668504625056712
 40
0.7847423161046951
 40
0.8958278413962489
 40
1.0
 40
1.0
 40
1.0
 40
1.0
 10
83.89961874855069
 20
175.3378667698089
 30
0.0
 10
83.95548381383493
 20
175.3783943518033
 30
0.0
 10
84.06624952741946
 20
175.4587498748234
 30
0.0
 10
84.2425381489617
 20
175.5606007240632
 30
0.0
 10
84.4203661634337
 20
175.6529268910563
 30
0.0
 10
84.60128343382242
 20
175.7291593876361
 30
0.0
 10
84.77940679174393
 20
175.79115444439
 30
0.0
 10
84.95186364690045
 20
175.8353899593393
 30
0.0
 10
85.11593055727404
 20
175.8655091759531
 30
0.0
 10
85.22348688132593
 20
175.8685596405751
 30
0.0
 10
85.27553786619776
 20
175.8700358874559
 30
0.0
  0
SPLINE
  5
533
330
1F
100
AcDbEntity
  8
0
  6
Continuous
 62
     7
370
    25
100
AcDbSpline
210
0.0
220
0.0
230
1.0
 70
     8
 71
     3
 72
    11
 73
     7
 74
     0
 42
0.00000001
 43
0.0000000001
 40
0.5358751364801893
 40
0.5358751364801893
 40
0.5358751364801893
 40
0.5358751364801893
 40
0.5821570291992899
 40
0.7170935640103778
 40
0.8558400606383674
 40
1.0
 40
1.0
 40
1.0
 40
1.0
 10
83.29401754265562
 20
174.7299797152347
 30
0.0
 10
83.31073554314604
 20
174.7532227081313
 30
0.0
 10
83.3778095246545
 20
174.843063930777
 30
0.0
 10
83.50692540853208
 20
174.9933515425947
 30
0.0
 10
83.69241202905406
 20
175.1739085880644
 30
0.0
 10
83.82967433278302
 20
175.2825212710707
 30
0.0
 10
83.89961874855069
 20
175.3378667698089
 30
0.0
  0
SPLINE
  5
534
330
1F
100
AcDbEntity
  8
0
  6
Continuous
 62
     7
370
    25
100
AcDbSpline
210
0.0
220
0.0
230
1.0
 70
     8
 71
     3
 72
    11
 73
     7
 74
     0
 42
0.00000001
 43
0.0000000001
 40
0.0
 40
0.0
 40
0.0
 40
0.0
 40
0.1084700179044256
 40
0.2105651334688799
 40
0.3063270428536123
 40
0.3445457276009742
 40
0.3445457276009742
 40
0.3445457276009742
 40
0.3445457276009742
 10
82.8311444838448
 20
174.2997233874559
 30
0.0
 10
82.87941408097859
 20
174.3452022944368
 30
0.0
 10
82.97311641789455
 20
174.4334872629788
 30
0.0
 10
83.10917135292966
 20
174.5622093712319
 30
0.0
 10
83.21586257905023
 20
174.6594331347179
 30
0.0
 10
83.27665134810104
 20
174.7143447672074
 30
0.0
 10
83.29401754265525
 20
174.7299797152344
 30
0.0
  0
SPLINE
  5
535
330
1F
100
AcDbEntity
  8
0
  6
Continuous
 62
     7
370
    25
100
AcDbSpline
210
0.0
220
0.0
230
1.0
 70
     8
 71
     3
 72
    11
 73
     7
 74
     0
 42
0.00000001
 43
0.0000000001
 40
0.0
 40
0.0
 40
0.0
 40
0.0
 40
0.1964928862408879
 40
0.4290893189661888
 40
0.6964911741486544
 40
1.0
 40
1.0
 40
1.0
 40
1.0
 10
82.30173271913889
 20
173.7978851521618
 30
0.0
 10
82.33619235155449
 20
173.8309808555831
 30
0.0
 10
82.41144321934886
 20
173.9032532574672
 30
0.0
 10
82.53375830667049
 20
174.0203912857669
 30
0.0
 10
82.6762761745066
 20
174.1540405764459
 30
0.0
 10
82.77739008065649
 20
174.2491572477847
 30
0.0
 10
82.83114448384479
 20
174.2997233874559
 30
0.0
  0
SPLINE
  5
536
330
1F
100
AcDbEntity
  8
0
  6
Continuous
 62
     7
370
    25
100
AcDbSpline
210
0.0
220
0.0
230
1.0
 70
     8
 71
     3
 72
    19
 73
    15
 74
     0
 42
0.00000001
 43
0.0000000001
 40
0.0
 40
0.0
 40
0.0
 40
0.0
 40
0.061079970664998
 40
0.1322812386002379
 40
0.2150535174469431
 40
0.3117112658247954
 40
0.3680008105666142
 40
0.4325765072711222
 40
0.5061882188266126
 40
0.5874393832591617
 40
0.6777961101496869
 40
0.7772962853970932
 40
0.8836750990028846
 40
1.0
 40
1.0
 40
1.0
 40
1.0
 10
81.29943492502127
 20
173.0465064756912
 30
0.0
 10
81.32542466892028
 20
173.0485354264966
 30
0.0
 10
81.3817108045624
 20
173.0529295367536
 30
0.0
 10
81.46739620128832
 20
173.0872482362975
 30
0.0
 10
81.5621788622165
 20
173.135514202758
 30
0.0
 10
81.64478489898085
 20
173.1926477311719
 30
0.0
 10
81.71730776731557
 20
173.2497987211809
 30
0.0
 10
81.78119303644768
 20
173.3021675964984
 30
0.0
 10
81.85044893868875
 20
173.364520099012
 30
0.0
 10
81.92861426606913
 20
173.4333151669092
 30
0.0
 10
82.01251043149786
 20
173.512167781423
 30
0.0
 10
82.10261445757991
 20
173.5999366134948
 30
0.0
 10
82.2001059891498
 20
173.695924986367
 30
0.0
 10
82.26686333419413
 20
173.7629013612781
 30
0.0
 10
82.30173271913889
 20
173.7978851521618
 30
0.0
  0
SPLINE
  5
537
330
1F
100
AcDbEntity
  8
0
  6
Continuous
 62
     7
370
    25
100
AcDbSpline
210
0.0
220
0.0
230
1.0
 70
     8
 71
     3
 72
    11
 73
     7
 74
     0
 42
0.00000001
 43
0.0000000001
 40
0.0
 40
0.0
 40
0.0
 40
0.0
 40
0.255469298024381
 40
0.4539882011215453
 40
0.67366551770295
 40
1.0
 40
1.0
 40
1.0
 40
1.0
 10
81.18638345443303
 20
173.1430138286324
 30
0.0
 10
81.187102802314
 20
173.1282208305533
 30
0.0
 10
81.18838113772646
 20
173.1019325577977
 30
0.0
 10
81.20600768971344
 20
173.0641485271653
 30
0.0
 10
81.24909696108694
 20
173.0479091756495
 30
0.0
 10
81.2806040848436
 20
173.0470312092455
 30
0.0
 10
81.29943492502127
 20
173.0465064756912
 30
0.0
  0
SPLINE
  5
538
330
1F
100
AcDbEntity
  8
0
  6
Continuous
 62
     7
370
    25
100
AcDbSpline
210
0.0
220
0.0
230
1.0
 70
     8
 71
     3
 72
    11
 73
     7
 74
     0
 42
0.00000001
 43
0.0000000001
 40
0.0
 40
0.0
 40
0.0
 40
0.0
 40
0.3678084621399224
 40
0.6552496308825844
 40
0.8647970424063061
 40
1.0
 40
1.0
 40
1.0
 40
1.0
 10
81.35733933678597
 20
173.5745395639265
 30
0.0
 10
81.33212227981982
 20
173.5232332878704
 30
0.0
 10
81.2871981712964
 20
173.4318313167136
 30
0.0
 10
81.23294491481622
 20
173.3091344381732
 30
0.0
 10
81.19733108142
 20
173.216939844636
 30
0.0
 10
81.18946740336076
 20
173.1638388035842
 30
0.0
 10
81.18638345443303
 20
173.1430138286324
 30
0.0
  0
SPLINE
  5
539
330
1F
100
AcDbEntity
  8
0
  6
Continuous
 62
     7
370
    25
100
AcDbSpline
210
0.0
220
0.0
230
1.0
 70
     8
 71
     3
 72
     9
 73
     5
 74
     0
 42
0.00000001
 43
0.0000000001
 40
0.0
 40
0.0
 40
0.0
 40
0.0
 40
0.436637029559258
 40
1.0
 40
1.0
 40
1.0
 40
1.0
 10
81.46074007208008
 20
173.7785836815736
 30
0.0
 10
81.44616736255093
 20
173.7486450893604
 30
0.0
 10
81.41279248011398
 20
173.680078774123
 30
0.0
 10
81.37732205873616
 20
173.6125709642337
 30
0.0
 10
81.35733933678597
 20
173.5745395639265
 30
0.0
  0
SPLINE
  5
53A
330
1F
100
AcDbEntity
  8
0
  6
Continuous
 62
     7
370
    25
100
AcDbSpline
210
0.0
220
0.0
230
1.0
 70
     8
 71
     3
 72
    19
 73
    15
 74
     0
 42
0.00000001
 43
0.0000000001
 40
0.0
 40
0.0
 40
0.0
 40
0.0
 40
0.0796389415492604
 40
0.1654149609380758
 40
0.259284439687725
 40
0.361487230548568
 40
0.4175423445507506
 40
0.4811722007537666
 40
0.5510467869103017
 40
0.6269416871699386
 40
0.7104463415491724
 40
0.8000100549343642
 40
0.8960761805506338
 40
1.0
 40
1.0
 40
1.0
 40
1.0
 10
82.24520698384479
 20
175.136580005103
 30
0.0
 10
82.24270294784467
 20
175.0941535415019
 30
0.0
 10
82.23750191165452
 20
175.0060311772063
 30
0.0
 10
82.20556401427275
 20
174.8708845079925
 30
0.0
 10
82.15216791027895
 20
174.7302193161027
 30
0.0
 10
82.09155664763203
 20
174.6100359412708
 30
0.0
 10
82.0312370469945
 20
174.5083249796225
 30
0.0
 10
81.97677858087637
 20
174.423183146986
 30
0.0
 10
81.91089714506011
 20
174.3330908470932
 30
0.0
 10
81.83982157023191
 20
174.2336805100728
 30
0.0
 10
81.75626363103186
 20
174.1305762581847
 30
0.0
 10
81.6675188454551
 20
174.0179027557993
 30
0.0
 10
81.56706421820114
 20
173.9007395644345
 30
0.0
 10
81.4970977914556
 20
173.8203550897734
 30
0.0
 10
81.46074007208008
 20
173.7785836815736
 30
0.0
  0
SPLINE
  5
53B
330
1F
100
AcDbEntity
  8
0
  6
Continuous
 62
     7
370
    25
100
AcDbSpline
210
0.0
220
0.0
230
1.0
 70
     8
 71
     3
 72
    15
 73
    11
 74
     0
 42
0.00000001
 43
0.0000000001
 40
0.0
 40
0.0
 40
0.0
 40
0.0
 40
0.124601929200608
 40
0.2415245522628321
 40
0.3561766169887531
 40
0.4753332646508553
 40
0.5979379062118441
 40
0.7226362889909734
 40
0.8553073260852752
 40
1.0
 40
1.0
 40
1.0
 40
1.0
 10
81.60963713090362
 20
175.8700358874559
 30
0.0
 10
81.65498635874525
 20
175.8679786046112
 30
0.0
 10
81.74288990903688
 20
175.8639908307368
 30
0.0
 10
81.86732746235547
 20
175.823555925129
 30
0.0
 10
81.977684637617
 20
175.7583509794845
 30
0.0
 10
82.07296955014603
 20
175.669377418959
 30
0.0
 10
82.15027782068252
 20
175.5600017287552
 30
0.0
 10
82.2060955202131
 20
175.4330169449168
 30
0.0
 10
82.23963707986182
 20
175.2899512676999
 30
0.0
 10
82.24329746575781
 20
175.1891599420013
 30
0.0
 10
82.24520698384479
 20
175.136580005103
 30
0.0
  0
SPLINE
  5
53C
330
1F
100
AcDbEntity
  8
0
  6
Continuous
 62
     7
370
    25
100
AcDbSpline
210
0.0
220
0.0
230
1.0
 70
     8
 71
     3
 72
    23
 73
    19
 74
     0
 42
0.00000001
 43
0.0000000001
 40
0.0
 40
0.0
 40
0.0
 40
0.0
 40
0.0946954393135533
 40
0.184227718474948
 40
0.2690810666212063
 40
0.3492474727557033
 40
0.4244106572921864
 40
0.4950511204472333
 40
0.5616611535697923
 40
0.6235297686362838
 40
0.6816076453996317
 40
0.7360523636861199
 40
0.7865534069386822
 40
0.8343469476298253
 40
0.8792137519994415
 40
0.9214950844967667
 40
0.9615982684354619
 40
1.0
 40
1.0
 40
1.0
 40
1.0
 10
79.79805624855067
 20
174.4375910345148
 30
0.0
 10
79.84418937162541
 20
174.4966412922045
 30
0.0
 10
79.93394026218348
 20
174.611522160052
 30
0.0
 10
80.06971156057861
 20
174.7755557812616
 30
0.0
 10
80.20003712935311
 20
174.9291598920486
 30
0.0
 10
80.32823764620792
 20
175.0695192481093
 30
0.0
 10
80.45265241653524
 20
175.1979635259439
 30
0.0
 10
80.57257667306329
 20
175.3157683421744
 30
0.0
 10
80.68925384071675
 20
175.4217255085127
 30
0.0
 10
80.80281106540372
 20
175.5161150891282
 30
0.0
 10
80.91306321306353
 20
175.5992217990514
 30
0.0
 10
81.0204941837034
 20
175.6707229671679
 30
0.0
 10
81.1244281485229
 20
175.7325970209028
 30
0.0
 10
81.22642351048948
 20
175.7821734810912
 30
0.0
 10
81.32592243867943
 20
175.821314322614
 30
0.0
 10
81.42282655986576
 20
175.8490756484784
 30
0.0
 10
81.51708528173177
 20
175.8666664724563
 30
0.0
 10
81.57923551254533
 20
175.868929095211
 30
0.0
 10
81.60963713090362
 20
175.8700358874559
 30
0.0
  0
SPLINE
  5
53D
330
1F
100
AcDbEntity
  8
0
  6
Continuous
 62
     7
370
    25
100
AcDbSpline
210
0.0
220
0.0
230
1.0
 70
     8
 71
     3
 72
    15
 73
    11
 74
     0
 42
0.00000001
 43
0.0000000001
 40
0.0
 40
0.0
 40
0.0
 40
0.0
 40
0.0606844413991177
 40
0.1326831105301299
 40
0.2179258284732934
 40
0.3149400460363009
 40
0.4348309615005664
 40
0.5881994881638521
 40
0.7772294344914359
 40
1.0
 40
1.0
 40
1.0
 40
1.0
 10
80.03932463090363
 20
175.1931057403971
 30
0.0
 10
80.03880052837947
 20
175.1769796556696
 30
0.0
 10
80.03765460775227
 20
175.1417208803891
 30
0.0
 10
80.02646773862094
 20
175.0847881445838
 30
0.0
 10
80.01163393413596
 20
175.0189674259524
 30
0.0
 10
79.98968917511671
 20
174.9417721970037
 30
0.0
 10
79.96040938503291
 20
174.8478918752713
 30
0.0
 10
79.91561045350955
 20
174.7335711844947
 30
0.0
 10
79.86342089324654
 20
174.5928922302669
 30
0.0
 10
79.82100295914469
 20
174.4921105933743
 30
0.0
 10
79.79805624855067
 20
174.4375910345148
 30
0.0
  0
SPLINE
  5
53E
330
1F
100
AcDbEntity
  8
0
  6
Continuous
 62
     7
370
    25
100
AcDbSpline
210
0.0
220
0.0
230
1.0
 70
     8
 71
     3
 72
    15
 73
    11
 74
     0
 42
0.00000001
 43
0.0000000001
 40
0.0
 40
0.0
 40
0.0
 40
0.0
 40
0.1230567300378553
 40
0.2384518299984151
 40
0.3509448888801655
 40
0.4671606014423393
 40
0.5884473240352048
 40
0.7151765728123522
 40
0.8506701529378625
 40
1.0
 40
1.0
 40
1.0
 40
1.0
 10
79.47682463090362
 20
175.8700358874559
 30
0.0
 10
79.51752433143951
 20
175.8681816739581
 30
0.0
 10
79.59638973010716
 20
175.8645886920738
 30
0.0
 10
79.70817501858667
 20
175.8290900422703
 30
0.0
 10
79.80579260477593
 20
175.7692145861689
 30
0.0
 10
79.88898788207939
 20
175.6879004180655
 30
0.0
 10
79.95718738684582
 20
175.5878643154813
 30
0.0
 10
80.00507070905996
 20
175.469912802943
 30
0.0
 10
80.03458486083708
 20
175.3365499051625
 30
0.0
 10
80.03769435611097
 20
175.2424442953657
 30
0.0
 10
80.03932463090363
 20
175.1931057403971
 30
0.0
  0
SPLINE
  5
53F
330
1F
100
AcDbEntity
  8
0
  6
Continuous
 62
     7
370
    25
100
AcDbSpline
210
0.0
220
0.0
230
1.0
 70
     8
 71
     3
 72
    19
 73
    15
 74
     0
 42
0.00000001
 43
0.0000000001
 40
0.0
 40
0.0
 40
0.0
 40
0.0
 40
0.109261003718195
 40
0.2114867881225577
 40
0.3062496690198315
 40
0.3931595272753468
 40
0.4726792589762309
 40
0.544857936907656
 40
0.609314649278562
 40
0.6669939895519961
 40
0.7680830711088597
 40
0.8557780115268613
 40
0.9325431816373093
 40
1.0
 40
1.0
 40
1.0
 40
1.0
 10
77.74934301325657
 20
174.5147969168677
 30
0.0
 10
77.80342331625425
 20
174.5760495337983
 30
0.0
 10
77.90810173941044
 20
174.694610765875
 30
0.0
 10
78.06208738191113
 20
174.8641599064471
 30
0.0
 10
78.20803911592673
 20
175.0183726432178
 30
0.0
 10
78.34497016546018
 20
175.1576701163109
 30
0.0
 10
78.47123280630696
 20
175.283791775866
 30
0.0
 10
78.58970079299682
 20
175.3938122886886
 30
0.0
 10
78.69894420840111
 20
175.4896951085038
 30
0.0
 10
78.82859288875412
 20
175.5948509263471
 30
0.0
 10
78.97938242382868
 20
175.7017649936625
 30
0.0
 10
79.15447965217296
 20
175.7955731846235
 30
0.0
 10
79.31820529597382
 20
175.8584214946829
 30
0.0
 10
79.42627655844839
 20
175.8663346667461
 30
0.0
 10
79.47682463090362
 20
175.8700358874559
 30
0.0
  0
SPLINE
  5
540
330
1F
100
AcDbEntity
  8
0
  6
Continuous
 62
     7
370
    25
100
AcDbSpline
210
0.0
220
0.0
230
1.0
 70
     8
 71
     3
 72
    13
 73
     9
 74
     0
 42
0.00000001
 43
0.0000000001
 40
0.0
 40
0.0
 40
0.0
 40
0.0
 40
0.2103364350219172
 40
0.4330637249977988
 40
0.555272129482488
 40
0.6892293500002174
 40
0.8376006880017708
 40
1.0
 40
1.0
 40
1.0
 40
1.0
 10
77.9216775720801
 20
175.2454954462795
 30
0.0
 10
77.91993574593262
 20
175.1924815517013
 30
0.0
 10
77.91634948319291
 20
175.0833307302555
 30
0.0
 10
77.88769831161707
 20
174.9460625661645
 30
0.0
 10
77.86027186379475
 20
174.8286518871515
 30
0.0
 10
77.82803084464669
 20
174.7319700896823
 30
0.0
 10
77.79347263292414
 20
174.6254742558882
 30
0.0
 10
77.76448898711018
 20
174.5527831060899
 30
0.0
 10
77.74934301325657
 20
174.5147969168677
 30
0.0
  0
SPLINE
  5
541
330
1F
100
AcDbEntity
  8
0
  6
Continuous
 62
     7
370
    25
100
AcDbSpline
210
0.0
220
0.0
230
1.0
 70
     8
 71
     3
 72
    15
 73
    11
 74
     0
 42
0.00000001
 43
0.0000000001
 40
0.0
 40
0.0
 40
0.0
 40
0.0
 40
0.1082195202563014
 40
0.2099659835826264
 40
0.3129305299112961
 40
0.4259070224507166
 40
0.5481113530895838
 40
0.6832020555607352
 40
0.8326054787468205
 40
1.0
 40
1.0
 40
1.0
 40
1.0
 10
77.51634668972716
 20
175.8700358874559
 30
0.0
 10
77.54658096809158
 20
175.8686340725952
 30
0.0
 10
77.60524108763066
 20
175.8659142912162
 30
0.0
 10
77.68655850468498
 20
175.8313110798325
 30
0.0
 10
77.75845291195891
 20
175.7787793935758
 30
0.0
 10
77.81632485922717
 20
175.7037838741723
 30
0.0
 10
77.86616302484713
 20
175.6132322535469
 30
0.0
 10
77.89699132914695
 20
175.5039419222441
 30
0.0
 10
77.91854826324874
 20
175.3800834921376
 30
0.0
 10
77.92059571064938
 20
175.2920250870714
 30
0.0
 10
77.9216775720801
 20
175.2454954462795
 30
0.0
  0
SPLINE
  5
542
330
1F
100
AcDbEntity
  8
0
  6
Continuous
 62
     7
370
    25
100
AcDbSpline
210
0.0
220
0.0
230
1.0
 70
     8
 71
     3
 72
    15
 73
    11
 74
     0
 42
0.00000001
 43
0.0000000001
 40
0.0
 40
0.0
 40
0.0
 40
0.0
 40
0.1901105123331529
 40
0.3600060851608272
 40
0.5110881426210141
 40
0.6425234773219004
 40
0.7562071804351126
 40
0.853143737251614
 40
0.9339503960876511
 40
1.0
 40
1.0
 40
1.0
 40
1.0
 10
76.86836874855067
 20
175.3902564756912
 30
0.0
 10
76.90380217059021
 20
175.4283477417422
 30
0.0
 10
76.9709012878129
 20
175.5004799316014
 30
0.0
 10
77.07245444889807
 20
175.5966607672642
 30
0.0
 10
77.16414088069874
 20
175.6798579294225
 30
0.0
 10
77.24834722029609
 20
175.7481328203658
 30
0.0
 10
77.32541111966788
 20
175.8017344138584
 30
0.0
 10
77.39601345295494
 20
175.8384828982423
 30
0.0
 10
77.4579197044283
 20
175.8654809872822
 30
0.0
 10
77.49822093632582
 20
175.8686228246923
 30
0.0
 10
77.51634668972716
 20
175.8700358874559
 30
0.0
  0
SPLINE
  5
543
330
1F
100
AcDbEntity
  8
0
  6
Continuous
 62
     7
370
    25
100
AcDbSpline
210
0.0
220
0.0
230
1.0
 70
     8
 71
     3
 72
     9
 73
     5
 74
     0
 42
0.00000001
 43
0.0000000001
 40
0.0
 40
0.0
 40
0.0
 40
0.0
 40
0.4304806492929116
 40
1.0
 40
1.0
 40
1.0
 40
1.0
 10
76.72498639560952
 20
175.2358447109853
 30
0.0
 10
76.74570649182825
 20
175.257866395496
 30
0.0
 10
76.79383896015815
 20
175.309022433629
 30
0.0
 10
76.84132470052759
 20
175.3607797069787
 30
0.0
 10
76.86836874855067
 20
175.3902564756912
 30
0.0
  0
SPLINE
  5
544
330
1F
100
AcDbEntity
  8
0
  6
Continuous
 62
     7
370
    25
100
AcDbSpline
210
0.0
220
0.0
230
1.0
 70
     8
 71
     3
 72
     8
 73
     4
 74
     0
 42
0.00000001
 43
0.0000000001
 40
0.8679820974033521
 40
0.8679820974033521
 40
0.8679820974033521
 40
0.8679820974033521
 40
1.0
 40
1.0
 40
1.0
 40
1.0
 10
76.66819421369677
 20
175.1774697989604
 30
0.0
 10
76.68708443595875
 20
175.1969645231187
 30
0.0
 10
76.70603541578412
 20
175.216404617052
 30
0.0
 10
76.72498639560952
 20
175.2358447109853
 30
0.0
  0
SPLINE
  5
545
330
1F
100
AcDbEntity
  8
0
  6
Continuous
 62
     7
370
    25
100
AcDbSpline
210
0.0
220
0.0
230
1.0
 70
     8
 71
     3
 72
    11
 73
     7
 74
     0
 42
0.00000001
 43
0.0000000001
 40
0.0
 40
0.0
 40
0.0
 40
0.0
 40
0.2069026817180143
 40
0.3894723213127726
 40
0.5484679605274334
 40
0.5861392119717364
 40
0.5861392119717364
 40
0.5861392119717364
 40
0.5861392119717364
 10
76.08803786619773
 20
174.7133263286324
 30
0.0
 10
76.15488218938804
 20
174.7696969669072
 30
0.0
 10
76.2807095276484
 20
174.8758087058199
 30
0.0
 10
76.46166519256258
 20
175.0206810671234
 30
0.0
 10
76.58868409160874
 20
175.118435334086
 30
0.0
 10
76.65537759870057
 20
175.1680269390879
 30
0.0
 10
76.6681942136967
 20
175.1774697989604
 30
0.0
  0
SPLINE
  5
546
330
1F
100
AcDbEntity
  8
0
  6
Continuous
 62
     7
370
    25
100
AcDbSpline
210
0.0
220
0.0
230
1.0
 70
     8
 71
     3
 72
    11
 73
     7
 74
     0
 42
0.00000001
 43
0.0000000001
 40
0.0
 40
0.0
 40
0.0
 40
0.0
 40
0.2030737552376598
 40
0.4382866104848046
 40
0.7035791136301448
 40
1.0
 40
1.0
 40
1.0
 40
1.0
 10
75.43730257208008
 20
174.1742638286324
 30
0.0
 10
75.48201178307786
 20
174.2099477296145
 30
0.0
 10
75.57850602736225
 20
174.2869629795271
 30
0.0
 10
75.73044645994343
 20
174.4142222503919
 30
0.0
 10
75.90338635350882
 20
174.5573361519318
 30
0.0
 10
76.02425464881685
 20
174.659443448363
 30
0.0
 10
76.08803786619773
 20
174.7133263286324
 30
0.0
  0
SPLINE
  5
547
330
1F
100
AcDbEntity
  8
0
  6
Continuous
 62
     7
370
    25
100
AcDbSpline
210
0.0
220
0.0
230
1.0
 70
     8
 71
     3
 72
    19
 73
    15
 74
     0
 42
0.00000001
 43
0.0000000001
 40
0.0
 40
0.0
 40
0.0
 40
0.0
 40
0.0829560683839252
 40
0.1707101336715611
 40
0.2624154183817211
 40
0.3615576776813106
 40
0.4161400381517256
 40
0.4781493914944308
 40
0.5471889794623178
 40
0.62350975989202
 40
0.7066500224740335
 40
0.7966524338234964
 40
0.8944259002562645
 40
1.0
 40
1.0
 40
1.0
 40
1.0
 10
73.53059301325654
 20
173.1347417698089
 30
0.0
 10
73.59193321090002
 20
173.1370269214895
 30
0.0
 10
73.71816138857465
 20
173.141729393008
 30
0.0
 10
73.90792486670406
 20
173.1851032835062
 30
0.0
 10
74.10385355403855
 20
173.2485608705065
 30
0.0
 10
74.26868769989487
 20
173.3249794309134
 30
0.0
 10
74.40859216832302
 20
173.4012255898321
 30
0.0
 10
74.5254841807263
 20
173.4729855236597
 30
0.0
 10
74.65200444164366
 20
173.5593046998243
 30
0.0
 10
74.78973704015475
 20
173.6568093987101
 30
0.0
 10
74.93711491347453
 20
173.7673798962837
 30
0.0
 10
75.09476492263918
 20
173.8905706957264
 30
0.0
 10
75.2629756770436
 20
174.0271047721253
 30
0.0
 10
75.37772628774996
 20
174.1239721637095
 30
0.0
 10
75.43730257208008
 20
174.1742638286324
 30
0.0
  0
SPLINE
  5
548
330
1F
100
AcDbEntity
  8
0
  6
Continuous
 62
     7
370
    25
100
AcDbSpline
210
0.0
220
0.0
230
1.0
 70
     8
 71
     3
 72
    15
 73
    11
 74
     0
 42
0.00000001
 43
0.0000000001
 40
0.0
 40
0.0
 40
0.0
 40
0.0
 40
0.1141866283425704
 40
0.2129050914882902
 40
0.3105281702378358
 40
0.4102626306105351
 40
0.5253287581730111
 40
0.6578242100944824
 40
0.816537822165271
 40
1.0
 40
1.0
 40
1.0
 40
1.0
 10
73.24520698384479
 20
173.3029402992206
 30
0.0
 10
73.24560737936423
 20
173.2884766376348
 30
0.0
 10
73.24635393126725
 20
173.2615086183676
 30
0.0
 10
73.26232411683998
 20
173.2254810720577
 30
0.0
 10
73.28202085709365
 20
173.1933995863958
 30
0.0
 10
73.3152888636075
 20
173.1710317703876
 30
0.0
 10
73.35590393461526
 20
173.1552815207359
 30
0.0
 10
73.40536709345198
 20
173.142391507303
 30
0.0
 10
73.46474011855587
 20
173.1365374985103
 30
0.0
 10
73.50760853302496
 20
173.1353685287544
 30
0.0
 10
73.53059301325657
 20
173.1347417698089
 30
0.0
  0
SPLINE
  5
549
330
1F
100
AcDbEntity
  8
0
  6
Continuous
 62
     7
370
    25
100
AcDbSpline
210
0.0
220
0.0
230
1.0
 70
     8
 71
     3
 72
    13
 73
     9
 74
     0
 42
0.00000001
 43
0.0000000001
 40
0.0
 40
0.0
 40
0.0
 40
0.0
 40
0.2131267378499662
 40
0.3970340446607096
 40
0.5502929255573705
 40
0.6743509510766841
 40
0.8626100163935218
 40
1.0
 40
1.0
 40
1.0
 40
1.0
 10
73.43822168972716
 20
173.9288594168677
 30
0.0
 10
73.42176803320166
 20
173.885168220812
 30
0.0
 10
73.39111649756768
 20
173.8037758415121
 30
0.0
 10
73.34732782430581
 20
173.6914429838155
 30
0.0
 10
73.31504678625357
 20
173.5956691423671
 30
0.0
 10
73.28113702591429
 20
173.4995383737219
 30
0.0
 10
73.25526612102057
 20
173.4039893412568
 30
0.0
 10
73.24819166676475
 20
173.3329229254216
 30
0.0
 10
73.24520698384479
 20
173.3029402992206
 30
0.0
  0
SPLINE
  5
54A
330
1F
100
AcDbEntity
  8
0
  6
Continuous
 62
     7
370
    25
100
AcDbSpline
210
0.0
220
0.0
230
1.0
 70
     8
 71
     3
 72
    23
 73
    19
 74
     0
 42
0.00000001
 43
0.0000000001
 40
0.0
 40
0.0
 40
0.0
 40
0.0
 40
0.0439412463861924
 40
0.087786804768107
 40
0.1332514665535636
 40
0.1803337141659053
 40
0.2308346425242577
 40
0.2851066476951258
 40
0.3432844620427569
 40
0.4058357781211789
 40
0.4719203825514246
 40
0.539858436728975
 40
0.609680236037261
 40
0.6818971973187511
 40
0.757247030962539
 40
0.8347402761649881
 40
0.9157817020219425
 40
1.0
 40
1.0
 40
1.0
 40
1.0
 10
75.36285404266831
 20
175.2744476521618
 30
0.0
 10
75.36125522325463
 20
175.2375514747234
 30
0.0
 10
75.35806106607265
 20
175.163839466261
 30
0.0
 10
75.33215615100901
 20
175.0543416269365
 30
0.0
 10
75.28850005182725
 20
174.9482484414333
 30
0.0
 10
75.22996227702506
 20
174.8430755700601
 30
0.0
 10
75.15285413002349
 20
174.7412463902598
 30
0.0
 10
75.06024606958232
 20
174.6404166497733
 30
0.0
 10
74.95048781533495
 20
174.5425465446601
 30
0.0
 10
74.82517560164829
 20
174.4481590336044
 30
0.0
 10
74.68687437316216
 20
174.3581049568629
 30
0.0
 10
74.53797911896211
 20
174.2736726649509
 30
0.0
 10
74.3786535675359
 20
174.1981878287159
 30
0.0
 10
74.20982000255711
 20
174.1289679384416
 30
0.0
 10
74.03124619868603
 20
174.0672355020422
 30
0.0
 10
73.8424240282511
 20
174.0135406097423
 30
0.0
 10
73.64415206488651
 20
173.9665307336165
 30
0.0
 10
73.50773925913815
 20
173.941576425589
 30
0.0
 10
73.43822168972716
 20
173.9288594168677
 30
0.0
  0
SPLINE
  5
54B
330
1F
100
AcDbEntity
  8
0
  6
Continuous
 62
     7
370
    25
100
AcDbSpline
210
0.0
220
0.0
230
1.0
 70
     8
 71
     3
 72
    15
 73
    11
 74
     0
 42
0.00000001
 43
0.0000000001
 40
0.0
 40
0.0
 40
0.0
 40
0.0
 40
0.1384749166102415
 40
0.2661809774913317
 40
0.3845687570557961
 40
0.5022991381747235
 40
0.6189078734954791
 40
0.7366470440713773
 40
0.8629598618013091
 40
1.0
 40
1.0
 40
1.0
 40
1.0
 10
74.76037242502127
 20
175.8700358874559
 30
0.0
 10
74.80468294618872
 20
175.8684679893982
 30
0.0
 10
74.88985806762022
 20
175.8654541248816
 30
0.0
 10
75.00982713610525
 20
175.8346906581042
 30
0.0
 10
75.11540552196303
 20
175.7842253393923
 30
0.0
 10
75.2041991420499
 20
175.713240105536
 30
0.0
 10
75.27537285879716
 20
175.625093323435
 30
0.0
 10
75.32787539556029
 20
175.5215983001664
 30
0.0
 10
75.35815999521696
 20
175.4025175090621
 30
0.0
 10
75.36124743925562
 20
175.3182813524581
 30
0.0
 10
75.36285404266831
 20
175.2744476521618
 30
0.0
  0
SPLINE
  5
54C
330
1F
100
AcDbEntity
  8
0
  6
Continuous
 62
     7
370
    25
100
AcDbSpline
210
0.0
220
0.0
230
1.0
 70
     8
 71
     3
 72
    15
 73
    11
 74
     0
 42
0.00000001
 43
0.0000000001
 40
0.0
 40
0.0
 40
0.0
 40
0.0
 40
0.1453143516665305
 40
0.2854526418492045
 40
0.4210244722052897
 40
0.5522787759713717
 40
0.6767324774103506
 40
0.7923873211839001
 40
0.8999933553440866
 40
1.0
 40
1.0
 40
1.0
 40
1.0
 10
73.32103418972716
 20
175.2606608874559
 30
0.0
 10
73.38248324570088
 20
175.3069899552105
 30
0.0
 10
73.50319255738047
 20
175.3979978607153
 30
0.0
 10
73.69132865864371
 20
175.5180101126236
 30
0.0
 10
73.88053124663686
 20
175.6213475820565
 30
0.0
 10
74.06809768241981
 20
175.7096344361702
 30
0.0
 10
74.25193294810087
 20
175.7799879770747
 30
0.0
 10
74.42873439599695
 20
175.8317837704031
 30
0.0
 10
74.59741728469139
 20
175.8641368678807
 30
0.0
 10
74.70739591941724
 20
175.8681181238128
 30
0.0
 10
74.76037242502127
 20
175.8700358874559
 30
0.0
  0
SPLINE
  5
54D
330
1F
100
AcDbEntity
  8
0
  6
Continuous
 62
     7
370
    25
100
AcDbSpline
210
0.0
220
0.0
230
1.0
 70
     8
 71
     3
 72
    15
 73
    11
 74
     0
 42
0.00000001
 43
0.0000000001
 40
0.0
 40
0.0
 40
0.0
 40
0.0
 40
0.1064187970386982
 40
0.2142792157233822
 40
0.3259633876336154
 40
0.4428609803612776
 40
0.5675302064304014
 40
0.7009387647677811
 40
0.8447828607234484
 40
1.0
 40
1.0
 40
1.0
 40
1.0
 10
72.45108933678597
 20
173.8516535345148
 30
0.0
 10
72.45388007894717
 20
173.912526047856
 30
0.0
 10
72.45949936856735
 20
174.0350956951444
 30
0.0
 10
72.50144187716625
 20
174.2176502940104
 30
0.0
 10
72.56954388980659
 20
174.3980523081456
 30
0.0
 10
72.66645220609686
 20
174.575922007947
 30
0.0
 10
72.79067362279987
 20
174.7510431781044
 30
0.0
 10
72.94027466530022
 20
174.9258962039447
 30
0.0
 10
73.11977540072387
 20
175.0964743866834
 30
0.0
 10
73.25226839492758
 20
175.204561895323
 30
0.0
 10
73.32103418972716
 20
175.2606608874559
 30
0.0
  0
SPLINE
  5
54E
330
1F
100
AcDbEntity
  8
0
  6
Continuous
 62
     7
370
    25
100
AcDbSpline
210
0.0
220
0.0
230
1.0
 70
     8
 71
     3
 72
    23
 73
    19
 74
     0
 42
0.00000001
 43
0.0000000001
 40
0.0
 40
0.0
 40
0.0
 40
0.0
 40
0.0714862731670803
 40
0.1399542640206329
 40
0.2060079777141428
 40
0.2689783250552849
 40
0.3315222187207624
 40
0.3924076670233297
 40
0.4523291371177788
 40
0.5133095520575956
 40
0.5734599378206527
 40
0.6323157004886478
 40
0.691097678218307
 40
0.7504429961074858
 40
0.8098857412207005
 40
0.8709550532604465
 40
0.9344629830229992
 40
1.0
 40
1.0
 40
1.0
 40
1.0
 10
73.50439816031538
 20
172.8700358874559
 30
0.0
 10
73.46576939610075
 20
172.8708369235907
 30
0.0
 10
73.39014284534958
 20
172.8724051746371
 30
0.0
 10
73.27926017425372
 20
172.8844905427752
 30
0.0
 10
73.17485691767164
 20
172.9071150251342
 30
0.0
 10
73.07522200604826
 20
172.935692151191
 30
0.0
 10
72.98198971154937
 20
172.9743267271114
 30
0.0
 10
72.89444541302483
 20
173.0211434273555
 30
0.0
 10
72.81379702779315
 20
173.0775100207639
 30
0.0
 10
72.73830982013016
 20
173.1399545446877
 30
0.0
 10
72.67070680159076
 20
173.2102063661556
 30
0.0
 10
72.61245000013054
 20
173.2868278671956
 30
0.0
 10
72.56255498237502
 20
173.3686030377106
 30
0.0
 10
72.52115727820449
 20
173.4553482128553
 30
0.0
 10
72.48893565540237
 20
173.5472920378459
 30
0.0
 10
72.46754099604571
 20
173.6445364606465
 30
0.0
 10
72.45297973673462
 20
173.7464340532655
 30
0.0
 10
72.45172604108866
 20
173.8162146336154
 30
0.0
 10
72.45108933678597
 20
173.8516535345148
 30
0.0
  0
SPLINE
  5
54F
330
1F
100
AcDbEntity
  8
0
  6
Continuous
 62
     7
370
    25
100
AcDbSpline
210
0.0
220
0.0
230
1.0
 70
     8
 71
     3
 72
    19
 73
    15
 74
     0
 42
0.00000001
 43
0.0000000001
 40
0.0
 40
0.0
 40
0.0
 40
0.0
 40
0.1086053866022408
 40
0.2089720561024909
 40
0.3014565476924237
 40
0.386166266685625
 40
0.4623459751311313
 40
0.5311804371960235
 40
0.5916143386667137
 40
0.6449002491898128
 40
0.7400722599095408
 40
0.8298839146588132
 40
0.9162481535971064
 40
1.0
 40
1.0
 40
1.0
 40
1.0
 10
75.78886507208008
 20
174.1742638286324
 30
0.0
 10
75.71603779292548
 20
174.109645981135
 30
0.0
 10
75.57590785332108
 20
173.9853121439755
 30
0.0
 10
75.3698741392036
 20
173.8104321406066
 30
0.0
 10
75.17882109542519
 20
173.6509960758799
 30
0.0
 10
74.99983528280907
 20
173.5111187213441
 30
0.0
 10
74.83528538378791
 20
173.3872580254831
 30
0.0
 10
74.68443922943103
 20
173.2815405282807
 30
0.0
 10
74.54731723135894
 20
173.1921171956056
 30
0.0
 10
74.38530456865416
 20
173.0980727073663
 30
0.0
 10
74.19167840809267
 20
173.0065931788023
 30
0.0
 10
73.96087487730294
 20
172.9287204143644
 30
0.0
 10
73.73218605522116
 20
172.8787940090577
 30
0.0
 10
73.57954611876571
 20
172.8729252199137
 30
0.0
 10
73.50439816031536
 20
172.8700358874559
 30
0.0
  0
SPLINE
  5
550
330
1F
100
AcDbEntity
  8
0
  6
Continuous
 62
     7
370
    25
100
AcDbSpline
210
0.0
220
0.0
230
1.0
 70
     8
 71
     3
 72
    11
 73
     7
 74
     0
 42
0.00000001
 43
0.0000000001
 40
0.0
 40
0.0
 40
0.0
 40
0.0
 40
0.3037762906346868
 40
0.5719321725275838
 40
0.803020793107523
 40
1.0
 40
1.0
 40
1.0
 40
1.0
 10
76.28380992502127
 20
174.6457711815736
 30
0.0
 10
76.23428218448717
 20
174.5974085992819
 30
0.0
 10
76.14103426120497
 20
174.5063543675597
 30
0.0
 10
76.00854765485657
 20
174.3801358224198
 30
0.0
 10
75.89429886120921
 20
174.2700380653156
 30
0.0
 10
75.82209179426334
 20
174.2044464103349
 30
0.0
 10
75.78886507208008
 20
174.1742638286324
 30
0.0
  0
SPLINE
  5
551
330
1F
100
AcDbEntity
  8
0
  6
Continuous
 62
     7
370
    25
100
AcDbSpline
210
0.0
220
0.0
230
1.0
 70
     8
 71
     3
 72
     8
 73
     4
 74
     0
 42
0.00000001
 43
0.0000000001
 40
0.9039299452714434
 40
0.9039299452714434
 40
0.9039299452714434
 40
0.9039299452714434
 40
1.0
 40
1.0
 40
1.0
 40
1.0
 10
76.36805368444527
 20
174.7256932012442
 30
0.0
 10
76.33993198817643
 20
174.6990960067422
 30
0.0
 10
76.31187095659882
 20
174.6724335941579
 30
0.0
 10
76.28380992502127
 20
174.6457711815736
 30
0.0
  0
SPLINE
  5
552
330
1F
100
AcDbEntity
  8
0
  6
Continuous
 62
     7
370
    25
100
AcDbSpline
210
0.0
220
0.0
230
1.0
 70
     8
 71
     3
 72
     8
 73
     4
 74
     0
 42
0.00000001
 43
0.0000000001
 40
0.0
 40
0.0
 40
0.0
 40
0.0
 40
0.2543858697470666
 40
0.2543858697470666
 40
0.2543858697470666
 40
0.2543858697470666
 10
76.38445330737423
 20
174.7229770639265
 30
0.0
 10
76.3789312304101
 20
174.7235757025478
 30
0.0
 10
76.37340915344603
 20
174.724174341169
 30
0.0
 10
76.368053684445
 20
174.7256932012443
 30
0.0
  0
SPLINE
  5
553
330
1F
100
AcDbEntity
  8
0
  6
Continuous
 62
     7
370
    25
100
AcDbSpline
210
0.0
220
0.0
230
1.0
 70
     8
 71
     3
 72
    15
 73
    11
 74
     0
 42
0.00000001
 43
0.0000000001
 40
0.0
 40
0.0
 40
0.0
 40
0.0
 40
0.0558123125383436
 40
0.1527005365580152
 40
0.2978751860770951
 40
0.4877295020028129
 40
0.6789431409607112
 40
0.8270018593262223
 40
0.9316699365245264
 40
1.0
 40
1.0
 40
1.0
 40
1.0
 10
76.96211874855066
 20
175.1641535345147
 30
0.0
 10
76.94893202556915
 20
175.1601824572594
 30
0.0
 10
76.91285361234557
 20
175.1493177286713
 30
0.0
 10
76.85645244087417
 20
175.1007662564319
 30
0.0
 10
76.77485109725168
 20
175.0344865131704
 30
0.0
 10
76.68360316444832
 20
174.943106622427
 30
0.0
 10
76.59066495528581
 20
174.852471346098
 30
0.0
 10
76.50658844650806
 20
174.7845789008323
 30
0.0
 10
76.44257889085705
 20
174.7361492230775
 30
0.0
 10
76.40091108040135
 20
174.7267066506695
 30
0.0
 10
76.38445330737423
 20
174.7229770639265
 30
0.0
  0
SPLINE
  5
554
330
1F
100
AcDbEntity
  8
0
  6
Continuous
 62
     7
370
    25
100
AcDbSpline
210
0.0
220
0.0
230
1.0
 70
     8
 71
     3
 72
    11
 73
     7
 74
     0
 42
0.00000001
 43
0.0000000001
 40
0.0
 40
0.0
 40
0.0
 40
0.0
 40
0.283323386997703
 40
0.562530476938353
 40
0.8055249932170518
 40
1.0
 40
1.0
 40
1.0
 40
1.0
 10
77.03932463090362
 20
175.0414513286324
 30
0.0
 10
77.03844880737854
 20
175.0564429647666
 30
0.0
 10
77.03670988483314
 20
175.0862084292911
 30
0.0
 10
77.01792150167654
 20
175.1239923888254
 30
0.0
 10
76.9954938429105
 20
175.1569348845733
 30
0.0
 10
76.97238962106471
 20
175.1619320626449
 30
0.0
 10
76.96211874855066
 20
175.1641535345147
 30
0.0
  0
SPLINE
  5
555
330
1F
100
AcDbEntity
  8
0
  6
Continuous
 62
     7
370
    25
100
AcDbSpline
210
0.0
220
0.0
230
1.0
 70
     8
 71
     3
 72
    15
 73
    11
 74
     0
 42
0.00000001
 43
0.0000000001
 40
0.0
 40
0.0
 40
0.0
 40
0.0
 40
0.2069889641465897
 40
0.389647297785596
 40
0.5445112493140903
 40
0.6752970743613667
 40
0.7839289527645541
 40
0.8731604878766574
 40
0.9449827238993036
 40
1.0
 40
1.0
 40
1.0
 40
1.0
 10
76.67397536619772
 20
174.3548704462795
 30
0.0
 10
76.70421056729487
 20
174.3996753474428
 30
0.0
 10
76.76112695631147
 20
174.4840185332634
 30
0.0
 10
76.8352587556689
 20
174.6053282149952
 30
0.0
 10
76.90078666671954
 20
174.7086368303173
 30
0.0
 10
76.94975693026198
 20
174.7991680789888
 30
0.0
 10
76.99038942769178
 20
174.8749243675028
 30
0.0
 10
77.01596794348226
 20
174.9404798586088
 30
0.0
 10
77.03491710713959
 20
174.9940176780739
 30
0.0
 10
77.03799121929875
 20
175.0271011893017
 30
0.0
 10
77.03932463090362
 20
175.0414513286324
 30
0.0
  0
SPLINE
  5
556
330
1F
100
AcDbEntity
  8
0
  6
Continuous
 62
     7
370
    25
100
AcDbSpline
210
0.0
220
0.0
230
1.0
 70
     8
 71
     3
 72
    23
 73
    19
 74
     0
 42
0.00000001
 43
0.0000000001
 40
0.0
 40
0.0
 40
0.0
 40
0.0
 40
0.016903264809458
 40
0.0388776110153407
 40
0.0668585070961041
 40
0.1012628086562691
 40
0.1420548272908568
 40
0.1896076222215819
 40
0.2442733267450919
 40
0.3052874947730427
 40
0.3724005760123113
 40
0.4453867020676211
 40
0.5239718299144116
 40
0.6076275642343598
 40
0.6975226237603365
 40
0.7927482761734527
 40
0.8933902614916199
 40
1.0
 40
1.0
 40
1.0
 40
1.0
 10
79.16662242502127
 20
175.605330005103
 30
0.0
 10
79.14660684454783
 20
175.6025614241155
 30
0.0
 10
79.10057088873306
 20
175.5961936711454
 30
0.0
 10
79.02834927370349
 20
175.5604647580841
 30
0.0
 10
78.94429644032719
 20
175.5059263910509
 30
0.0
 10
78.84850224390558
 20
175.4288926051589
 30
0.0
 10
78.73928309112116
 20
175.332049988336
 30
0.0
 10
78.61831835750429
 20
175.2124206610962
 30
0.0
 10
78.48370057885301
 20
175.072564175721
 30
0.0
 10
78.33830182017847
 20
174.9109488818411
 30
0.0
 10
78.18109575433507
 20
174.7307170042471
 30
0.0
 10
78.01489494537816
 20
174.5306906466901
 30
0.0
 10
77.83888854477782
 20
174.3132916635417
 30
0.0
 10
77.65294887219416
 20
174.0780675800642
 30
0.0
 10
77.46007152013897
 20
173.8232050678058
 30
0.0
 10
77.25539846197546
 20
173.5519497466689
 30
0.0
 10
77.04290283120359
 20
173.2617292066707
 30
0.0
 10
76.89943120365718
 20
173.0613471707797
 30
0.0
 10
76.82562977796243
 20
172.9582711815736
 30
0.0
  0
SPLINE
  5
557
330
1F
100
AcDbEntity
  8
0
  6
Continuous
 62
     7
370
    25
100
AcDbSpline
210
0.0
220
0.0
230
1.0
 70
     8
 71
     3
 72
    11
 73
     7
 74
     0
 42
0.00000001
 43
0.0000000001
 40
0.0
 40
0.0
 40
0.0
 40
0.0
 40
0.3566837795041242
 40
0.6272391000055992
 40
0.8269829531952886
 40
1.0
 40
1.0
 40
1.0
 40
1.0
 10
79.2452069838448
 20
175.4385101521618
 30
0.0
 10
79.24428316852061
 20
175.4625692862063
 30
0.0
 10
79.24265861162783
 20
175.5048779933921
 30
0.0
 10
79.22933187208286
 20
175.5586774352364
 30
0.0
 10
79.20382119819611
 20
175.5976639230168
 30
0.0
 10
79.17841480673478
 20
175.6028997807033
 30
0.0
 10
79.16662242502127
 20
175.605330005103
 30
0.0
  0
SPLINE
  5
558
330
1F
100
AcDbEntity
  8
0
  6
Continuous
 62
     7
370
    25
100
AcDbSpline
210
0.0
220
0.0
230
1.0
 70
     8
 71
     3
 72
    15
 73
    11
 74
     0
 42
0.00000001
 43
0.0000000001
 40
0.0
 40
0.0
 40
0.0
 40
0.0
 40
0.1998769503896328
 40
0.3779282424047192
 40
0.5317915752040483
 40
0.6640161547120128
 40
0.7751551125575537
 40
0.8683425572229429
 40
0.9429089079020448
 40
1.0
 40
1.0
 40
1.0
 40
1.0
 10
78.63583198384478
 20
174.0694844168677
 30
0.0
 10
78.6849719250414
 20
174.1570285401427
 30
0.0
 10
78.77788594825472
 20
174.3225573646406
 30
0.0
 10
78.90218757740915
 20
174.5589722911733
 30
0.0
 10
79.00868343831075
 20
174.7663737842066
 30
0.0
 10
79.09292477305271
 20
174.9472468288252
 30
0.0
 10
79.15920818162722
 20
175.1028534067026
 30
0.0
 10
79.2065882094435
 20
175.2346174871473
 30
0.0
 10
79.23710277311247
 20
175.3438941156974
 30
0.0
 10
79.24275568936664
 20
175.4098914778218
 30
0.0
 10
79.24520698384478
 20
175.4385101521618
 30
0.0
  0
SPLINE
  5
559
330
1F
100
AcDbEntity
  8
0
  6
Continuous
 62
     7
370
    25
100
AcDbSpline
210
0.0
220
0.0
230
1.0
 70
     8
 71
     3
 72
    23
 73
    19
 74
     0
 42
0.00000001
 43
0.0000000001
 40
0.0
 40
0.0
 40
0.0
 40
0.0
 40
0.0277772039587518
 40
0.0591190964893159
 40
0.0948146945692472
 40
0.1354298361244553
 40
0.1818785815584976
 40
0.2339006924179299
 40
0.2916818882391073
 40
0.3558922676442516
 40
0.4244955450761996
 40
0.49627147831867
 40
0.5713166800069036
 40
0.6499352687822234
 40
0.7321842300493215
 40
0.8177061093207196
 40
0.9069655431804552
 40
1.0
 40
1.0
 40
1.0
 40
1.0
 10
81.41937977796244
 20
175.605330005103
 30
0.0
 10
81.38557596218401
 20
175.6030515125327
 30
0.0
 10
81.3136302382847
 20
175.5982021251604
 30
0.0
 10
81.20382418327862
 20
175.5599564367533
 30
0.0
 10
81.08616418352067
 20
175.5027284018452
 30
0.0
 10
80.96002449078751
 20
175.4225030552105
 30
0.0
 10
80.82558865561349
 20
175.3199212761183
 30
0.0
 10
80.6823192660812
 20
175.1951899693817
 30
0.0
 10
80.53039908094904
 20
175.0480419405831
 30
0.0
 10
80.37107049503749
 20
174.879923898458
 30
0.0
 10
80.20649456611382
 20
174.6935616790271
 30
0.0
 10
80.0411306909495
 20
174.4905950914564
 30
0.0
 10
79.87578283679699
 20
174.2721709767322
 30
0.0
 10
79.70915468037657
 20
174.0389268785161
 30
0.0
 10
79.54063809185841
 20
173.7914430374228
 30
0.0
 10
79.37442572885577
 20
173.5270154311446
 30
0.0
 10
79.20582914733873
 20
173.2486846756184
 30
0.0
 10
79.09589138892894
 20
173.0564029646499
 30
0.0
 10
79.03978418972716
 20
172.9582711815736
 30
0.0
  0
SPLINE
  5
55A
330
1F
100
AcDbEntity
  8
0
  6
Continuous
 62
     7
370
    25
100
AcDbSpline
210
0.0
220
0.0
230
1.0
 70
     8
 71
     3
 72
    11
 73
     7
 74
     0
 42
0.00000001
 43
0.0000000001
 40
0.0
 40
0.0
 40
0.0
 40
0.0
 40
0.2841907027968855
 40
0.4793736788226573
 40
0.6869509787137879
 40
1.0
 40
1.0
 40
1.0
 40
1.0
 10
81.53932463090361
 20
175.4977932403971
 30
0.0
 10
81.53930756245204
 20
175.5159754998539
 30
0.0
 10
81.53927877133979
 20
175.5466453863748
 30
0.0
 10
81.51696079613477
 20
175.5874220682644
 30
0.0
 10
81.47209955815297
 20
175.6040669733812
 30
0.0
 10
81.43917630396053
 20
175.6048557307371
 30
0.0
 10
81.41937977796244
 20
175.605330005103
 30
0.0
  0
SPLINE
  5
55B
330
1F
100
AcDbEntity
  8
0
  6
Continuous
 62
     7
370
    25
100
AcDbSpline
210
0.0
220
0.0
230
1.0
 70
     8
 71
     3
 72
    11
 73
     7
 74
     0
 42
0.00000001
 43
0.0000000001
 40
0.0
 40
0.0
 40
0.0
 40
0.0
 40
0.3862340269407596
 40
0.6800407398521555
 40
0.886189166800303
 40
1.0
 40
1.0
 40
1.0
 40
1.0
 10
81.39594227796242
 20
175.2096498580441
 30
0.0
 10
81.41767313223253
 20
175.2452055682484
 30
0.0
 10
81.45593456231038
 20
175.307808368071
 30
0.0
 10
81.49863024064115
 20
175.392901812731
 30
0.0
 10
81.53042441231608
 20
175.4517192948316
 30
0.0
 10
81.53698942774267
 20
175.4857045459158
 30
0.0
 10
81.53932463090361
 20
175.4977932403971
 30
0.0
  0
SPLINE
  5
55C
330
1F
100
AcDbEntity
  8
0
  6
Continuous
 62
     7
370
    25
100
AcDbSpline
210
0.0
220
0.0
230
1.0
 70
     8
 71
     3
 72
     9
 73
     5
 74
     0
 42
0.00000001
 43
0.0000000001
 40
0.0
 40
0.0
 40
0.0
 40
0.0
 40
0.4460681968996428
 40
1.0
 40
1.0
 40
1.0
 40
1.0
 10
81.24566654266834
 20
174.9573520639265
 30
0.0
 10
81.26761037867741
 20
174.9951042619278
 30
0.0
 10
81.31680428257286
 20
175.0797375047002
 30
0.0
 10
81.36773186847573
 20
175.1633398565439
 30
0.0
 10
81.39594227796242
 20
175.2096498580441
 30
0.0
  0
SPLINE
  5
55D
330
1F
100
AcDbEntity
  8
0
  6
Continuous
 62
     7
370
    25
100
AcDbSpline
210
0.0
220
0.0
230
1.0
 70
     8
 71
     3
 72
    15
 73
    11
 74
     0
 42
0.00000001
 43
0.0000000001
 40
0.0
 40
0.0
 40
0.0
 40
0.0
 40
0.0729922627525132
 40
0.1585655571972578
 40
0.2593540048075297
 40
0.3751023104268239
 40
0.5060406861390204
 40
0.6537630960568733
 40
0.8190286460974336
 40
1.0
 40
1.0
 40
1.0
 40
1.0
 10
80.48050110149187
 20
173.5607527992206
 30
0.0
 10
80.48306898112107
 20
173.5967709165558
 30
0.0
 10
80.48864734311271
 20
173.6750152760136
 30
0.0
 10
80.52344233861868
 20
173.7989986748053
 30
0.0
 10
80.57811278641541
 20
173.9377830831311
 30
0.0
 10
80.65286455248346
 20
174.0924250532474
 30
0.0
 10
80.75122247873046
 20
174.2605841586573
 30
0.0
 10
80.86862097861795
 20
174.4456720229563
 30
0.0
 10
81.00754174517845
 20
174.6461886993527
 30
0.0
 10
81.1105067881893
 20
174.7826340005148
 30
0.0
 10
81.16432463090362
 20
174.8539513286324
 30
0.0
  0
SPLINE
  5
55E
330
1F
100
AcDbEntity
  8
0
  6
Continuous
 62
     7
370
    25
100
AcDbSpline
210
0.0
220
0.0
230
1.0
 70
     8
 71
     3
 72
    15
 73
    11
 74
     0
 42
0.00000001
 43
0.0000000001
 40
0.0
 40
0.0
 40
0.0
 40
0.0
 40
0.1266231308144446
 40
0.2458672478057079
 40
0.3646186184040706
 40
0.4864381903978757
 40
0.610411792755791
 40
0.7343436555011597
 40
0.8630203413423238
 40
1.0
 40
1.0
 40
1.0
 40
1.0
 10
81.11469227796243
 20
172.8700358874559
 30
0.0
 10
81.07030835297367
 20
172.8723411736818
 30
0.0
 10
80.98412699405754
 20
172.8768174046525
 30
0.0
 10
80.86078744448277
 20
172.9141643572418
 30
0.0
 10
80.74975496201577
 20
172.9755592396684
 30
0.0
 10
80.65453484238402
 20
173.0621120804347
 30
0.0
 10
80.57788128177742
 20
173.1672165270637
 30
0.0
 10
80.51967989282779
 20
173.2862989194633
 30
0.0
 10
80.48641532057539
 20
173.4197310930196
 30
0.0
 10
80.48251316128022
 20
173.5127762024252
 30
0.0
 10
80.48050110149187
 20
173.5607527992206
 30
0.0
  0
SPLINE
  5
55F
330
1F
100
AcDbEntity
  8
0
  6
Continuous
 62
     7
370
    25
100
AcDbSpline
210
0.0
220
0.0
230
1.0
 70
     8
 71
     3
 72
    19
 73
    15
 74
     0
 42
0.00000001
 43
0.0000000001
 40
0.0
 40
0.0
 40
0.0
 40
0.0
 40
0.125605835892357
 40
0.2399594788653759
 40
0.3430792172680788
 40
0.434990045636341
 40
0.5157273692883832
 40
0.5849377822782253
 40
0.6435153458753661
 40
0.6911937626307806
 40
0.7726508537923323
 40
0.8502233780629516
 40
0.9252889580804165
 40
1.0
 40
1.0
 40
1.0
 40
1.0
 10
82.85596066031539
 20
174.0625910345147
 30
0.0
 10
82.7922367891505
 20
173.998098061266
 30
0.0
 10
82.67049764536489
 20
173.8748896120623
 30
0.0
 10
82.49401917893861
 20
173.7011561099113
 30
0.0
 10
82.33288483346083
 20
173.5465219236427
 30
0.0
 10
82.18673942674433
 20
173.4113791547826
 30
0.0
 10
82.05654409786893
 20
173.295016868974
 30
0.0
 10
81.93995568774822
 20
173.1997818219852
 30
0.0
 10
81.84005020071337
 20
173.1218816797268
 30
0.0
 10
81.72816220730201
 20
173.0452569001598
 30
0.0
 10
81.59565794985853
 20
172.9755309584552
 30
0.0
 10
81.43744273739322
 20
172.9153738804566
 30
0.0
 10
81.27684831878353
 20
172.8774799359711
 30
0.0
 10
81.16865892608544
 20
172.8725133181134
 30
0.0
 10
81.11469227796243
 20
172.8700358874559
 30
0.0
  0
SPLINE
  5
560
330
1F
100
AcDbEntity
  8
0
  6
Continuous
 62
     7
370
    25
100
AcDbSpline
210
0.0
220
0.0
230
1.0
 70
     8
 71
     3
 72
    10
 73
     6
 74
     0
 42
0.00000001
 43
0.0000000001
 40
0.3836001928872177
 40
0.3836001928872177
 40
0.3836001928872177
 40
0.3836001928872177
 40
0.5763904761632879
 40
0.8078980066321969
 40
1.0
 40
1.0
 40
1.0
 40
1.0
 10
83.02756512145657
 20
174.2360241915075
 30
0.0
 10
83.00996918842871
 20
174.2176531045285
 30
0.0
 10
82.97121354853947
 20
174.1772514993544
 30
0.0
 10
82.91334082526091
 20
174.1200993835192
 30
0.0
 10
82.87386327177836
 20
174.0805336394041
 30
0.0
 10
82.85596066031539
 20
174.0625910345147
 30
0.0
  0
SPLINE
  5
561
330
1F
100
AcDbEntity
  8
0
  6
Continuous
 62
     7
370
    25
100
AcDbSpline
210
0.0
220
0.0
230
1.0
 70
     8
 71
     3
 72
    10
 73
     6
 74
     0
 42
0.00000001
 43
0.0000000001
 40
0.0
 40
0.0
 40
0.0
 40
0.0
 40
0.1029433050413488
 40
0.2107324820306105
 40
0.232528144046864
 40
0.232528144046864
 40
0.232528144046864
 40
0.232528144046864
 10
82.95108933678598
 20
173.8130505933383
 30
0.0
 10
82.95464288605726
 20
173.8767242075587
 30
0.0
 10
82.9619172615755
 20
174.0070687574946
 30
0.0
 10
82.99714873597308
 20
174.147364278385
 30
0.0
 10
83.02304152635036
 20
174.2233132058739
 30
0.0
 10
83.02756512145659
 20
174.2360241915075
 30
0.0
  0
SPLINE
  5
562
330
1F
100
AcDbEntity
  8
0
  6
Continuous
 62
     7
370
    25
100
AcDbSpline
210
0.0
220
0.0
230
1.0
 70
     8
 71
     3
 72
    15
 73
    11
 74
     0
 42
0.00000001
 43
0.0000000001
 40
0.0
 40
0.0
 40
0.0
 40
0.0
 40
0.1336580640174097
 40
0.2572535766710342
 40
0.3759840062599708
 40
0.4963111270226054
 40
0.6170484918729761
 40
0.7382662983212013
 40
0.8645592124392948
 40
1.0
 40
1.0
 40
1.0
 40
1.0
 10
83.86928786619776
 20
172.8700358874559
 30
0.0
 10
83.80325631466533
 20
172.8730468982148
 30
0.0
 10
83.67616444834414
 20
172.8788422334444
 30
0.0
 10
83.49552642134431
 20
172.9279793897028
 30
0.0
 10
83.33554593091404
 20
173.0111485262596
 30
0.0
 10
83.19894898249335
 20
173.1265688280613
 30
0.0
 10
83.0872386441748
 20
173.2679310928638
 30
0.0
 10
83.00856588221639
 20
173.432934880985
 30
0.0
 10
82.95809131867523
 20
173.6166222754733
 30
0.0
 10
82.95347708818308
 20
173.7460664168827
 30
0.0
 10
82.95108933678598
 20
173.8130505933383
 30
0.0
  0
SPLINE
  5
563
330
1F
100
AcDbEntity
  8
0
  6
Continuous
 62
     7
370
    25
100
AcDbSpline
210
0.0
220
0.0
230
1.0
 70
     8
 71
     3
 72
    15
 73
    11
 74
     0
 42
0.00000001
 43
0.0000000001
 40
0.0
 40
0.0
 40
0.0
 40
0.0
 40
0.15898356016867
 40
0.3025723323889604
 40
0.4333760992700777
 40
0.5495055378754527
 40
0.6589432770752283
 40
0.7695656819310728
 40
0.8831297532574945
 40
1.0
 40
1.0
 40
1.0
 40
1.0
 10
84.99704521913892
 20
173.3691167698089
 30
0.0
 10
84.94548650967601
 20
173.3263863538436
 30
0.0
 10
84.84736165349215
 20
173.2450632182386
 30
0.0
 10
84.70103593671957
 20
173.1356028853734
 30
0.0
 10
84.56084248509975
 20
173.0492740001552
 30
0.0
 10
84.42733112595918
 20
172.9800356818506
 30
0.0
 10
84.29402367791915
 20
172.93143643504
 30
0.0
 10
84.1582196623885
 20
172.8945321929199
 30
0.0
 10
84.01559656376345
 20
172.8739995652757
 30
0.0
 10
83.9185216952848
 20
172.8713696908427
 30
0.0
 10
83.86928786619776
 20
172.8700358874559
 30
0.0
  0
SPLINE
  5
564
330
1F
100
AcDbEntity
  8
0
  6
Continuous
 62
     7
370
    25
100
AcDbSpline
210
0.0
220
0.0
230
1.0
 70
     8
 71
     3
 72
    15
 73
    11
 74
     0
 42
0.00000001
 43
0.0000000001
 40
0.0
 40
0.0
 40
0.0
 40
0.0
 40
0.1563024895814351
 40
0.2993020666928836
 40
0.4305821093312014
 40
0.5499060515241702
 40
0.6623719746200211
 40
0.7747663545005639
 40
0.8865327777874846
 40
1.0
 40
1.0
 40
1.0
 40
1.0
 10
86.26267021913893
 20
173.9385101521618
 30
0.0
 10
86.20952170464972
 20
173.8904574429914
 30
0.0
 10
86.10774814831755
 20
173.798441793059
 30
0.0
 10
85.95152494947194
 20
173.6774312150952
 30
0.0
 10
85.79975252747111
 20
173.5796106054193
 30
0.0
 10
85.65330205696936
 20
173.5001291996034
 30
0.0
 10
85.50675636260207
 20
173.4407052940564
 30
0.0
 10
85.35774891907722
 20
173.3997754946107
 30
0.0
 10
85.20475643250497
 20
173.3737369052153
 30
0.0
 10
85.10146874507936
 20
173.3706645483379
 30
0.0
 10
85.04943492502128
 20
173.3691167698089
 30
0.0
  0
CIRCLE
  5
565
330
1F
100
AcDbEntity
  8
0
  6
Continuous
 62
     7
370
    25
100
AcDbCircle
 10
275.5437053646466
 20
220.3053324776269
 30
0.0
 40
1.499999999999985
  0
CIRCLE
  5
566
330
1F
100
AcDbEntity
  8
0
  6
Continuous
 62
     7
370
    25
100
AcDbCircle
 10
275.5437053646466
 20
191.8053324776268
 30
0.0
 40
1.500000000000006
  0
CIRCLE
  5
567
330
1F
100
AcDbEntity
  8
0
  6
Continuous
 62
     7
370
    25
100
AcDbCircle
 10
245.1437053646467
 20
191.8053324776268
 30
0.0
 40
1.499999999999993
  0
CIRCLE
  5
568
330
1F
100
AcDbEntity
  8
0
  6
Continuous
 62
     7
370
    25
100
AcDbCircle
 10
245.1437053646467
 20
220.3053324776269
 30
0.0
 40
1.499999999999985
  0
CIRCLE
  5
569
330
1F
100
AcDbEntity
  8
0
  6
Continuous
 62
     7
370
    25
100
AcDbCircle
 10
137.8437053646466
 20
122.9358601355269
 30
0.0
 40
4.000000000000006
  0
CIRCLE
  5
56A
330
1F
100
AcDbEntity
  8
0
  6
Continuous
 62
     7
370
    25
100
AcDbCircle
 10
77.84370536464667
 20
122.9358601355269
 30
0.0
 40
4.000000000000013
  0
CIRCLE
  5
56B
330
1F
100
AcDbEntity
  8
0
  6
Continuous
 62
     7
370
    25
100
AcDbCircle
 10
285.8437053646467
 20
128.5308134247269
 30
0.0
 40
11.49999999999989
  0
SPLINE
  5
56C
330
1F
100
AcDbEntity
  8
0
  6
Continuous
 62
     7
370
    25
100
AcDbSpline
210
0.0
220
0.0
230
1.0
 70
     8
 71
     3
 72
    11
 73
     7
 74
     0
 42
0.00000001
 43
0.0000000001
 40
0.0
 40
0.0
 40
0.0
 40
0.0
 40
1.0
 40
1.0
 40
1.0
 40
2.0
 40
2.0
 40
2.0
 40
2.0
 10
64.21040405255917
 20
201.9984160288224
 30
0.0
 10
63.67707071922575
 20
202.3317493621557
 30
0.0
 10
63.07577609864376
 20
202.5753505323818
 30
0.0
 10
62.61040405255918
 20
202.9984160288224
 30
0.0
 10
61.96298585170487
 20
203.586978029599
 30
0.0
 10
61.47707071922575
 20
204.3317493621557
 30
0.0
 10
60.91040405255907
 20
204.9984160288224
 30
0.0
  0
SPLINE
  5
56D
330
1F
100
AcDbEntity
  8
0
  6
Continuous
 62
     7
370
    25
100
AcDbSpline
210
0.0
220
0.0
230
1.0
 70
     8
 71
     3
 72
    17
 73
    13
 74
     0
 42
0.00000001
 43
0.0000000001
 40
0.0
 40
0.0
 40
0.0
 40
0.0
 40
1.0
 40
1.0
 40
1.0
 40
2.0
 40
2.0
 40
2.0
 40
3.0
 40
3.0
 40
3.0
 40
4.0
 40
4.0
 40
4.0
 40
4.0
 10
60.51040405255907
 20
204.0984160288224
 30
0.0
 10
61.44373738589248
 20
202.665082695489
 30
0.0
 10
62.84609165101736
 20
201.4446145433795
 30
0.0
 10
63.31040405255916
 20
199.7984160288224
 30
0.0
 10
63.63172748484988
 20
198.6591784052459
 30
0.0
 10
62.94761015022825
 20
197.4580902840939
 30
0.0
 10
62.71040405255907
 20
196.2984160288224
 30
0.0
 10
62.64703319848365
 20
195.9886029644533
 30
0.0
 10
62.45219789051195
 20
195.7118698134688
 30
0.0
 10
62.41040405255917
 20
195.3984160288223
 30
0.0
 10
62.31778461604925
 20
194.7037702549982
 30
0.0
 10
62.34373738589247
 20
193.9984160288224
 30
0.0
 10
62.31040405255916
 20
193.2984160288224
 30
0.0
  0
SPLINE
  5
56E
330
1F
100
AcDbEntity
  8
0
  6
Continuous
 62
     7
370
    25
100
AcDbSpline
210
0.0
220
0.0
230
1.0
 70
     8
 71
     3
 72
    20
 73
    16
 74
     0
 42
0.00000001
 43
0.0000000001
 40
0.0
 40
0.0
 40
0.0
 40
0.0
 40
1.0
 40
1.0
 40
1.0
 40
2.0
 40
2.0
 40
2.0
 40
3.0
 40
3.0
 40
3.0
 40
4.0
 40
4.0
 40
4.0
 40
5.0
 40
5.0
 40
5.0
 40
5.0
 10
62.31040405255916
 20
193.2984160288224
 30
0.0
 10
62.74373738589247
 20
192.9984160288223
 30
0.0
 10
63.14279974084745
 20
192.6415702709124
 30
0.0
 10
63.61040405255907
 20
192.3984160288224
 30
0.0
 10
63.98448750192847
 20
192.2038926351503
 30
0.0
 10
64.52650333659616
 20
192.3101501483112
 30
0.0
 10
64.81040405255908
 20
191.9984160288223
 30
0.0
 10
66.26928500172707
 20
190.3965075356183
 30
0.0
 10
67.23023027354507
 20
188.3806707581133
 30
0.0
 10
68.71040405255911
 20
186.7984160288223
 30
0.0
 10
69.19933757275867
 20
186.2757629555055
 30
0.0
 10
70.03020334587171
 20
186.217449872541
 30
0.0
 10
70.6104040525591
 20
185.7984160288223
 30
0.0
 10
72.43778204980753
 20
184.4786430308096
 30
0.0
 10
74.14373738589244
 20
182.9984160288223
 30
0.0
 10
75.91040405255911
 20
181.5984160288224
 30
0.0
  0
SPLINE
  5
56F
330
1F
100
AcDbEntity
  8
0
  6
Continuous
 62
     7
370
    25
100
AcDbSpline
210
0.0
220
0.0
230
1.0
 70
     8
 71
     3
 72
    38
 73
    34
 74
     0
 42
0.00000001
 43
0.0000000001
 40
0.0
 40
0.0
 40
0.0
 40
0.0
 40
1.0
 40
1.0
 40
1.0
 40
2.0
 40
2.0
 40
2.0
 40
3.0
 40
3.0
 40
3.0
 40
4.0
 40
4.0
 40
4.0
 40
5.0
 40
5.0
 40
5.0
 40
6.0
 40
6.0
 40
6.0
 40
7.0
 40
7.0
 40
7.0
 40
8.0
 40
8.0
 40
8.0
 40
9.0
 40
9.0
 40
9.0
 40
10.0
 40
10.0
 40
10.0
 40
11.0
 40
11.0
 40
11.0
 40
11.0
 10
40.31040405255907
 20
181.4984160288224
 30
0.0
 10
41.71040405255907
 20
182.6984160288223
 30
0.0
 10
43.01916839586907
 20
184.013881005775
 30
0.0
 10
44.51040405255906
 20
185.0984160288223
 30
0.0
 10
45.23375959670267
 20
185.6244927881995
 30
0.0
 10
46.27794852052545
 20
185.6659604967886
 30
0.0
 10
46.91040405255907
 20
186.2984160288223
 30
0.0
 10
48.48978508462337
 20
187.8777970608866
 30
0.0
 10
49.51938747065248
 20
189.9353590720803
 30
0.0
 10
51.01040405255907
 20
191.5984160288223
 30
0.0
 10
51.27926995638496
 20
191.8983049215512
 30
0.0
 10
51.88698845347406
 20
191.7632926301948
 30
0.0
 10
52.11040405255918
 20
192.0984160288223
 30
0.0
 10
52.86329023707676
 20
193.2277453055989
 30
0.0
 10
53.21068797296766
 20
194.5808106551065
 30
0.0
 10
53.81040405255916
 20
195.7984160288224
 30
0.0
 10
54.31116718478136
 20
196.8151169336372
 30
0.0
 10
55.04034776605466
 20
197.7272004626252
 30
0.0
 10
55.41040405255907
 20
198.7984160288224
 30
0.0
 10
55.68445638223147
 20
199.5917254041896
 30
0.0
 10
55.65060555655725
 20
200.4612370847965
 30
0.0
 10
55.71040405255917
 20
201.2984160288224
 30
0.0
 10
55.75321820121857
 20
201.8978141100553
 30
0.0
 10
55.40702405426896
 20
202.4757998353335
 30
0.0
 10
55.11040405255908
 20
202.9984160288224
 30
0.0
 10
54.64941184855267
 20
203.8106403882622
 30
0.0
 10
53.99363665842826
 20
204.4992236421925
 30
0.0
 10
53.51040405255907
 20
205.2984160288224
 30
0.0
 10
53.12474244766775
 20
205.936240990758
 30
0.0
 10
52.83199199297166
 20
206.626004880687
 30
0.0
 10
52.51040405255906
 20
207.2984160288224
 30
0.0
 10
52.13552331754226
 20
208.0822575656757
 30
0.0
 10
52.70910691738876
 20
208.8529680611067
 30
0.0
 10
52.91040405255907
 20
209.6984160288223
 30
0.0
  0
SPLINE
  5
570
330
1F
100
AcDbEntity
  8
0
  6
Continuous
 62
     7
370
    25
100
AcDbSpline
210
0.0
220
0.0
230
1.0
 70
     8
 71
     3
 72
    11
 73
     7
 74
     0
 42
0.00000001
 43
0.0000000001
 40
0.0
 40
0.0
 40
0.0
 40
0.0
 40
1.0
 40
1.0
 40
1.0
 40
2.0
 40
2.0
 40
2.0
 40
2.0
 10
51.61040405255917
 20
209.9984160288224
 30
0.0
 10
51.77707071922575
 20
210.7984160288224
 30
0.0
 10
51.69865238491358
 20
211.6925560271444
 30
0.0
 10
52.11040405255918
 20
212.3984160288224
 30
0.0
 10
52.44631806957515
 20
212.9742686294213
 30
0.0
 10
53.17707071922575
 20
213.1984160288224
 30
0.0
 10
53.71040405255917
 20
213.5984160288224
 30
0.0
  0
SPLINE
  5
571
330
1F
100
AcDbEntity
  8
0
  6
Continuous
 62
     7
370
    25
100
AcDbSpline
210
0.0
220
0.0
230
1.0
 70
     8
 71
     3
 72
    11
 73
     7
 74
     0
 42
0.00000001
 43
0.0000000001
 40
0.0
 40
0.0
 40
0.0
 40
0.0
 40
1.0
 40
1.0
 40
1.0
 40
2.0
 40
2.0
 40
2.0
 40
2.0
 10
53.71040405255917
 20
213.5984160288224
 30
0.0
 10
54.17707071922575
 20
213.1984160288224
 30
0.0
 10
54.70206192269846
 20
212.8578009249156
 30
0.0
 10
55.11040405255908
 20
212.3984160288224
 30
0.0
 10
55.65243643127537
 20
211.7886296027666
 30
0.0
 10
54.94206101923258
 20
209.9567008621896
 30
0.0
 10
54.91040405255907
 20
209.7984160288224
 30
0.0
  0
SPLINE
  5
572
330
1F
100
AcDbEntity
  8
0
  6
Continuous
 62
     7
370
    25
100
AcDbSpline
210
0.0
220
0.0
230
1.0
 70
     8
 71
     3
 72
    14
 73
    10
 74
     0
 42
0.00000001
 43
0.0000000001
 40
0.0
 40
0.0
 40
0.0
 40
0.0
 40
1.0
 40
1.0
 40
1.0
 40
2.0
 40
2.0
 40
2.0
 40
3.0
 40
3.0
 40
3.0
 40
3.0
 10
60.01040405255906
 20
209.9984160288224
 30
0.0
 10
60.14373738589246
 20
210.7984160288224
 30
0.0
 10
60.25134700210506
 20
211.6031307765521
 30
0.0
 10
60.41040405255907
 20
212.3984160288224
 30
0.0
 10
60.45174896408886
 20
212.6051405864711
 30
0.0
 10
60.60245429525277
 20
212.7877474602052
 30
0.0
 10
60.61040405255917
 20
212.9984160288223
 30
0.0
 10
60.66948150140287
 20
214.5639684231812
 30
0.0
 10
60.61040405255917
 20
216.1317493621557
 30
0.0
 10
60.61040405255917
 20
217.6984160288224
 30
0.0
  0
SPLINE
  5
573
330
1F
100
AcDbEntity
  8
0
  6
Continuous
 62
     7
370
    25
100
AcDbSpline
210
0.0
220
0.0
230
1.0
 70
     8
 71
     3
 72
    11
 73
     7
 74
     0
 42
0.00000001
 43
0.0000000001
 40
0.0
 40
0.0
 40
0.0
 40
0.0
 40
1.0
 40
1.0
 40
1.0
 40
2.0
 40
2.0
 40
2.0
 40
2.0
 10
62.71040405255907
 20
209.1984160288224
 30
0.0
 10
62.57707071922576
 20
208.8317493621557
 30
0.0
 10
62.35512541210908
 20
208.4860011449223
 30
0.0
 10
62.31040405255916
 20
208.0984160288224
 30
0.0
 10
62.08889526154537
 20
206.1786731733699
 30
0.0
 10
63.68327592069157
 20
203.3162363584913
 30
0.0
 10
64.21040405255917
 20
201.9984160288224
 30
0.0
  0
SPLINE
  5
574
330
1F
100
AcDbEntity
  8
0
  6
Continuous
 62
     7
370
    25
100
AcDbSpline
210
0.0
220
0.0
230
1.0
 70
     8
 71
     3
 72
     8
 73
     4
 74
     0
 42
0.00000001
 43
0.0000000001
 40
0.0
 40
0.0
 40
0.0
 40
0.0
 40
1.0
 40
1.0
 40
1.0
 40
1.0
 10
60.91040405255917
 20
198.8984160288223
 30
0.0
 10
61.28111407123667
 20
200.0105460848551
 30
0.0
 10
59.29784966077825
 20
201.8009269071785
 30
0.0
 10
58.31040405255916
 20
201.9984160288224
 30
0.0
  0
SPLINE
  5
575
330
1F
100
AcDbEntity
  8
0
  6
Continuous
 62
     7
370
    25
100
AcDbSpline
210
0.0
220
0.0
230
1.0
 70
     8
 71
     3
 72
    32
 73
    28
 74
     0
 42
0.00000001
 43
0.0000000001
 40
0.0
 40
0.0
 40
0.0
 40
0.0
 40
1.0
 40
1.0
 40
1.0
 40
2.0
 40
2.0
 40
2.0
 40
3.0
 40
3.0
 40
3.0
 40
4.0
 40
4.0
 40
4.0
 40
5.0
 40
5.0
 40
5.0
 40
6.0
 40
6.0
 40
6.0
 40
7.0
 40
7.0
 40
7.0
 40
8.0
 40
8.0
 40
8.0
 40
9.0
 40
9.0
 40
9.0
 40
9.0
 10
58.31040405255916
 20
201.9984160288224
 30
0.0
 10
57.85113951417037
 20
201.5391514904336
 30
0.0
 10
57.60698525410356
 20
199.3261938388612
 30
0.0
 10
57.51040405255917
 20
198.6984160288223
 30
0.0
 10
57.45584244238108
 20
198.3437655626648
 30
0.0
 10
57.08997238884837
 20
198.2779843651116
 30
0.0
 10
56.91040405255917
 20
198.0984160288224
 30
0.0
 10
56.64688091421175
 20
197.834892890475
 30
0.0
 10
56.59530411796757
 20
197.421991143287
 30
0.0
 10
56.41040405255907
 20
197.0984160288223
 30
0.0
 10
56.21753557216607
 20
196.7608961881345
 30
0.0
 10
55.85439614972696
 20
196.3439970620251
 30
0.0
 10
55.71040405255907
 20
195.9984160288224
 30
0.0
 10
55.57655396911157
 20
195.6771758285482
 30
0.0
 10
55.57539563483597
 20
195.3048289673365
 30
0.0
 10
55.41040405255907
 20
194.9984160288224
 30
0.0
 10
55.33138741538656
 20
194.851670845502
 30
0.0
 10
55.08024708213608
 20
194.8497425929058
 30
0.0
 10
55.01040405255917
 20
194.6984160288223
 30
0.0
 10
54.86795166427857
 20
194.3897691875478
 30
0.0
 10
54.81040405255916
 20
194.0383506630619
 30
0.0
 10
54.81040405255916
 20
193.6984160288223
 30
0.0
 10
54.81040405255916
 20
193.5493448303223
 30
0.0
 10
54.93370755367438
 20
193.4262435269636
 30
0.0
 10
55.01040405255917
 20
193.2984160288224
 30
0.0
 10
55.70502012472587
 20
192.1407225752112
 30
0.0
 10
57.79022327710096
 20
193.9185968042805
 30
0.0
 10
58.71040405255907
 20
192.9984160288224
 30
0.0
  0
SPLINE
  5
576
330
1F
100
AcDbEntity
  8
0
  6
Continuous
 62
     7
370
    25
100
AcDbSpline
210
0.0
220
0.0
230
1.0
 70
     8
 71
     3
 72
    14
 73
    10
 74
     0
 42
0.00000001
 43
0.0000000001
 40
0.0
 40
0.0
 40
0.0
 40
0.0
 40
1.0
 40
1.0
 40
1.0
 40
2.0
 40
2.0
 40
2.0
 40
3.0
 40
3.0
 40
3.0
 40
3.0
 10
58.71040405255907
 20
192.9984160288224
 30
0.0
 10
58.94373738589248
 20
193.0317493621557
 30
0.0
 10
59.19501660497376
 20
193.00268827434
 30
0.0
 10
59.41040405255908
 20
193.0984160288223
 30
0.0
 10
60.07790617336576
 20
193.3950836380697
 30
0.0
 10
60.30799271882468
 20
196.4095508598491
 30
0.0
 10
60.41040405255907
 20
196.9984160288224
 30
0.0
 10
60.48659841179037
 20
197.436533594402
 30
0.0
 10
60.89628144269408
 20
198.3419255893619
 30
0.0
 10
61.01040405255917
 20
198.7984160288224
 30
0.0
  0
SPLINE
  5
577
330
1F
100
AcDbEntity
  8
0
  6
Continuous
 62
     7
370
    25
100
AcDbSpline
210
0.0
220
0.0
230
1.0
 70
     8
 71
     3
 72
    23
 73
    19
 74
     0
 42
0.00000001
 43
0.0000000001
 40
0.0
 40
0.0
 40
0.0
 40
0.0
 40
0.0460195681825946
 40
0.097515224830789
 40
0.1541340289418658
 40
0.2163088221245135
 40
0.2840684197705907
 40
0.3570175326713116
 40
0.4353386359900053
 40
0.5191205382763568
 40
0.6024149155136427
 40
0.6791523624342121
 40
0.749334721442726
 40
0.8127173125082956
 40
0.8695472869932537
 40
0.9195775733532908
 40
0.9630596167356577
 40
1.0
 40
1.0
 40
1.0
 40
1.0
 10
32.21441654266838
 20
173.8337307403971
 30
0.0
 10
32.24133136624738
 20
173.8675396430662
 30
0.0
 10
32.29836373695937
 20
173.939180531394
 30
0.0
 10
32.38296538936157
 20
174.05664250793
 30
0.0
 10
32.47438170803588
 20
174.1878186001502
 30
0.0
 10
32.57073560750047
 20
174.3341210902061
 30
0.0
 10
32.67215964033136
 20
174.495364963122
 30
0.0
 10
32.78040986511016
 20
174.6702392536976
 30
0.0
 10
32.89097727928615
 20
174.8612539034266
 30
0.0
 10
33.00758347385238
 20
175.0599783936631
 30
0.0
 10
33.11960921115528
 20
175.2596233736326
 30
0.0
 10
33.22720450311445
 20
175.4470940813994
 30
0.0
 10
33.32671587178737
 20
175.6176407006384
 30
0.0
 10
33.41594210888346
 20
175.7725479283631
 30
0.0
 10
33.49759322600986
 20
175.9099658045173
 30
0.0
 10
33.56903926563788
 20
176.0317071419101
 30
0.0
 10
33.63230890246658
 20
176.1365925406414
 30
0.0
 10
33.67251239665947
 20
176.2005108766937
 30
0.0
 10
33.69097904266837
 20
176.2298704462795
 30
0.0
  0
SPLINE
  5
578
330
1F
100
AcDbEntity
  8
0
  6
Continuous
 62
     7
370
    25
100
AcDbSpline
210
0.0
220
0.0
230
1.0
 70
     8
 71
     3
 72
    15
 73
    11
 74
     0
 42
0.00000001
 43
0.0000000001
 40
0.0
 40
0.0
 40
0.0
 40
0.0
 40
0.1238535545532222
 40
0.2429426271552701
 40
0.3591983683560425
 40
0.4742437719961486
 40
0.5930612909004647
 40
0.7188251373886587
 40
0.8547009986846727
 40
1.0
 40
1.0
 40
1.0
 40
1.0
 10
30.86882830737418
 20
173.1347417698089
 30
0.0
 10
30.93373388814157
 20
173.1370299486347
 30
0.0
 10
31.06104821808168
 20
173.1415182830823
 30
0.0
 10
31.24744695496466
 20
173.1718475954919
 30
0.0
 10
31.42373413143028
 20
173.2247797756418
 30
0.0
 10
31.59217417018928
 20
173.2988172480617
 30
0.0
 10
31.75335658546766
 20
173.3973729025606
 30
0.0
 10
31.91188300941167
 20
173.5187725169756
 30
0.0
 10
32.06746471552697
 20
173.6652353746207
 30
0.0
 10
32.16435027710986
 20
173.776324623764
 30
0.0
 10
32.21441654266838
 20
173.8337307403971
 30
0.0
  0
SPLINE
  5
579
330
1F
100
AcDbEntity
  8
0
  6
Continuous
 62
     7
370
    25
100
AcDbSpline
210
0.0
220
0.0
230
1.0
 70
     8
 71
     3
 72
    15
 73
    11
 74
     0
 42
0.00000001
 43
0.0000000001
 40
0.0
 40
0.0
 40
0.0
 40
0.0
 40
0.0821226496569506
 40
0.168335062337158
 40
0.2707513944078321
 40
0.3931537770088419
 40
0.5304112693103646
 40
0.6767339357224623
 40
0.8318873291413389
 40
1.0
 40
1.0
 40
1.0
 40
1.0
 10
29.83344227796246
 20
173.6420947109853
 30
0.0
 10
29.83741633641358
 20
173.6077657501929
 30
0.0
 10
29.84556236409176
 20
173.5373982233398
 30
0.0
 10
29.90853391104537
 20
173.4400559746623
 30
0.0
 10
30.00554593226278
 20
173.3534779915855
 30
0.0
 10
30.13655054194877
 20
173.2773862932029
 30
0.0
 10
30.29356841682167
 20
173.2140952929754
 30
0.0
 10
30.47052072255667
 20
173.167706370351
 30
0.0
 10
30.66437689352617
 20
173.1400469855735
 30
0.0
 10
30.79888048345518
 20
173.1365568137412
 30
0.0
 10
30.86882830737418
 20
173.1347417698089
 30
0.0
  0
SPLINE
  5
57A
330
1F
100
AcDbEntity
  8
0
  6
Continuous
 62
     7
370
    25
100
AcDbSpline
210
0.0
220
0.0
230
1.0
 70
     8
 71
     3
 72
    15
 73
    11
 74
     0
 42
0.00000001
 43
0.0000000001
 40
0.0
 40
0.0
 40
0.0
 40
0.0
 40
0.1859593929115393
 40
0.3512989388601306
 40
0.4934162884878019
 40
0.6167846409774751
 40
0.7235784469332576
 40
0.8181607342571695
 40
0.9078286927525578
 40
1.0
 40
1.0
 40
1.0
 40
1.0
 10
30.32425110149188
 20
173.9247233874559
 30
0.0
 10
30.28604452386728
 20
173.9206274990072
 30
0.0
 10
30.21386785149346
 20
173.9128898889666
 30
0.0
 10
30.11344253522975
 20
173.8945078125297
 30
0.0
 10
30.02799240333465
 20
173.8687302371686
 30
0.0
 10
29.95809150241758
 20
173.8358459777944
 30
0.0
 10
29.90283775467185
 20
173.7971920515389
 30
0.0
 10
29.86162292561886
 20
173.7523259754583
 30
0.0
 10
29.83868266357189
 20
173.6986866198158
 30
0.0
 10
29.83520503181106
 20
173.6611310210065
 30
0.0
 10
29.83344227796246
 20
173.6420947109853
 30
0.0
  0
SPLINE
  5
57B
330
1F
100
AcDbEntity
  8
0
  6
Continuous
 62
     7
370
    25
100
AcDbSpline
210
0.0
220
0.0
230
1.0
 70
     8
 71
     3
 72
    15
 73
    11
 74
     0
 42
0.00000001
 43
0.0000000001
 40
0.0
 40
0.0
 40
0.0
 40
0.0
 40
0.1245932721159833
 40
0.2428829726523721
 40
0.3637656322280247
 40
0.4919621591975602
 40
0.6211225834005477
 40
0.7452795595769796
 40
0.8710648426812342
 40
1.0
 40
1.0
 40
1.0
 40
1.0
 10
30.80403051325658
 20
174.3617638286324
 30
0.0
 10
30.80272042693966
 20
174.3325635026546
 30
0.0
 10
30.80016653575697
 20
174.2756401884542
 30
0.0
 10
30.77163006102916
 20
174.1946227406898
 30
0.0
 10
30.72855745131568
 20
174.1198508681055
 30
0.0
 10
30.66750962344338
 20
174.0552021083838
 30
0.0
 10
30.59695781071608
 20
174.000206752395
 30
0.0
 10
30.51786675271009
 20
173.9596266613779
 30
0.0
 10
30.43304404498306
 20
173.9322582921535
 30
0.0
 10
30.37362797618036
 20
173.9272556432819
 30
0.0
 10
30.34355257208009
 20
173.9247233874559
 30
0.0
  0
SPLINE
  5
57C
330
1F
100
AcDbEntity
  8
0
  6
Continuous
 62
     7
370
    25
100
AcDbSpline
210
0.0
220
0.0
230
1.0
 70
     8
 71
     3
 72
    15
 73
    11
 74
     0
 42
0.00000001
 43
0.0000000001
 40
0.0
 40
0.0
 40
0.0
 40
0.0
 40
0.1476709667918618
 40
0.2861634195818886
 40
0.4144671496449124
 40
0.5408342784395599
 40
0.6605958131378912
 40
0.772843018029012
 40
0.8842440297531151
 40
1.0
 40
1.0
 40
1.0
 40
1.0
 10
30.22912242502127
 20
174.8112123580441
 30
0.0
 10
30.26919833720115
 20
174.8095568968315
 30
0.0
 10
30.34685923643838
 20
174.8063488698789
 30
0.0
 10
30.45780145461058
 20
174.7837231398826
 30
0.0
 10
30.55665722773475
 20
174.7422215561704
 30
0.0
 10
30.64341539390998
 20
174.6882391110284
 30
0.0
 10
30.71418726470986
 20
174.6204828527349
 30
0.0
 10
30.76737557928047
 20
174.5430953366794
 30
0.0
 10
30.79911181179066
 20
174.4550860689489
 30
0.0
 10
30.80237012377037
 20
174.3932663029588
 30
0.0
 10
30.80403051325658
 20
174.3617638286324
 30
0.0
  0
SPLINE
  5
57D
330
1F
100
AcDbEntity
  8
0
  6
Continuous
 62
     7
370
    25
100
AcDbSpline
210
0.0
220
0.0
230
1.0
 70
     8
 71
     3
 72
    15
 73
    11
 74
     0
 42
0.00000001
 43
0.0000000001
 40
0.0
 40
0.0
 40
0.0
 40
0.0
 40
0.1268023115549057
 40
0.2476400655042693
 40
0.3687337579888481
 40
0.4952160407653884
 40
0.6219828334648211
 40
0.7453788935010729
 40
0.8689709542733467
 40
1.0
 40
1.0
 40
1.0
 40
1.0
 10
29.39226580737417
 20
173.9964145639265
 30
0.0
 10
29.39497696919517
 20
174.0514486545565
 30
0.0
 10
29.40027176455576
 20
174.1589281290349
 30
0.0
 10
29.44809084100987
 20
174.3130591006013
 30
0.0
 10
29.52559498978798
 20
174.4536314003792
 30
0.0
 10
29.63148184639758
 20
174.5777903922688
 30
0.0
 10
29.75895688599758
 20
174.6811528513668
 30
0.0
 10
29.90309534480147
 20
174.756974455307
 30
0.0
 10
30.06183821997246
 20
174.8029686713029
 30
0.0
 10
30.17228570493657
 20
174.80841147128
 30
0.0
 10
30.22912242502127
 20
174.8112123580441
 30
0.0
  0
SPLINE
  5
57E
330
1F
100
AcDbEntity
  8
0
  6
Continuous
 62
     7
370
    25
100
AcDbSpline
210
0.0
220
0.0
230
1.0
 70
     8
 71
     3
 72
    23
 73
    19
 74
     0
 42
0.00000001
 43
0.0000000001
 40
0.0
 40
0.0
 40
0.0
 40
0.0
 40
0.0819636893591054
 40
0.1601901415361077
 40
0.2342403350934978
 40
0.3051963960834477
 40
0.3730938077435157
 40
0.438906878825718
 40
0.5026649228211788
 40
0.5642454328808199
 40
0.6236694390659037
 40
0.6797745245166688
 40
0.7341115686878912
 40
0.7871466654627188
 40
0.8387009073379861
 40
0.8911596785976181
 40
0.944607376348352
 40
1.0
 40
1.0
 40
1.0
 40
1.0
 10
30.92811139560945
 20
172.9582711815736
 30
0.0
 10
30.87155017879266
 20
172.9588864820797
 30
0.0
 10
30.76100672475596
 20
172.960089027694
 30
0.0
 10
30.59995750722669
 20
172.9746387531531
 30
0.0
 10
30.44727011830867
 20
172.9957030009541
 30
0.0
 10
30.30401703537857
 20
173.0285044814069
 30
0.0
 10
30.16762300624396
 20
173.0656059636212
 30
0.0
 10
30.04088285868969
 20
173.1161878172497
 30
0.0
 10
29.92208463285076
 20
173.1736342245073
 30
0.0
 10
29.81264768407138
 20
173.23949123037
 30
0.0
 10
29.71560912841275
 20
173.314028559835
 30
0.0
 10
29.62857139044619
 20
173.3927516809172
 30
0.0
 10
29.55474552239787
 20
173.4784972517667
 30
0.0
 10
29.49552075343189
 20
173.5711576515835
 30
0.0
 10
29.44912106505908
 20
173.6693793029035
 30
0.0
 10
29.41591330724646
 20
173.7731254832041
 30
0.0
 10
29.39641415760405
 20
173.8830945483428
 30
0.0
 10
29.39366496637359
 20
173.9581938952698
 30
0.0
 10
29.39226580737417
 20
173.9964145639265
 30
0.0
  0
SPLINE
  5
57F
330
1F
100
AcDbEntity
  8
0
  6
Continuous
 62
     7
370
    25
100
AcDbSpline
210
0.0
220
0.0
230
1.0
 70
     8
 71
     3
 72
    23
 73
    19
 74
     0
 42
0.00000001
 43
0.0000000001
 40
0.0
 40
0.0
 40
0.0
 40
0.0
 40
0.0779970714185004
 40
0.1520238634795296
 40
0.2229112326210604
 40
0.2907080516372051
 40
0.3551725266088641
 40
0.4172176819614388
 40
0.4767438771346667
 40
0.5340963735748929
 40
0.5902994869243016
 40
0.6463219680934273
 40
0.7025716258603778
 40
0.7591871257503275
 40
0.8170788591119007
 40
0.8762712461703998
 40
0.9371321112634728
 40
1.0
 40
1.0
 40
1.0
 40
1.0
 10
34.51542757208009
 20
175.64531162275
 30
0.0
 10
34.46277888619176
 20
175.5326264890268
 30
0.0
 10
34.36016148671396
 20
175.3129922248968
 30
0.0
 10
34.19098300718585
 20
175.0001821119539
 30
0.0
 10
34.01449098517077
 20
174.710444677957
 30
0.0
 10
33.83206578956998
 20
174.44257190218
 30
0.0
 10
33.64089654713317
 20
174.198494273595
 30
0.0
 10
33.44266202850568
 20
173.9775262701438
 30
0.0
 10
33.23688902711737
 20
173.7795769133588
 30
0.0
 10
33.02350839732296
 20
173.6040208890281
 30
0.0
 10
32.79964879587658
 20
173.4518883768729
 30
0.0
 10
32.56638925131088
 20
173.3179142275406
 30
0.0
 10
32.31985092869317
 20
173.2086655884038
 30
0.0
 10
32.06334141705224
 20
173.1167577972453
 30
0.0
 10
31.79547537587945
 20
173.0450484421181
 30
0.0
 10
31.51606701108776
 20
172.9944536615902
 30
0.0
 10
31.22569922764038
 20
172.9632824069049
 30
0.0
 10
31.02837428596038
 20
172.9599595568424
 30
0.0
 10
30.92811139560945
 20
172.9582711815736
 30
0.0
  0
SPLINE
  5
580
330
1F
100
AcDbEntity
  8
0
  6
Continuous
 62
     7
370
    25
100
AcDbSpline
210
0.0
220
0.0
230
1.0
 70
     8
 71
     3
 72
    11
 73
     7
 74
     0
 42
0.00000001
 43
0.0000000001
 40
0.0
 40
0.0
 40
0.0
 40
0.0
 40
0.3059500862522037
 40
0.5749839303577886
 40
0.8062449336942073
 40
1.0
 40
1.0
 40
1.0
 40
1.0
 10
34.83390183678597
 20
176.4063410345147
 30
0.0
 10
34.80271871025278
 20
176.3281905773454
 30
0.0
 10
34.74411504429367
 20
176.18131937501
 30
0.0
 10
34.66094716667877
 20
175.9757541723866
 30
0.0
 10
34.58456422039697
 20
175.8008091556408
 30
0.0
 10
34.53707624814237
 20
175.694002379389
 30
0.0
 10
34.51542757208009
 20
175.64531162275
 30
0.0
  0
SPLINE
  5
581
330
1F
100
AcDbEntity
  8
0
  6
Continuous
 62
     7
370
    25
100
AcDbSpline
210
0.0
220
0.0
230
1.0
 70
     8
 71
     3
 72
    23
 73
    19
 74
     0
 42
0.00000001
 43
0.0000000001
 40
0.0
 40
0.0
 40
0.0
 40
0.0
 40
0.0447707310700361
 40
0.0906010810751166
 40
0.1380562046764933
 40
0.1874664844247791
 40
0.2391248036767392
 40
0.2925248857177305
 40
0.3490170077974245
 40
0.4084086657193426
 40
0.4705483614470142
 40
0.5362206160227407
 40
0.6052301214387046
 40
0.6769497426634677
 40
0.7524630843513347
 40
0.8313528054614444
 40
0.9141575369786783
 40
1.0
 40
1.0
 40
1.0
 40
1.0
 10
36.36009668972707
 20
178.3695763286324
 30
0.0
 10
36.32446227252527
 20
178.3559115860413
 30
0.0
 10
36.25235005445757
 20
178.3282586882266
 30
0.0
 10
36.14711682215375
 20
178.2752341233298
 30
0.0
 10
36.04344172874159
 20
178.2114884580742
 30
0.0
 10
35.94125779972086
 20
178.1366212702453
 30
0.0
 10
35.84094332562725
 20
178.0512471046528
 30
0.0
 10
35.74250784259488
 20
177.9549138049901
 30
0.0
 10
35.64467788540247
 20
177.8488530442034
 30
0.0
 10
35.54805095162925
 20
177.7317936854281
 30
0.0
 10
35.45463957221446
 20
177.6024231065292
 30
0.0
 10
35.36073761636058
 20
177.463451698162
 30
0.0
 10
35.26860630971828
 20
177.3135684510336
 30
0.0
 10
35.17927911368557
 20
177.1524004044064
 30
0.0
 10
35.08899061295045
 20
176.9821497357618
 30
0.0
 10
35.00311121500198
 20
176.7991507577043
 30
0.0
 10
34.91560876634748
 20
176.6072191578993
 30
0.0
 10
34.86146257990896
 20
176.4740996736821
 30
0.0
 10
34.83390183678597
 20
176.4063410345147
 30
0.0
  0
SPLINE
  5
582
330
1F
100
AcDbEntity
  8
0
  6
Continuous
 62
     7
370
    25
100
AcDbSpline
210
0.0
220
0.0
230
1.0
 70
     8
 71
     3
 72
    11
 73
     7
 74
     0
 42
0.00000001
 43
0.0000000001
 40
0.0
 40
0.0
 40
0.0
 40
0.0
 40
0.2662196437552219
 40
0.5171835948468205
 40
0.7591878807058919
 40
1.0
 40
1.0
 40
1.0
 40
1.0
 10
36.62755992502127
 20
177.7491719168677
 30
0.0
 10
36.62492162276576
 20
177.8112207808864
 30
0.0
 10
36.61979620592737
 20
177.9317628043701
 30
0.0
 10
36.56446619328628
 20
178.100931794994
 30
0.0
 10
36.48119672769107
 20
178.2518392903521
 30
0.0
 10
36.40039686558188
 20
178.3303953058426
 30
0.0
 10
36.36009668972719
 20
178.3695763286324
 30
0.0
  0
SPLINE
  5
583
330
1F
100
AcDbEntity
  8
0
  6
Continuous
 62
     7
370
    25
100
AcDbSpline
210
0.0
220
0.0
230
1.0
 70
     8
 71
     3
 72
    23
 73
    19
 74
     0
 42
0.00000001
 43
0.0000000001
 40
0.0
 40
0.0
 40
0.0
 40
0.0
 40
0.0422614966246719
 40
0.0863297297954303
 40
0.1336652190927294
 40
0.1850658014170616
 40
0.2412746433108444
 40
0.3032615732924374
 40
0.3706588297427763
 40
0.4446532141566141
 40
0.5205129226795468
 40
0.5933520726015596
 40
0.6641573487453193
 40
0.7335899975714498
 40
0.80085292319641
 40
0.8673247029253095
 40
0.9339195976472922
 40
1.0
 40
1.0
 40
1.0
 40
1.0
 10
35.35642021913887
 20
175.9582711815736
 30
0.0
 10
35.38965390977538
 20
175.9604305851095
 30
0.0
 10
35.45754207659118
 20
175.9648417096241
 30
0.0
 10
35.55983474029836
 20
175.9921686770522
 30
0.0
 10
35.66235958750795
 20
176.0389474300539
 30
0.0
 10
35.76615339016445
 20
176.1033400677945
 30
0.0
 10
35.87160145078636
 20
176.1854981704602
 30
0.0
 10
35.97673117031667
 20
176.2870356563485
 30
0.0
 10
36.08523874077397
 20
176.4047535182142
 30
0.0
 10
36.19104716534426
 20
176.5390892395154
 30
0.0
 10
36.29342379764427
 20
176.6814108560749
 30
0.0
 10
36.38145421534597
 20
176.8301591186896
 30
0.0
 10
36.45829381318916
 20
176.9792518767634
 30
0.0
 10
36.52044135948009
 20
177.1304608428633
 30
0.0
 10
36.56719600640116
 20
177.2834753053703
 30
0.0
 10
36.60229182364117
 20
177.4372351147063
 30
0.0
 10
36.62348307845775
 20
177.5927886494858
 30
0.0
 10
36.62620449389638
 20
177.6971790972424
 30
0.0
 10
36.62755992502127
 20
177.7491719168677
 30
0.0
  0
SPLINE
  5
584
330
1F
100
AcDbEntity
  8
0
  6
Continuous
 62
     7
370
    25
100
AcDbSpline
210
0.0
220
0.0
230
1.0
 70
     8
 71
     3
 72
    13
 73
     9
 74
     0
 42
0.00000001
 43
0.0000000001
 40
0.0
 40
0.0
 40
0.0
 40
0.0
 40
0.0397458294800237
 40
0.1166742176068776
 40
0.2284126973242813
 40
0.3773973369474677
 40
0.6994983014613614
 40
1.0
 40
1.0
 40
1.0
 40
1.0
 10
34.87250477796246
 20
176.0079035345147
 30
0.0
 10
34.87894144544498
 20
176.0074798072496
 30
0.0
 10
34.89783633711878
 20
176.0062359522896
 30
0.0
 10
34.93468286733125
 20
176.0019874395568
 30
0.0
 10
34.98875364620346
 20
175.993058111146
 30
0.0
 10
35.08220471766626
 20
175.9785416932213
 30
0.0
 10
35.20662887992947
 20
175.9631532361941
 30
0.0
 10
35.30765807074946
 20
175.9598604555136
 30
0.0
 10
35.35642021913898
 20
175.9582711815736
 30
0.0
  0
SPLINE
  5
585
330
1F
100
AcDbEntity
  8
0
  6
Continuous
 62
     7
370
    25
100
AcDbSpline
210
0.0
220
0.0
230
1.0
 70
     8
 71
     3
 72
    11
 73
     7
 74
     0
 42
0.00000001
 43
0.0000000001
 40
0.0
 40
0.0
 40
0.0
 40
0.0
 40
0.1971902166523293
 40
0.4093200571724374
 40
0.6758808575359053
 40
1.0
 40
1.0
 40
1.0
 40
1.0
 10
34.68638345443296
 20
175.8976094168677
 30
0.0
 10
34.68879402429446
 20
175.9136885255029
 30
0.0
 10
34.69379779481747
 20
175.9470649362477
 30
0.0
 10
34.73888903969618
 20
175.9826753374619
 30
0.0
 10
34.79892273492138
 20
176.0058873177563
 30
0.0
 10
34.84643419145368
 20
176.0071891760756
 30
0.0
 10
34.87250477796246
 20
176.0079035345147
 30
0.0
  0
SPLINE
  5
586
330
1F
100
AcDbEntity
  8
0
  6
Continuous
 62
     7
370
    25
100
AcDbSpline
210
0.0
220
0.0
230
1.0
 70
     8
 71
     3
 72
    11
 73
     7
 74
     0
 42
0.00000001
 43
0.0000000001
 40
0.0
 40
0.0
 40
0.0
 40
0.0
 40
0.3297399477641091
 40
0.6024846444306457
 40
0.822133530837528
 40
1.0
 40
1.0
 40
1.0
 40
1.0
 10
34.92489448384475
 20
175.7707711815736
 30
0.0
 10
34.89239856151846
 20
175.772475073787
 30
0.0
 10
34.83302360758586
 20
175.7755883419892
 30
0.0
 10
34.75646859266039
 20
175.8005147378387
 30
0.0
 10
34.69864959554195
 20
175.840766274763
 30
0.0
 10
34.69017525861509
 20
175.8800376261929
 30
0.0
 10
34.68638345443296
 20
175.8976094168677
 30
0.0
  0
SPLINE
  5
587
330
1F
100
AcDbEntity
  8
0
  6
Continuous
 62
     7
370
    25
100
AcDbSpline
210
0.0
220
0.0
230
1.0
 70
     8
 71
     3
 72
    13
 73
     9
 74
     0
 42
0.00000001
 43
0.0000000001
 40
0.0
 40
0.0
 40
0.0
 40
0.0
 40
0.0716311388445238
 40
0.1661101242634794
 40
0.2898794709887774
 40
0.4397951670681355
 40
0.7395027825139496
 40
1.0
 40
1.0
 40
1.0
 40
1.0
 10
35.34814816031536
 20
175.7818005933383
 30
0.0
 10
35.33803626153056
 20
175.7818877844039
 30
0.0
 10
35.31458711928897
 20
175.7820899774583
 30
0.0
 10
35.27371110017995
 20
175.7799880990107
 30
0.0
 10
35.22174496737108
 20
175.7793118887022
 30
0.0
 10
35.14091794105207
 20
175.7750146942481
 30
0.0
 10
35.04072942834688
 20
175.7718039417975
 30
0.0
 10
34.96166139665457
 20
175.7710989877055
 30
0.0
 10
34.92489448384475
 20
175.7707711815736
 30
0.0
  0
SPLINE
  5
588
330
1F
100
AcDbEntity
  8
0
  6
Continuous
 62
     7
370
    25
100
AcDbSpline
210
0.0
220
0.0
230
1.0
 70
     8
 71
     3
 72
    15
 73
    11
 74
     0
 42
0.00000001
 43
0.0000000001
 40
0.0
 40
0.0
 40
0.0
 40
0.0
 40
0.1500893007776495
 40
0.2921085021454831
 40
0.427593230133938
 40
0.5594485086104731
 40
0.683688906407216
 40
0.7942877558995565
 40
0.8973371881387688
 40
1.0
 40
1.0
 40
1.0
 40
1.0
 10
35.74520698384475
 20
175.2027564756912
 30
0.0
 10
35.74405914687967
 20
175.2414690906857
 30
0.0
 10
35.74182519059588
 20
175.3168127955438
 30
0.0
 10
35.71942669664347
 20
175.4252778352536
 30
0.0
 10
35.68204628000396
 20
175.5244240473917
 30
0.0
 10
35.63098047302947
 20
175.6117647906184
 30
0.0
 10
35.57253028019136
 20
175.686857662192
 30
0.0
 10
35.50325929675617
 20
175.7407359949405
 30
0.0
 10
35.42786516361358
 20
175.7752724801246
 30
0.0
 10
35.37468718010166
 20
175.7796272837735
 30
0.0
 10
35.34814816031536
 20
175.7818005933383
 30
0.0
  0
SPLINE
  5
589
330
1F
100
AcDbEntity
  8
0
  6
Continuous
 62
     7
370
    25
100
AcDbSpline
210
0.0
220
0.0
230
1.0
 70
     8
 71
     3
 72
    15
 73
    11
 74
     0
 42
0.00000001
 43
0.0000000001
 40
0.0
 40
0.0
 40
0.0
 40
0.0
 40
0.1501285767797067
 40
0.2920238484102194
 40
0.4254173485347968
 40
0.5520172181375472
 40
0.6715889566934665
 40
0.7862753208345369
 40
0.8945942773653998
 40
1.0
 40
1.0
 40
1.0
 40
1.0
 10
35.19511507208008
 20
173.7551461815736
 30
0.0
 10
35.23912046686226
 20
173.8203508896108
 30
0.0
 10
35.32471792612526
 20
173.9471843691785
 30
0.0
 10
35.43607317604446
 20
174.1404238354112
 30
0.0
 10
35.53074638318665
 20
174.3286134040817
 30
0.0
 10
35.60788582350108
 20
174.511990034934
 30
0.0
 10
35.6702778912044
 20
174.6907080053354
 30
0.0
 10
35.71198837651559
 20
174.8654089185415
 30
0.0
 10
35.74070658471507
 20
175.0354510785904
 30
0.0
 10
35.74372054501058
 20
175.1474971015213
 30
0.0
 10
35.74520698384475
 20
175.2027564756912
 30
0.0
  0
SPLINE
  5
58A
330
1F
100
AcDbEntity
  8
0
  6
Continuous
 62
     7
370
    25
100
AcDbSpline
210
0.0
220
0.0
230
1.0
 70
     8
 71
     3
 72
    15
 73
    11
 74
     0
 42
0.00000001
 43
0.0000000001
 40
0.0
 40
0.0
 40
0.0
 40
0.0
 40
0.0908242237463349
 40
0.1874553402785639
 40
0.2907863892573672
 40
0.4043652757840345
 40
0.5309116942441225
 40
0.6716810508101535
 40
0.827509997541261
 40
1.0
 40
1.0
 40
1.0
 40
1.0
 10
34.27140183678597
 20
173.0465064756912
 30
0.0
 10
34.30793287176917
 20
173.0487706669331
 30
0.0
 10
34.38333057197545
 20
173.0534438116316
 30
0.0
 10
34.49581177684365
 20
173.0886898619397
 30
0.0
 10
34.60883577776369
 20
173.1451341668859
 30
0.0
 10
34.72232535820089
 20
173.2242805851647
 30
0.0
 10
34.83878366449744
 20
173.3239990934851
 30
0.0
 10
34.95465574142997
 20
173.4486671250144
 30
0.0
 10
35.07734284595256
 20
173.5918824921965
 30
0.0
 10
35.15455163664737
 20
173.6989144507122
 30
0.0
 10
35.19511507208008
 20
173.7551461815736
 30
0.0
  0
SPLINE
  5
58B
330
1F
100
AcDbEntity
  8
0
  6
Continuous
 62
     7
370
    25
100
AcDbSpline
210
0.0
220
0.0
230
1.0
 70
     8
 71
     3
 72
    15
 73
    11
 74
     0
 42
0.00000001
 43
0.0000000001
 40
0.0
 40
0.0
 40
0.0
 40
0.0
 40
0.1403690905264338
 40
0.2685785154417353
 40
0.3888053093639442
 40
0.5091961235451127
 40
0.6289295085704552
 40
0.7461436620819962
 40
0.8684855685896721
 40
1.0
 40
1.0
 40
1.0
 40
1.0
 10
33.89226580737418
 20
173.4463226521618
 30
0.0
 10
33.89355382522516
 20
173.417247957666
 30
0.0
 10
33.89601828460838
 20
173.3616172040913
 30
0.0
 10
33.91564081125745
 20
173.2830313362984
 30
0.0
 10
33.94772823517945
 20
173.2131786863186
 30
0.0
 10
33.99381236146027
 20
173.1539007745447
 30
0.0
 10
34.04999040332277
 20
173.1047639976183
 30
0.0
 10
34.11719878132095
 20
173.0716933047222
 30
0.0
 10
34.19146653343108
 20
173.0499264301331
 30
0.0
 10
34.24412253382107
 20
173.0476735942162
 30
0.0
 10
34.27140183678597
 20
173.0465064756912
 30
0.0
  0
SPLINE
  5
58C
330
1F
100
AcDbEntity
  8
0
  6
Continuous
 62
     7
370
    25
100
AcDbSpline
210
0.0
220
0.0
230
1.0
 70
     8
 71
     3
 72
    15
 73
    11
 74
     0
 42
0.00000001
 43
0.0000000001
 40
0.0
 40
0.0
 40
0.0
 40
0.0
 40
0.1581071238978606
 40
0.3055301546543936
 40
0.4402437472606208
 40
0.5654807199157325
 40
0.6823334754102636
 40
0.7911879776773368
 40
0.8962271346920374
 40
1.0
 40
1.0
 40
1.0
 40
1.0
 10
34.42443492502127
 20
174.2500910345148
 30
0.0
 10
34.38258799516146
 20
174.2180575781365
 30
0.0
 10
34.30172194285046
 20
174.1561553270546
 30
0.0
 10
34.19305605722466
 20
174.0573510634528
 30
0.0
 10
34.10053991235145
 20
173.9576826160494
 30
0.0
 10
34.02607538230197
 20
173.8563802546299
 30
0.0
 10
33.96527413636096
 20
173.7561040998201
 30
0.0
 10
33.92342186065898
 20
173.6537815483414
 30
0.0
 10
33.89707274780997
 20
173.5505983967636
 30
0.0
 10
33.89386162982797
 20
173.4809404255336
 30
0.0
 10
33.89226580737418
 20
173.4463226521618
 30
0.0
  0
SPLINE
  5
58D
330
1F
100
AcDbEntity
  8
0
  6
Continuous
 62
     7
370
    25
100
AcDbSpline
210
0.0
220
0.0
230
1.0
 70
     8
 71
     3
 72
    11
 73
     7
 74
     0
 42
0.00000001
 43
0.0000000001
 40
0.0
 40
0.0
 40
0.0
 40
0.0
 40
0.1139317887692136
 40
0.3127713761888988
 40
0.6085770851521711
 40
1.0
 40
1.0
 40
1.0
 40
1.0
 10
34.57471066031536
 20
174.3948520639265
 30
0.0
 10
34.57186645534296
 20
174.3872725325389
 30
0.0
 10
34.56405839832047
 20
174.3664648151444
 30
0.0
 10
34.53246968793258
 20
174.3359462177467
 30
0.0
 10
34.48629574946437
 20
174.2945590911151
 30
0.0
 10
34.44688308677746
 20
174.2662276789345
 30
0.0
 10
34.42443492502127
 20
174.2500910345148
 30
0.0
  0
SPLINE
  5
58E
330
1F
100
AcDbEntity
  8
0
  6
Continuous
 62
     7
370
    25
100
AcDbSpline
210
0.0
220
0.0
230
1.0
 70
     8
 71
     3
 72
    11
 73
     7
 74
     0
 42
0.00000001
 43
0.0000000001
 40
0.0
 40
0.0
 40
0.0
 40
0.0
 40
0.2679189154110299
 40
0.5269968221719054
 40
0.7745799040698769
 40
1.0
 40
1.0
 40
1.0
 40
1.0
 10
34.49199007208008
 20
174.4582711815736
 30
0.0
 10
34.50232340402408
 20
174.4576565266761
 30
0.0
 10
34.52264908012859
 20
174.4564474997689
 30
0.0
 10
34.54871864762117
 20
174.4416359730145
 30
0.0
 10
34.57009905745688
 20
174.4217364812631
 30
0.0
 10
34.57322223918476
 20
174.4035291629906
 30
0.0
 10
34.57471066031536
 20
174.3948520639265
 30
0.0
  0
SPLINE
  5
58F
330
1F
100
AcDbEntity
  8
0
  6
Continuous
 62
     7
370
    25
100
AcDbSpline
210
0.0
220
0.0
230
1.0
 70
     8
 71
     3
 72
    19
 73
    15
 74
     0
 42
0.00000001
 43
0.0000000001
 40
0.0
 40
0.0
 40
0.0
 40
0.0
 40
0.1191250875804693
 40
0.2455835630622251
 40
0.3872421072853388
 40
0.5475708582629711
 40
0.6290054808361157
 40
0.703614556427186
 40
0.7701565955736604
 40
0.829409467452689
 40
0.8810484257491534
 40
0.9264086269200625
 40
0.965335782937527
 40
1.0
 40
1.0
 40
1.0
 40
1.0
 10
33.62755992502127
 20
173.4545947109853
 30
0.0
 10
33.63223019237506
 20
173.5102995959561
 30
0.0
 10
33.64185823060365
 20
173.6251385808329
 30
0.0
 10
33.71097419035675
 20
173.7950045690524
 30
0.0
 10
33.82175622852597
 20
173.9624011946344
 30
0.0
 10
33.94193365745505
 20
174.0959945539128
 30
0.0
 10
34.04945660175517
 20
174.197336221758
 30
0.0
 10
34.12728346995576
 20
174.2663176220205
 30
0.0
 10
34.20077314204835
 20
174.3243398152749
 30
0.0
 10
34.26785864809474
 20
174.3730299086126
 30
0.0
 10
34.33021484426385
 20
174.4112320797386
 30
0.0
 10
34.38802817198896
 20
174.4376860030345
 30
0.0
 10
34.44145941341137
 20
174.4542727556709
 30
0.0
 10
34.47580979244646
 20
174.4569908568974
 30
0.0
 10
34.49199007208008
 20
174.4582711815736
 30
0.0
  0
SPLINE
  5
590
330
1F
100
AcDbEntity
  8
0
  6
Continuous
 62
     7
370
    25
100
AcDbSpline
210
0.0
220
0.0
230
1.0
 70
     8
 71
     3
 72
    15
 73
    11
 74
     0
 42
0.00000001
 43
0.0000000001
 40
0.0
 40
0.0
 40
0.0
 40
0.0
 40
0.1617351051374395
 40
0.3059735679966825
 40
0.4363659952001976
 40
0.555804462103391
 40
0.6666688683215742
 40
0.7735665257017299
 40
0.8819039704473986
 40
1.0
 40
1.0
 40
1.0
 40
1.0
 10
34.43684301325658
 20
172.8700358874559
 30
0.0
 10
34.37603643765357
 20
172.8716025626176
 30
0.0
 10
34.26100139390667
 20
172.8745664286793
 30
0.0
 10
34.09916091671326
 20
172.904062691509
 30
0.0
 10
33.95771824875925
 20
172.9496358245266
 30
0.0
 10
33.83831594092678
 20
173.0157890623244
 30
0.0
 10
33.74313019897366
 20
173.1011977341256
 30
0.0
 10
33.67485666687736
 20
173.2045195263677
 30
0.0
 10
33.63515244893267
 20
173.3250100414016
 30
0.0
 10
33.63016245083747
 20
173.4101763526222
 30
0.0
 10
33.62755992502127
 20
173.4545947109853
 30
0.0
  0
SPLINE
  5
591
330
1F
100
AcDbEntity
  8
0
  6
Continuous
 62
     7
370
    25
100
AcDbSpline
210
0.0
220
0.0
230
1.0
 70
     8
 71
     3
 72
    23
 73
    19
 74
     0
 42
0.00000001
 43
0.0000000001
 40
0.0
 40
0.0
 40
0.0
 40
0.0
 40
0.0542623360198703
 40
0.108425402273483
 40
0.1635280672070005
 40
0.2203123570321848
 40
0.2795357296179196
 40
0.3421434568547639
 40
0.4084926544014091
 40
0.4790054430413442
 40
0.5502003631765881
 40
0.6183410249438519
 40
0.6847603780346013
 40
0.749297251402087
 40
0.812315244593957
 40
0.8746595823754745
 40
0.9371349254133637
 40
1.0
 40
1.0
 40
1.0
 40
1.0
 10
36.53932463090356
 20
174.6816167698089
 30
0.0
 10
36.53696749905956
 20
174.6268043346622
 30
0.0
 10
36.53225754760626
 20
174.5172797405092
 30
0.0
 10
36.50131957613775
 20
174.3543508668701
 30
0.0
 10
36.44805402497238
 20
174.1948595501079
 30
0.0
 10
36.37413041800056
 20
174.0382418085617
 30
0.0
 10
36.27974642065524
 20
173.8839863050552
 30
0.0
 10
36.16213660067888
 20
173.7343388288443
 30
0.0
 10
36.02743703351675
 20
173.5841653183187
 30
0.0
 10
35.87133051802198
 20
173.4430836610949
 30
0.0
 10
35.70684766511099
 20
173.309147068508
 30
0.0
 10
35.53434224176076
 20
173.1927325463843
 30
0.0
 10
35.35941631969218
 20
173.0931609115591
 30
0.0
 10
35.18126283972936
 20
173.0107808674431
 30
0.0
 10
34.99930966870275
 20
172.9492212257216
 30
0.0
 10
34.81518189526565
 20
172.9024122335761
 30
0.0
 10
34.62692500431916
 20
172.876354514255
 30
0.0
 10
34.50033488273039
 20
172.8721464578773
 30
0.0
 10
34.43684301325658
 20
172.8700358874559
 30
0.0
  0
SPLINE
  5
592
330
1F
100
AcDbEntity
  8
0
  6
Continuous
 62
     7
370
    25
100
AcDbSpline
210
0.0
220
0.0
230
1.0
 70
     8
 71
     3
 72
    15
 73
    11
 74
     0
 42
0.00000001
 43
0.0000000001
 40
0.0
 40
0.0
 40
0.0
 40
0.0
 40
0.1447785810593701
 40
0.2778876010866532
 40
0.4007695302425754
 40
0.5174425127292971
 40
0.6317227426301751
 40
0.7472234001113037
 40
0.8695194196430458
 40
1.0
 40
1.0
 40
1.0
 40
1.0
 10
35.57562977796246
 20
175.8741719168677
 30
0.0
 10
35.65171914219138
 20
175.8484404549891
 30
0.0
 10
35.79776485378145
 20
175.7990515594663
 30
0.0
 10
35.99688813747486
 20
175.6984611319265
 30
0.0
 10
36.16543102441898
 20
175.5775392356577
 30
0.0
 10
36.30348454313776
 20
175.4365599915672
 30
0.0
 10
36.40936706373836
 20
175.2750692523552
 30
0.0
 10
36.48735976842275
 20
175.0950427785046
 30
0.0
 10
36.53078149974428
 20
174.8941347681032
 30
0.0
 10
36.53641610689096
 20
174.7539688956998
 30
0.0
 10
36.53932463090356
 20
174.6816167698089
 30
0.0
  0
SPLINE
  5
593
330
1F
100
AcDbEntity
  8
0
  6
Continuous
 62
     7
370
    25
100
AcDbSpline
210
0.0
220
0.0
230
1.0
 70
     8
 71
     3
 72
    23
 73
    19
 74
     0
 42
0.00000001
 43
0.0000000001
 40
0.0
 40
0.0
 40
0.0
 40
0.0
 40
0.0483136634963233
 40
0.0963530186141905
 40
0.1446666821105128
 40
0.1935948525085091
 40
0.2443360549937167
 40
0.2975074312164954
 40
0.3532531731747026
 40
0.4124554215533369
 40
0.4744175772639054
 40
0.5393810425765564
 40
0.60706050931611
 40
0.6780162109113953
 40
0.7526885688502342
 40
0.8313607979240018
 40
0.9134078467940238
 40
1.0
 40
1.0
 40
1.0
 40
1.0
 10
37.42167757208008
 20
177.4003667698089
 30
0.0
 10
37.42062153176076
 20
177.3588773644327
 30
0.0
 10
37.41851544695638
 20
177.2761341162664
 30
0.0
 10
37.39310738714488
 20
177.1542144821226
 30
0.0
 10
37.35661932331209
 20
177.0349111027038
 30
0.0
 10
37.30310811518325
 20
176.9194333724851
 30
0.0
 10
37.23491649344425
 20
176.8072783211231
 30
0.0
 10
37.15193509273496
 20
176.6980569462695
 30
0.0
 10
37.05279354142647
 20
176.593149508012
 30
0.0
 10
36.94021675810467
 20
176.4912111757505
 30
0.0
 10
36.81242156556857
 20
176.3953816109746
 30
0.0
 10
36.67365257017568
 20
176.3025353207106
 30
0.0
 10
36.52108348973624
 20
176.2173423232269
 30
0.0
 10
36.35634485821575
 20
176.1378127449965
 30
0.0
 10
36.17989043777376
 20
176.0610488439728
 30
0.0
 10
35.98959868230108
 20
175.9935106715052
 30
0.0
 10
35.78750778143606
 20
175.9290802919167
 30
0.0
 10
35.64751347155297
 20
175.8928006406751
 30
0.0
 10
35.57562977796246
 20
175.8741719168677
 30
0.0
  0
SPLINE
  5
594
330
1F
100
AcDbEntity
  8
0
  6
Continuous
 62
     7
370
    25
100
AcDbSpline
210
0.0
220
0.0
230
1.0
 70
     8
 71
     3
 72
    15
 73
    11
 74
     0
 42
0.00000001
 43
0.0000000001
 40
0.0
 40
0.0
 40
0.0
 40
0.0
 40
0.14977113814964
 40
0.2895722419713143
 40
0.4207874143990735
 40
0.5469496810403902
 40
0.6664631524386082
 40
0.7796934165075454
 40
0.8892956357751701
 40
1.0
 40
1.0
 40
1.0
 40
1.0
 10
36.55035404266838
 20
178.4357527992206
 30
0.0
 10
36.61638220032276
 20
178.4074238578971
 30
0.0
 10
36.74404312272375
 20
178.3526517893059
 30
0.0
 10
36.91699047393667
 20
178.2479257353191
 30
0.0
 10
37.06889589681217
 20
178.1322731824823
 30
0.0
 10
37.19348800339006
 20
178.0007099102407
 30
0.0
 10
37.29624316197515
 20
177.8619412981107
 30
0.0
 10
37.36870034393528
 20
177.7139378390171
 30
0.0
 10
37.41427138355266
 20
177.5593060741426
 30
0.0
 10
37.41920062260786
 20
177.4535229411015
 30
0.0
 10
37.42167757208008
 20
177.4003667698089
 30
0.0
  0
SPLINE
  5
595
330
1F
100
AcDbEntity
  8
0
  6
Continuous
 62
     7
370
    25
100
AcDbSpline
210
0.0
220
0.0
230
1.0
 70
     8
 71
     3
 72
     9
 73
     5
 74
     0
 42
0.00000001
 43
0.0000000001
 40
0.0
 40
0.0
 40
0.0
 40
0.0
 40
0.5497065105312839
 40
1.0
 40
1.0
 40
1.0
 40
1.0
 10
36.87572168972719
 20
178.4922785345147
 30
0.0
 10
36.81590351191147
 20
178.483059212316
 30
0.0
 10
36.70708512124367
 20
178.4662878588354
 30
0.0
 10
36.59901659600135
 20
178.4452334585802
 30
0.0
 10
36.55035404266838
 20
178.4357527992206
 30
0.0
  0
SPLINE
  5
596
330
1F
100
AcDbEntity
  8
0
  6
Continuous
 62
     7
370
    25
100
AcDbSpline
210
0.0
220
0.0
230
1.0
 70
     8
 71
     3
 72
    11
 73
     7
 74
     0
 42
0.00000001
 43
0.0000000001
 40
0.0
 40
0.0
 40
0.0
 40
0.0
 40
0.118896209340387
 40
0.3123839328256787
 40
0.6044647422871402
 40
1.0
 40
1.0
 40
1.0
 40
1.0
 10
37.15697168972719
 20
178.6094660345147
 30
0.0
 10
37.15191565685356
 20
178.5976206701935
 30
0.0
 10
37.13863160480247
 20
178.5664985552586
 30
0.0
 10
37.07613117135847
 20
178.5389742233582
 30
0.0
 10
36.98884026080217
 20
178.512619030444
 30
0.0
 10
36.91702929110676
 20
178.4997062900966
 30
0.0
 10
36.87572168972719
 20
178.4922785345147
 30
0.0
  0
SPLINE
  5
597
330
1F
100
AcDbEntity
  8
0
  6
Continuous
 62
     7
370
    25
100
AcDbSpline
210
0.0
220
0.0
230
1.0
 70
     8
 71
     3
 72
    11
 73
     7
 74
     0
 42
0.00000001
 43
0.0000000001
 40
0.0
 40
0.0
 40
0.0
 40
0.0
 40
0.343860335320625
 40
0.6069852597007499
 40
0.8056946695810422
 40
1.0
 40
1.0
 40
1.0
 40
1.0
 10
37.05219227796246
 20
178.6659917698089
 30
0.0
 10
37.06744921416777
 20
178.665844157806
 30
0.0
 10
37.09438089087937
 20
178.6655835918125
 30
0.0
 10
37.12899393861517
 20
178.6556647951678
 30
0.0
 10
37.15287338006786
 20
178.6359151400009
 30
0.0
 10
37.15561583037166
 20
178.6182162925717
 30
0.0
 10
37.15697168972719
 20
178.6094660345147
 30
0.0
  0
SPLINE
  5
598
330
1F
100
AcDbEntity
  8
0
  6
Continuous
 62
     7
370
    25
100
AcDbSpline
210
0.0
220
0.0
230
1.0
 70
     8
 71
     3
 72
    15
 73
    11
 74
     0
 42
0.00000001
 43
0.0000000001
 40
0.0
 40
0.0
 40
0.0
 40
0.0
 40
0.1925288710431728
 40
0.3694784790237047
 40
0.5268460659954352
 40
0.6671260719354769
 40
0.7858265728204705
 40
0.8829738556741531
 40
0.9521502983506596
 40
1.0
 40
1.0
 40
1.0
 40
1.0
 10
36.40283566031536
 20
178.5239880933383
 30
0.0
 10
36.44416477108436
 20
178.5346817129479
 30
0.0
 10
36.52347867815516
 20
178.5552036340875
 30
0.0
 10
36.63706509265697
 20
178.5825163416729
 30
0.0
 10
36.73968970213275
 20
178.6058011759295
 30
0.0
 10
36.82963929166258
 20
178.6265742073205
 30
0.0
 10
36.90685973788675
 20
178.6431144326422
 30
0.0
 10
36.96881135325748
 20
178.655555332177
 30
0.0
 10
37.01572332400318
 20
178.6632610943107
 30
0.0
 10
37.04160838341989
 20
178.665199282546
 30
0.0
 10
37.05219227796238
 20
178.6659917698089
 30
0.0
  0
SPLINE
  5
599
330
1F
100
AcDbEntity
  8
0
  6
Continuous
 62
     7
370
    25
100
AcDbSpline
210
0.0
220
0.0
230
1.0
 70
     8
 71
     3
 72
    15
 73
    11
 74
     0
 42
0.00000001
 43
0.0000000001
 40
0.0
 40
0.0
 40
0.0
 40
0.0
 40
0.1336166677170376
 40
0.2623084157571289
 40
0.3874998556312612
 40
0.5094032700049523
 40
0.630311665939283
 40
0.7515096783171368
 40
0.8753668472033002
 40
1.0
 40
1.0
 40
1.0
 40
1.0
 10
34.87664080737417
 20
178.8700358874559
 30
0.0
 10
34.94697283310316
 20
178.8688484366376
 30
0.0
 10
35.08504454646908
 20
178.8665173027434
 30
0.0
 10
35.28867998820075
 20
178.8519582994811
 30
0.0
 10
35.48457182331325
 20
178.8236044697707
 30
0.0
 10
35.67483973865876
 20
178.7867048144664
 30
0.0
 10
35.86030872815607
 20
178.7380299970851
 30
0.0
 10
36.04359711968326
 20
178.6783998905032
 30
0.0
 10
36.22478599966147
 20
178.6069874253016
 30
0.0
 10
36.34336234362678
 20
178.551712075157
 30
0.0
 10
36.40283566031536
 20
178.5239880933383
 30
0.0
  0
SPLINE
  5
59A
330
1F
100
AcDbEntity
  8
0
  6
Continuous
 62
     7
370
    25
100
AcDbSpline
210
0.0
220
0.0
230
1.0
 70
     8
 71
     3
 72
    15
 73
    11
 74
     0
 42
0.00000001
 43
0.0000000001
 40
0.0
 40
0.0
 40
0.0
 40
0.0
 40
0.1189146500730467
 40
0.2401182548023957
 40
0.3646252508090719
 40
0.4930459014924692
 40
0.6223021071330316
 40
0.749394510599403
 40
0.8754017826124684
 40
1.0
 40
1.0
 40
1.0
 40
1.0
 10
31.62296433678597
 20
177.9904402992206
 30
0.0
 10
31.74008635278759
 20
178.058022935894
 30
0.0
 10
31.97658483353797
 20
178.1944890884076
 30
0.0
 10
32.35400207899318
 20
178.3670608379911
 30
0.0
 10
32.75190568091438
 20
178.517892213797
 30
0.0
 10
33.16834846039887
 20
178.6424478894288
 30
0.0
 10
33.59375641562968
 20
178.745257722357
 30
0.0
 10
34.02283384859178
 20
178.8157682568137
 30
0.0
 10
34.45004081000337
 20
178.8627119365896
 30
0.0
 10
34.73497483167009
 20
178.8676037387173
 30
0.0
 10
34.87664080737417
 20
178.8700358874559
 30
0.0
  0
SPLINE
  5
59B
330
1F
100
AcDbEntity
  8
0
  6
Continuous
 62
     7
370
    25
100
AcDbSpline
210
0.0
220
0.0
230
1.0
 70
     8
 71
     3
 72
    15
 73
    11
 74
     0
 42
0.00000001
 43
0.0000000001
 40
0.0
 40
0.0
 40
0.0
 40
0.0
 40
0.0935615911769873
 40
0.1929750244319267
 40
0.3015202520173169
 40
0.4222680114210027
 40
0.5536930659421956
 40
0.69228139330341
 40
0.8411795458432248
 40
1.0
 40
1.0
 40
1.0
 40
1.0
 10
30.36285404266838
 20
176.3884182403971
 30
0.0
 10
30.36705835878687
 20
176.4545886814424
 30
0.0
 10
30.37572995142958
 20
176.591068216653
 30
0.0
 10
30.44290143425357
 20
176.7952714515442
 30
0.0
 10
30.54868970439395
 20
177.0024536858737
 30
0.0
 10
30.69435439734525
 20
177.2123753868257
 30
0.0
 10
30.87711492464336
 20
177.419872620911
 30
0.0
 10
31.09488602125245
 20
177.6207466494582
 30
0.0
 10
31.34458434751957
 20
177.813914568575
 30
0.0
 10
31.52819748866267
 20
177.9303469457076
 30
0.0
 10
31.62296433678597
 20
177.9904402992206
 30
0.0
  0
SPLINE
  5
59C
330
1F
100
AcDbEntity
  8
0
  6
Continuous
 62
     7
370
    25
100
AcDbSpline
210
0.0
220
0.0
230
1.0
 70
     8
 71
     3
 72
    23
 73
    19
 74
     0
 42
0.00000001
 43
0.0000000001
 40
0.0
 40
0.0
 40
0.0
 40
0.0
 40
0.0756521090917492
 40
0.1476088351139591
 40
0.2170393295316441
 40
0.2845562492063246
 40
0.3494339980271365
 40
0.4127572003662276
 40
0.4751176671777135
 40
0.5372181892694563
 40
0.5981458559503922
 40
0.6568009116693481
 40
0.7132810278195791
 40
0.769456728659458
 40
0.8257704818087017
 40
0.8817904671472962
 40
0.9395842499709367
 40
1.0
 40
1.0
 40
1.0
 40
1.0
 10
31.55540918972719
 20
175.4288594168677
 30
0.0
 10
31.51217521575598
 20
175.4295939624622
 30
0.0
 10
31.42781912030998
 20
175.4310271732588
 30
0.0
 10
31.30437982725388
 20
175.443951452373
 30
0.0
 10
31.18652765086358
 20
175.4638165038288
 30
0.0
 10
31.07539697041986
 20
175.4949642126801
 30
0.0
 10
30.96937611065448
 20
175.5310983605567
 30
0.0
 10
30.87159090475038
 20
175.5793598179991
 30
0.0
 10
30.77810769607245
 20
175.6322751884402
 30
0.0
 10
30.69315090044128
 20
175.6959892180932
 30
0.0
 10
30.61640091123218
 20
175.7660169032252
 30
0.0
 10
30.54820522211216
 20
175.8402360061391
 30
0.0
 10
30.49109506430827
 20
175.9199593364134
 30
0.0
 10
30.44345397868838
 20
176.0042375521981
 30
0.0
 10
30.40844703378497
 20
176.0941577767408
 30
0.0
 10
30.38119758327687
 20
176.1876268834184
 30
0.0
 10
30.36626030358517
 20
176.2863771351436
 30
0.0
 10
30.36400612934258
 20
176.3539052654799
 30
0.0
 10
30.36285404266838
 20
176.3884182403971
 30
0.0
  0
SPLINE
  5
59D
330
1F
100
AcDbEntity
  8
0
  6
Continuous
 62
     7
370
    25
100
AcDbSpline
210
0.0
220
0.0
230
1.0
 70
     8
 71
     3
 72
    23
 73
    19
 74
     0
 42
0.00000001
 43
0.0000000001
 40
0.0
 40
0.0
 40
0.0
 40
0.0
 40
0.0657601191234582
 40
0.1293566789516271
 40
0.191910210057431
 40
0.2532669666277057
 40
0.3146031302265774
 40
0.3769029250012908
 40
0.4398575287644956
 40
0.5047728564390804
 40
0.5693625211353102
 40
0.6319657447417625
 40
0.6935122649297777
 40
0.7536532822482746
 40
0.814180855344871
 40
0.8745927214202085
 40
0.9364416523724978
 40
1.0
 40
1.0
 40
1.0
 40
1.0
 10
33.52829521913887
 20
177.433455005103
 30
0.0
 10
33.52627096168777
 20
177.3648997550539
 30
0.0
 10
33.52228904643718
 20
177.2300447762423
 30
0.0
 10
33.49584171495767
 20
177.0313721590141
 30
0.0
 10
33.45100358760567
 20
176.8407033566135
 30
0.0
 10
33.38462519845626
 20
176.6590071227754
 30
0.0
 10
33.30349234637168
 20
176.4837731911701
 30
0.0
 10
33.20264117346108
 20
176.3169489822806
 30
0.0
 10
33.08251902423226
 20
176.1588920071049
 30
0.0
 10
32.94757849093617
 20
176.0100694964114
 30
0.0
 10
32.79968863972889
 20
175.8746364908471
 30
0.0
 10
32.64322053415976
 20
175.7548970291377
 30
0.0
 10
32.47924955924597
 20
175.6540794733512
 30
0.0
 10
32.30756085093787
 20
175.5721364850929
 30
0.0
 10
32.13007112165926
 20
175.5069473848937
 30
0.0
 10
31.94475798445836
 20
175.4610292894026
 30
0.0
 10
31.75238659905895
 20
175.4349836243886
 30
0.0
 10
31.62166229040136
 20
175.4309192862649
 30
0.0
 10
31.55540918972719
 20
175.4288594168677
 30
0.0
  0
SPLINE
  5
59E
330
1F
100
AcDbEntity
  8
0
  6
Continuous
 62
     7
370
    25
100
AcDbSpline
210
0.0
220
0.0
230
1.0
 70
     8
 71
     3
 72
    15
 73
    11
 74
     0
 42
0.00000001
 43
0.0000000001
 40
0.0
 40
0.0
 40
0.0
 40
0.0
 40
0.0626103033750938
 40
0.1268080444423967
 40
0.1919071380444607
 40
0.2735409861151487
 40
0.3833444592174035
 40
0.5407981607575194
 40
0.746092670715191
 40
1.0
 40
1.0
 40
1.0
 40
1.0
 10
33.42489448384475
 20
177.8112123580442
 30
0.0
 10
33.43378220876247
 20
177.8104889460219
 30
0.0
 10
33.45178300025518
 20
177.8090237804034
 30
0.0
 10
33.47611750236345
 20
177.7946029531696
 30
0.0
 10
33.49309450294248
 20
177.7696131573469
 30
0.0
 10
33.50758908264686
 20
177.7361882426309
 30
0.0
 10
33.51587865862638
 20
177.6873488968617
 30
0.0
 10
33.52461290742656
 20
177.6212583255709
 30
0.0
 10
33.52745571347038
 20
177.5341031213554
 30
0.0
 10
33.52799630748325
 20
177.4692914457534
 30
0.0
 10
33.52829521913887
 20
177.433455005103
 30
0.0
  0
SPLINE
  5
59F
330
1F
100
AcDbEntity
  8
0
  6
Continuous
 62
     7
370
    25
100
AcDbSpline
210
0.0
220
0.0
230
1.0
 70
     8
 71
     3
 72
    13
 73
     9
 74
     0
 42
0.00000001
 43
0.0000000001
 40
0.0
 40
0.0
 40
0.0
 40
0.0
 40
0.3232185213480708
 40
0.6459655634132189
 40
0.7902826453681092
 40
0.8962273581835869
 40
0.9639344713782733
 40
1.0
 40
1.0
 40
1.0
 40
1.0
 10
33.16708198384475
 20
177.0901645639265
 30
0.0
 10
33.20229045227808
 20
177.1660296853648
 30
0.0
 10
33.27265603050546
 20
177.3176492636887
 30
0.0
 10
33.32092360642818
 20
177.5160606461767
 30
0.0
 10
33.35063933188528
 20
177.6620137425846
 30
0.0
 10
33.37458959121347
 20
177.738418552553
 30
0.0
 10
33.39216970417448
 20
177.7938900968375
 30
0.0
 10
33.41645446725889
 20
177.806744790245
 30
0.0
 10
33.42489448384475
 20
177.8112123580442
 30
0.0
  0
SPLINE
  5
5A0
330
1F
100
AcDbEntity
  8
0
  6
Continuous
 62
     7
370
    25
100
AcDbSpline
210
0.0
220
0.0
230
1.0
 70
     8
 71
     3
 72
    19
 73
    15
 74
     0
 42
0.00000001
 43
0.0000000001
 40
0.0
 40
0.0
 40
0.0
 40
0.0
 40
0.0502131451428888
 40
0.1021573861708069
 40
0.156002670332344
 40
0.2125225626692011
 40
0.2717309886198508
 40
0.3343872649116162
 40
0.4004674425743832
 40
0.4700300052648993
 40
0.609447514690265
 40
0.7432079325965148
 40
0.8723314679370227
 40
1.0
 40
1.0
 40
1.0
 40
1.0
 10
31.27691654266826
 20
175.7818005933383
 30
0.0
 10
31.31699336626676
 20
175.7826201591621
 30
0.0
 10
31.39852866012666
 20
175.7842875453041
 30
0.0
 10
31.52123439944427
 20
175.8061499715194
 30
0.0
 10
31.64778388687086
 20
175.8335622019815
 30
0.0
 10
31.77563750921326
 20
175.878070744285
 30
0.0
 10
31.90774094875059
 20
175.9309851486008
 30
0.0
 10
32.04056535704007
 20
176.0005465795076
 30
0.0
 10
32.17940889486357
 20
176.076230082491
 30
0.0
 10
32.36211246979266
 20
176.1977557263977
 30
0.0
 10
32.58010989173616
 20
176.3630561295828
 30
0.0
 10
32.81370087163046
 20
176.5837183737579
 30
0.0
 10
33.01172212068858
 20
176.8256065874816
 30
0.0
 10
33.11549135089516
 20
177.0023123144498
 30
0.0
 10
33.16708198384475
 20
177.0901645639265
 30
0.0
  0
SPLINE
  5
5A1
330
1F
100
AcDbEntity
  8
0
  6
Continuous
 62
     7
370
    25
100
AcDbSpline
210
0.0
220
0.0
230
1.0
 70
     8
 71
     3
 72
    15
 73
    11
 74
     0
 42
0.00000001
 43
0.0000000001
 40
0.0
 40
0.0
 40
0.0
 40
0.0
 40
0.1294669442976284
 40
0.2493036734615702
 40
0.3653231703287804
 40
0.4832748825309876
 40
0.6031116116949208
 40
0.7266243170772401
 40
0.8568099308686988
 40
1.0
 40
1.0
 40
1.0
 40
1.0
 10
30.62755992502128
 20
176.378767505103
 30
0.0
 10
30.62941862652716
 20
176.3357610805542
 30
0.0
 10
30.63299777266227
 20
176.2529472033855
 30
0.0
 10
30.66787368104778
 20
176.1359536025175
 30
0.0
 10
30.72163633988487
 20
176.0307206488926
 30
0.0
 10
30.80063340940626
 20
175.9427261135217
 30
0.0
 10
30.89636677021486
 20
175.8693444239639
 30
0.0
 10
31.01045548794048
 20
175.8193086964341
 30
0.0
 10
31.13851440591728
 20
175.7856706481793
 30
0.0
 10
31.22934227274436
 20
175.7831308837366
 30
0.0
 10
31.27691654266838
 20
175.7818005933383
 30
0.0
  0
SPLINE
  5
5A2
330
1F
100
AcDbEntity
  8
0
  6
Continuous
 62
     7
370
    25
100
AcDbSpline
210
0.0
220
0.0
230
1.0
 70
     8
 71
     3
 72
    19
 73
    15
 74
     0
 42
0.00000001
 43
0.0000000001
 40
0.0
 40
0.0
 40
0.0
 40
0.0
 40
0.1557409641608377
 40
0.3038645366953627
 40
0.4459945746874203
 40
0.5827671145810544
 40
0.647651794060111
 40
0.7084920214032047
 40
0.7654697704922656
 40
0.8184890941230991
 40
0.8681869073299374
 40
0.9140178492841974
 40
0.9580199700280935
 40
1.0
 40
1.0
 40
1.0
 40
1.0
 10
31.80908566031536
 20
177.8374072109853
 30
0.0
 10
31.72398645240625
 20
177.7832466249637
 30
0.0
 10
31.55795029407267
 20
177.6775744823307
 30
0.0
 10
31.33101316355137
 20
177.4982367561394
 30
0.0
 10
31.12910185025098
 20
177.3090782813383
 30
0.0
 10
30.97997863158315
 20
177.1432850048892
 30
0.0
 10
30.87780694665545
 20
177.0073938281757
 30
0.0
 10
30.81142764650997
 20
176.909464231387
 30
0.0
 10
30.75425075949846
 20
176.8146682023524
 30
0.0
 10
30.70876903474087
 20
176.721727479908
 30
0.0
 10
30.67231761147275
 20
176.6325937076753
 30
0.0
 10
30.64718588003078
 20
176.5457035775421
 30
0.0
 10
30.63124407506808
 20
176.4616124521596
 30
0.0
 10
30.62876856907968
 20
176.4059461085135
 30
0.0
 10
30.62755992502128
 20
176.378767505103
 30
0.0
  0
SPLINE
  5
5A3
330
1F
100
AcDbEntity
  8
0
  6
Continuous
 62
     7
370
    25
100
AcDbSpline
210
0.0
220
0.0
230
1.0
 70
     8
 71
     3
 72
    15
 73
    11
 74
     0
 42
0.00000001
 43
0.0000000001
 40
0.0
 40
0.0
 40
0.0
 40
0.0
 40
0.1176550234172402
 40
0.2389972634357504
 40
0.3651747073741394
 40
0.4966880507473125
 40
0.6285365041970826
 40
0.7559804767849898
 40
0.8794130231935943
 40
1.0
 40
1.0
 40
1.0
 40
1.0
 10
34.83390183678597
 20
178.6935652992206
 30
0.0
 10
34.70925341174166
 20
178.6903184277639
 30
0.0
 10
34.45605017730327
 20
178.6837229304331
 30
0.0
 10
34.07121198200227
 20
178.6394428176205
 30
0.0
 10
33.67623529457856
 20
178.56564872635
 30
0.0
 10
33.27605648154577
 20
178.4639803970526
 30
0.0
 10
32.88038068423456
 20
178.3411604100602
 30
0.0
 10
32.50224047507567
 20
178.1942394095614
 30
0.0
 10
32.14397951762058
 20
178.0302410975335
 30
0.0
 10
31.91984572027337
 20
177.9011835161343
 30
0.0
 10
31.80908566031536
 20
177.8374072109853
 30
0.0
  0
SPLINE
  5
5A4
330
1F
100
AcDbEntity
  8
0
  6
Continuous
 62
     7
370
    25
100
AcDbSpline
210
0.0
220
0.0
230
1.0
 70
     8
 71
     3
 72
    15
 73
    11
 74
     0
 42
0.00000001
 43
0.0000000001
 40
0.0
 40
0.0
 40
0.0
 40
0.0
 40
0.106188245718605
 40
0.2164132376127794
 40
0.3318574059198756
 40
0.4536632562261817
 40
0.5804617093399597
 40
0.7143805616134982
 40
0.8538312453148156
 40
1.0
 40
1.0
 40
1.0
 40
1.0
 10
36.19879154266826
 20
178.4536755933383
 30
0.0
 10
36.15362547240966
 20
178.4738307667514
 30
0.0
 10
36.06157634372545
 20
178.5149073124977
 30
0.0
 10
35.91411392208585
 20
178.561583741569
 30
0.0
 10
35.75796770484007
 20
178.6038996344619
 30
0.0
 10
35.59143122135206
 20
178.6357201222513
 30
0.0
 10
35.41540148882518
 20
178.6627360928625
 30
0.0
 10
35.22984058059876
 20
178.6796024421184
 30
0.0
 10
35.03487291960187
 20
178.6910857577175
 30
0.0
 10
34.90193448189825
 20
178.6927259258901
 30
0.0
 10
34.83390183678597
 20
178.6935652992206
 30
0.0
  0
SPLINE
  5
5A5
330
1F
100
AcDbEntity
  8
0
  6
Continuous
 62
     7
370
    25
100
AcDbSpline
210
0.0
220
0.0
230
1.0
 70
     8
 71
     3
 72
    19
 73
    15
 74
     0
 42
0.00000001
 43
0.0000000001
 40
0.0
 40
0.0
 40
0.0
 40
0.0
 40
0.1510432275331274
 40
0.2949590636074802
 40
0.4325348498849292
 40
0.5639506900532562
 40
0.6271245517275073
 40
0.6877525646966996
 40
0.745340626052264
 40
0.8005845655042051
 40
0.8532448353354482
 40
0.9040890362222222
 40
0.9528220218967119
 40
1.0
 40
1.0
 40
1.0
 40
1.0
 10
33.69097904266837
 20
176.2298704462795
 30
0.0
 10
33.78671222894178
 20
176.3730676040053
 30
0.0
 10
33.97366116694158
 20
176.6527047664514
 30
0.0
 10
34.27621484897787
 20
177.0427487742583
 30
0.0
 10
34.59051100346008
 20
177.3937813278432
 30
0.0
 10
34.86377481033395
 20
177.6565040484038
 30
0.0
 10
35.08408836635778
 20
177.8467298580418
 30
0.0
 10
35.24794240374087
 20
177.9730972583793
 30
0.0
 10
35.40994591717816
 20
178.0865825346362
 30
0.0
 10
35.56907276957088
 20
178.188275682119
 30
0.0
 10
35.72909800482407
 20
178.2730709607591
 30
0.0
 10
35.88535292565496
 20
178.3488651430648
 30
0.0
 10
36.04202654266726
 20
178.4083700308076
 30
0.0
 10
36.14710441967896
 20
178.4387378573474
 30
0.0
 10
36.19879154266826
 20
178.4536755933383
 30
0.0
  0
SPLINE
  5
5A6
330
1F
100
AcDbEntity
  8
0
  6
Continuous
 62
     7
370
    25
100
AcDbSpline
210
0.0
220
0.0
230
1.0
 70
     8
 71
     3
 72
    15
 73
    11
 74
     0
 42
0.00000001
 43
0.0000000001
 40
0.0
 40
0.0
 40
0.0
 40
0.0
 40
0.0385857034641081
 40
0.1050664614457577
 40
0.2039828401357756
 40
0.3392235827350766
 40
0.4950295089780333
 40
0.65557146248233
 40
0.8246743770772846
 40
1.0
 40
1.0
 40
1.0
 40
1.0
 10
70.8173577191389
 20
178.0759182403971
 30
0.0
 10
70.82966655205078
 20
178.070880072608
 30
0.0
 10
70.86318273557143
 20
178.0571614562749
 30
0.0
 10
70.89284802503039
 20
177.9901025302587
 30
0.0
 10
70.93138687619883
 20
177.8991894031495
 30
0.0
 10
70.96424236827776
 20
177.7712269620762
 30
0.0
 10
70.99948063952723
 20
177.6241127357991
 30
0.0
 10
71.02138496080589
 20
177.4623957075185
 30
0.0
 10
71.03786961942429
 20
177.2936398416142
 30
0.0
 10
71.03883382041397
 20
177.1779876141571
 30
0.0
 10
71.03932463090362
 20
177.1191167698089
 30
0.0
  0
SPLINE
  5
5A7
330
1F
100
AcDbEntity
  8
0
  6
Continuous
 62
     7
370
    25
100
AcDbSpline
210
0.0
220
0.0
230
1.0
 70
     8
 71
     3
 72
    11
 73
     7
 74
     0
 42
0.00000001
 43
0.0000000001
 40
0.0
 40
0.0
 40
0.0
 40
0.0
 40
0.3476936536158484
 40
0.6279669624571604
 40
0.8541485565690807
 40
1.0
 40
1.0
 40
1.0
 40
1.0
 10
70.76496801325657
 20
177.9601094168677
 30
0.0
 10
70.76545558115165
 20
177.9759511929153
 30
0.0
 10
70.76633617395767
 20
178.0045629086629
 30
0.0
 10
70.77939513737288
 20
178.0405945915884
 30
0.0
 10
70.79479336638655
 20
178.0679165178641
 30
0.0
 10
70.8110029362869
 20
178.0736647208879
 30
0.0
 10
70.8173577191389
 20
178.0759182403971
 30
0.0
  0
SPLINE
  5
5A8
330
1F
100
AcDbEntity
  8
0
  6
Continuous
 62
     7
370
    25
100
AcDbSpline
210
0.0
220
0.0
230
1.0
 70
     8
 71
     3
 72
    11
 73
     7
 74
     0
 42
0.00000001
 43
0.0000000001
 40
0.0
 40
0.0
 40
0.0
 40
0.0
 40
0.2846793436399427
 40
0.5930265007566437
 40
0.8604732877273171
 40
1.0
 40
1.0
 40
1.0
 40
1.0
 10
70.77461874855067
 20
177.7229770639265
 30
0.0
 10
70.77439146458861
 20
177.7455046390869
 30
0.0
 10
70.7739180006169
 20
177.7924326982046
 30
0.0
 10
70.7688434511323
 20
177.8603510181856
 30
0.0
 10
70.76679870645979
 20
177.9169106859642
 30
0.0
 10
70.76543540667826
 20
177.9490803691742
 30
0.0
 10
70.76496801325657
 20
177.9601094168677
 30
0.0
  0
SPLINE
  5
5A9
330
1F
100
AcDbEntity
  8
0
  6
Continuous
 62
     7
370
    25
100
AcDbSpline
210
0.0
220
0.0
230
1.0
 70
     8
 71
     3
 72
    23
 73
    19
 74
     0
 42
0.00000001
 43
0.0000000001
 40
0.0
 40
0.0
 40
0.0
 40
0.0
 40
0.0473539318264423
 40
0.0957896135312847
 40
0.1466114778926173
 40
0.2004048148920219
 40
0.2584342589306122
 40
0.3214687654845991
 40
0.3889072472401915
 40
0.4622346776044042
 40
0.5371382915398176
 40
0.6083768526163841
 40
0.677711162620297
 40
0.7444342964742776
 40
0.8097768861492733
 40
0.8736280366423876
 40
0.9368481834688118
 40
1.0
 40
1.0
 40
1.0
 40
1.0
 10
69.1987915426683
 20
175.6935652992206
 30
0.0
 10
69.24259883268861
 20
175.6959724482176
 30
0.0
 10
69.33121414337235
 20
175.7008417349533
 30
0.0
 10
69.46404164074398
 20
175.7321432947048
 30
0.0
 10
69.59532290237486
 20
175.7861351531184
 30
0.0
 10
69.72785203117026
 20
175.8581913884668
 30
0.0
 10
69.85876654382767
 20
175.9538468245994
 30
0.0
 10
69.99070468277189
 20
176.0681329699127
 30
0.0
 10
70.12259989539574
 20
176.2032295025208
 30
0.0
 10
70.25017018796429
 20
176.3568239317381
 30
0.0
 10
70.37228298039611
 20
176.5192190093597
 30
0.0
 10
70.47939396884157
 20
176.68762617806
 30
0.0
 10
70.57016650608455
 20
176.8567250357327
 30
0.0
 10
70.64630742398986
 20
177.0271164868881
 30
0.0
 10
70.70186565136052
 20
177.1999496225859
 30
0.0
 10
70.74409694846567
 20
177.3730229300881
 30
0.0
 10
70.76981018913682
 20
177.5475727789785
 30
0.0
 10
70.77301647330023
 20
177.6645300488431
 30
0.0
 10
70.77461874855067
 20
177.7229770639265
 30
0.0
  0
SPLINE
  5
5AA
330
1F
100
AcDbEntity
  8
0
  6
Continuous
 62
     7
370
    25
100
AcDbSpline
210
0.0
220
0.0
230
1.0
 70
     8
 71
     3
 72
    15
 73
    11
 74
     0
 42
0.00000001
 43
0.0000000001
 40
0.0
 40
0.0
 40
0.0
 40
0.0
 40
0.1402683092136899
 40
0.2719526905860936
 40
0.3984324370621496
 40
0.5244911952887307
 40
0.6469084967269977
 40
0.7635054215743044
 40
0.8790793329465035
 40
1.0
 40
1.0
 40
1.0
 40
1.0
 10
68.65697168972715
 20
176.3112123580441
 30
0.0
 10
68.65873966351839
 20
176.2683210356602
 30
0.0
 10
68.6621674173147
 20
176.1851631891693
 30
0.0
 10
68.69112801822298
 20
176.0658473790256
 30
0.0
 10
68.74232727357214
 20
175.9594767105366
 30
0.0
 10
68.80900528038663
 20
175.8655470933247
 30
0.0
 10
68.89167508429014
 20
175.7891843910669
 30
0.0
 10
68.98605042229156
 20
175.7347204008918
 30
0.0
 10
69.08926147946953
 20
175.6992980980128
 30
0.0
 10
69.16173534970529
 20
175.6955048187649
 30
0.0
 10
69.1987915426683
 20
175.6935652992206
 30
0.0
  0
SPLINE
  5
5AB
330
1F
100
AcDbEntity
  8
0
  6
Continuous
 62
     7
370
    25
100
AcDbSpline
210
0.0
220
0.0
230
1.0
 70
     8
 71
     3
 72
    15
 73
    11
 74
     0
 42
0.00000001
 43
0.0000000001
 40
0.0
 40
0.0
 40
0.0
 40
0.0
 40
0.1565217435086723
 40
0.3033912294783904
 40
0.4419373174614479
 40
0.5725991359224869
 40
0.6933608597546584
 40
0.8033812141482826
 40
0.9054408215406644
 40
1.0
 40
1.0
 40
1.0
 40
1.0
 10
69.53105257208008
 20
177.7464145639265
 30
0.0
 10
69.46392520443386
 20
177.686279773008
 30
0.0
 10
69.33381002589517
 20
177.5697185353024
 30
0.0
 10
69.1598890657606
 20
177.3837311896604
 30
0.0
 10
69.00823749959032
 20
177.1980544319109
 30
0.0
 10
68.88344115791276
 20
177.0111788142837
 30
0.0
 10
68.78268647383362
 20
176.8286683745424
 30
0.0
 10
68.71159350718945
 20
176.6504775721292
 30
0.0
 10
68.66546147786651
 20
176.478988454826
 30
0.0
 10
68.65972872319175
 20
176.3656971468033
 30
0.0
 10
68.65697168972715
 20
176.3112123580441
 30
0.0
  0
SPLINE
  5
5AC
330
1F
100
AcDbEntity
  8
0
  6
Continuous
 62
     7
370
    25
100
AcDbSpline
210
0.0
220
0.0
230
1.0
 70
     8
 71
     3
 72
    15
 73
    11
 74
     0
 42
0.00000001
 43
0.0000000001
 40
0.0
 40
0.0
 40
0.0
 40
0.0
 40
0.1135383959826962
 40
0.2276504901425049
 40
0.3459276263155852
 40
0.4672172863371866
 40
0.593196027084865
 40
0.7229688000232674
 40
0.8582332329306371
 40
1.0
 40
1.0
 40
1.0
 40
1.0
 10
71.31092389560947
 20
178.5170947109853
 30
0.0
 10
71.23588247716688
 20
178.5145724231985
 30
0.0
 10
71.08542046348789
 20
178.5095151027565
 30
0.0
 10
70.85922856810772
 20
178.4722553017098
 30
0.0
 10
70.63366218569935
 20
178.4097783874653
 30
0.0
 10
70.40783672015354
 20
178.3232333385481
 30
0.0
 10
70.18310573387103
 20
178.2148223280981
 30
0.0
 10
69.96224075938823
 20
178.0803012717865
 30
0.0
 10
69.74123922208796
 20
177.9266718139185
 30
0.0
 10
69.60220258759455
 20
177.807433216315
 30
0.0
 10
69.53105257208008
 20
177.7464145639265
 30
0.0
  0
SPLINE
  5
5AD
330
1F
100
AcDbEntity
  8
0
  6
Continuous
 62
     7
370
    25
100
AcDbSpline
210
0.0
220
0.0
230
1.0
 70
     8
 71
     3
 72
    23
 73
    19
 74
     0
 42
0.00000001
 43
0.0000000001
 40
0.0
 40
0.0
 40
0.0
 40
0.0
 40
0.029311002589981
 40
0.0654454387119182
 40
0.1087775592330591
 40
0.1597214385840968
 40
0.2186226927321441
 40
0.2846984006981392
 40
0.3583249683831985
 40
0.4396751896089103
 40
0.5227363584527556
 40
0.6018236938174209
 40
0.6773693891723932
 40
0.7486605757059632
 40
0.8166034806410884
 40
0.8811379240697913
 40
0.9420567167837516
 40
1.0
 40
1.0
 40
1.0
 40
1.0
 10
73.76910404266833
 20
177.8994476521618
 30
0.0
 10
73.74425587739546
 20
177.9009339416408
 30
0.0
 10
73.68877503628557
 20
177.9042525202771
 30
0.0
 10
73.5973549410107
 20
177.9185172842998
 30
0.0
 10
73.48980769222561
 20
177.9449505715381
 30
0.0
 10
73.36380130616099
 20
177.9772104478341
 30
0.0
 10
73.2214635066402
 20
178.0225917541836
 30
0.0
 10
73.06088631086033
 20
178.0740403080029
 30
0.0
 10
72.88474933494686
 20
178.138919589887
 30
0.0
 10
72.69496592345807
 20
178.2082895321561
 30
0.0
 10
72.50181912709367
 20
178.2821561517347
 30
0.0
 10
72.30935104658562
 20
178.342973966111
 30
0.0
 10
72.12554792131651
 20
178.3979949655991
 30
0.0
 10
71.94804318327244
 20
178.4399061914117
 30
0.0
 10
71.77874037121691
 20
178.4759245168596
 30
0.0
 10
71.61599892603222
 20
178.4980586896605
 30
0.0
 10
71.46110671872648
 20
178.515295860887
 30
0.0
 10
71.36014234631762
 20
178.5165051854121
 30
0.0
 10
71.31092389560947
 20
178.5170947109853
 30
0.0
  0
SPLINE
  5
5AE
330
1F
100
AcDbEntity
  8
0
  6
Continuous
 62
     7
370
    25
100
AcDbSpline
210
0.0
220
0.0
230
1.0
 70
     8
 71
     3
 72
    19
 73
    15
 74
     0
 42
0.00000001
 43
0.0000000001
 40
0.0
 40
0.0
 40
0.0
 40
0.0
 40
0.0326005762349337
 40
0.0687133373737452
 40
0.112067923729204
 40
0.1595727071622481
 40
0.2155950380688207
 40
0.2781256228453335
 40
0.348198567681946
 40
0.4259478522384388
 40
0.5804170519937986
 40
0.724952410019426
 40
0.862592210870059
 40
1.0
 40
1.0
 40
1.0
 40
1.0
 10
74.7452069838448
 20
178.6067086815736
 30
0.0
 10
74.74384429099379
 20
178.5928340671319
 30
0.0
 10
74.74097209717318
 20
178.5635900729094
 30
0.0
 10
74.72595098604948
 20
178.5178041814505
 30
0.0
 10
74.70107027338745
 20
178.4695490891019
 30
0.0
 10
74.66664936964639
 20
178.4170790062564
 30
0.0
 10
74.6228263706875
 20
178.3613060845856
 30
0.0
 10
74.56834174493166
 20
178.3020120953305
 30
0.0
 10
74.50469007502903
 20
178.2387098479668
 30
0.0
 10
74.41033393709139
 20
178.1508297886349
 30
0.0
 10
74.28325681550747
 20
178.0510140115342
 30
0.0
 10
74.11710597240753
 20
177.9653008516944
 30
0.0
 10
73.94561586225825
 20
177.908067601912
 30
0.0
 10
73.82790821910425
 20
177.9023193524658
 30
0.0
 10
73.76910404266833
 20
177.8994476521618
 30
0.0
  0
SPLINE
  5
5AF
330
1F
100
AcDbEntity
  8
0
  6
Continuous
 62
     7
370
    25
100
AcDbSpline
210
0.0
220
0.0
230
1.0
 70
     8
 71
     3
 72
    11
 73
     7
 74
     0
 42
0.00000001
 43
0.0000000001
 40
0.0
 40
0.0
 40
0.0
 40
0.0
 40
0.269661321219879
 40
0.5108537392798312
 40
0.7441768084285645
 40
1.0
 40
1.0
 40
1.0
 40
1.0
 10
74.6831665426683
 20
178.66874912275
 30
0.0
 10
74.69220856886171
 20
178.6682786223956
 30
0.0
 10
74.70933802914416
 20
178.6673872937308
 30
0.0
 10
74.72942261046887
 20
178.6518450389801
 30
0.0
 10
74.74334247198199
 20
178.6315021550738
 30
0.0
 10
74.74456670876503
 20
178.6152227830598
 30
0.0
 10
74.7452069838448
 20
178.6067086815736
 30
0.0
  0
SPLINE
  5
5B0
330
1F
100
AcDbEntity
  8
0
  6
Continuous
 62
     7
370
    25
100
AcDbSpline
210
0.0
220
0.0
230
1.0
 70
     8
 71
     3
 72
     9
 73
     5
 74
     0
 42
0.00000001
 43
0.0000000001
 40
0.0
 40
0.0
 40
0.0
 40
0.0
 40
0.6776056246321034
 40
1.0
 40
1.0
 40
1.0
 40
1.0
 10
74.61285404266833
 20
178.6232527992206
 30
0.0
 10
74.62726710500544
 20
178.6360162773726
 30
0.0
 10
74.64853768159622
 20
178.6548524228943
 30
0.0
 10
74.67472416704801
 20
178.6653611637923
 30
0.0
 10
74.6831665426683
 20
178.66874912275
 30
0.0
  0
SPLINE
  5
5B1
330
1F
100
AcDbEntity
  8
0
  6
Continuous
 62
     7
370
    25
100
AcDbSpline
210
0.0
220
0.0
230
1.0
 70
     8
 71
     3
 72
    11
 73
     7
 74
     0
 42
0.00000001
 43
0.0000000001
 40
0.0
 40
0.0
 40
0.0
 40
0.0
 40
0.2505462806895648
 40
0.4938936102328665
 40
0.742606722768662
 40
1.0
 40
1.0
 40
1.0
 40
1.0
 10
74.07241286619774
 20
178.4288594168677
 30
0.0
 10
74.12137334664675
 20
178.431227872404
 30
0.0
 10
74.21788752510972
 20
178.4358967305978
 30
0.0
 10
74.35867019011692
 20
178.4738991247891
 30
0.0
 10
74.49307413390572
 20
178.5339767278026
 30
0.0
 10
74.57247348378203
 20
178.5931557846522
 30
0.0
 10
74.61285404266833
 20
178.6232527992206
 30
0.0
  0
SPLINE
  5
5B2
330
1F
100
AcDbEntity
  8
0
  6
Continuous
 62
     7
370
    25
100
AcDbSpline
210
0.0
220
0.0
230
1.0
 70
     8
 71
     3
 72
    19
 73
    15
 74
     0
 42
0.00000001
 43
0.0000000001
 40
0.0
 40
0.0
 40
0.0
 40
0.0
 40
0.1286250285839183
 40
0.2679450217549478
 40
0.4182581618349164
 40
0.5815313810165934
 40
0.6620021701767451
 40
0.7350401123495494
 40
0.799075307569453
 40
0.8556917048226882
 40
0.9033604216882796
 40
0.9436485576714893
 40
0.9757576117918588
 40
1.0
 40
1.0
 40
1.0
 40
1.0
 10
71.95752316031539
 20
178.8700358874559
 30
0.0
 10
72.05049004822068
 20
178.867160460387
 30
0.0
 10
72.24415387147899
 20
178.8611705191056
 30
0.0
 10
72.54369632973896
 20
178.8168636818217
 30
0.0
 10
72.86376253017973
 20
178.7476700244553
 30
0.0
 10
73.13709464909523
 20
178.667258423295
 30
0.0
 10
73.35586020183242
 20
178.5999681835854
 30
0.0
 10
73.5062096777129
 20
178.5540018882352
 30
0.0
 10
73.64126005386289
 20
178.517259855052
 30
0.0
 10
73.75846822481043
 20
178.4846541822976
 30
0.0
 10
73.86040637674937
 20
178.4617546199809
 30
0.0
 10
73.94506909681061
 20
178.4426597144872
 30
0.0
 10
74.01430310910178
 20
178.4328390510037
 30
0.0
 10
74.05493362143646
 20
178.4300564791615
 30
0.0
 10
74.07241286619774
 20
178.4288594168677
 30
0.0
  0
SPLINE
  5
5B3
330
1F
100
AcDbEntity
  8
0
  6
Continuous
 62
     7
370
    25
100
AcDbSpline
210
0.0
220
0.0
230
1.0
 70
     8
 71
     3
 72
    15
 73
    11
 74
     0
 42
0.00000001
 43
0.0000000001
 40
0.0
 40
0.0
 40
0.0
 40
0.0
 40
0.1303315258172541
 40
0.2570507428235745
 40
0.3819557022536677
 40
0.5057315377760381
 40
0.6290329409982041
 40
0.7515563749724159
 40
0.8751202615213896
 40
1.0
 40
1.0
 40
1.0
 40
1.0
 10
69.31735771913889
 20
177.8236204462795
 30
0.0
 10
69.41292212686207
 20
177.906259977326
 30
0.0
 10
69.60140224967722
 20
178.0692485766607
 30
0.0
 10
69.9057875033197
 20
178.2809660513146
 30
0.0
 10
70.22233295114673
 20
178.4610096995238
 30
0.0
 10
70.5515339770711
 20
178.6090661789758
 30
0.0
 10
70.89100566685755
 20
178.7245613485476
 30
0.0
 10
71.23903099512268
 20
178.8098620052386
 30
0.0
 10
71.59573132056412
 20
178.8604855419141
 30
0.0
 10
71.83650081146606
 20
178.8668412182489
 30
0.0
 10
71.95752316031536
 20
178.8700358874559
 30
0.0
  0
SPLINE
  5
5B4
330
1F
100
AcDbEntity
  8
0
  6
Continuous
 62
     7
370
    25
100
AcDbSpline
210
0.0
220
0.0
230
1.0
 70
     8
 71
     3
 72
    15
 73
    11
 74
     0
 42
0.00000001
 43
0.0000000001
 40
0.0
 40
0.0
 40
0.0
 40
0.0
 40
0.0969684985874863
 40
0.2003048563186591
 40
0.3134141753847355
 40
0.437184202641299
 40
0.569582066921778
 40
0.7067924189433499
 40
0.8498484161628422
 40
1.0
 40
1.0
 40
1.0
 40
1.0
 10
68.39226580737417
 20
176.238142505103
 30
0.0
 10
68.39523703568966
 20
176.2990953352665
 30
0.0
 10
68.40137461097945
 20
176.4250037288785
 30
0.0
 10
68.45271783082087
 20
176.6161809169138
 30
0.0
 10
68.53044584527211
 20
176.8153410037316
 30
0.0
 10
68.63875692618949
 20
177.0208172372365
 30
0.0
 10
68.77270422720211
 20
177.2286585333504
 30
0.0
 10
68.93285380357839
 20
177.4326013061223
 30
0.0
 10
69.11348875742288
 20
177.6339638852027
 30
0.0
 10
69.24831381541308
 20
177.7593898285643
 30
0.0
 10
69.31735771913889
 20
177.8236204462795
 30
0.0
  0
SPLINE
  5
5B5
330
1F
100
AcDbEntity
  8
0
  6
Continuous
 62
     7
370
    25
100
AcDbSpline
210
0.0
220
0.0
230
1.0
 70
     8
 71
     3
 72
    15
 73
    11
 74
     0
 42
0.00000001
 43
0.0000000001
 40
0.0
 40
0.0
 40
0.0
 40
0.0
 40
0.1398766737664797
 40
0.2703263842969877
 40
0.3935360639295922
 40
0.5163519646586244
 40
0.6359463248156985
 40
0.7530924632314015
 40
0.8718633532622476
 40
1.0
 40
1.0
 40
1.0
 40
1.0
 10
69.38491286619772
 20
175.34062412275
 30
0.0
 10
69.3147733436335
 20
175.3431879373042
 30
0.0
 10
69.17922133899581
 20
175.3481427785923
 30
0.0
 10
68.98656195821354
 20
175.3959942243656
 30
0.0
 10
68.81392263872347
 20
175.4742634289471
 30
0.0
 10
68.66496248064342
 20
175.5830147461667
 30
0.0
 10
68.5436153855629
 20
175.7177735259607
 30
0.0
 10
68.45462744139336
 20
175.8735325002654
 30
0.0
 10
68.40208791871319
 20
176.0501193466478
 30
0.0
 10
68.39562160508073
 20
176.1739029885526
 30
0.0
 10
68.39226580737417
 20
176.238142505103
 30
0.0
  0
SPLINE
  5
5B6
330
1F
100
AcDbEntity
  8
0
  6
Continuous
 62
     7
370
    25
100
AcDbSpline
210
0.0
220
0.0
230
1.0
 70
     8
 71
     3
 72
    23
 73
    19
 74
     0
 42
0.00000001
 43
0.0000000001
 40
0.0
 40
0.0
 40
0.0
 40
0.0
 40
0.067982655735681
 40
0.1338517459960022
 40
0.1982658597221015
 40
0.2612410678308475
 40
0.3238716814505969
 40
0.3870184816333193
 40
0.4503549370360155
 40
0.5154915950181284
 40
0.5797780736767784
 40
0.6419008038156945
 40
0.7020965126814652
 40
0.7617002181242221
 40
0.8202111974774563
 40
0.8792876205602796
 40
0.9386480400843076
 40
1.0
 40
1.0
 40
1.0
 40
1.0
 10
71.03932463090362
 20
177.1191167698089
 30
0.0
 10
71.03753207797705
 20
177.0579376358897
 30
0.0
 10
71.03400270219122
 20
176.9374814135638
 30
0.0
 10
71.01215474322781
 20
176.7600533397397
 30
0.0
 10
70.97344529452715
 20
176.5901874907099
 30
0.0
 10
70.91924591804695
 20
176.4277318128792
 30
0.0
 10
70.85031208052874
 20
176.2721144520782
 30
0.0
 10
70.76419463499807
 20
176.1249802290317
 30
0.0
 10
70.66435218704192
 20
175.9840526780099
 30
0.0
 10
70.5494442449364
 20
175.8536875393061
 30
0.0
 10
70.42474070030831
 20
175.7344145631572
 30
0.0
 10
70.29381078294917
 20
175.6288252810025
 30
0.0
 10
70.15604484379898
 20
175.5397892972834
 30
0.0
 10
70.01286566216281
 20
175.4667362836689
 30
0.0
 10
69.86377364587683
 20
175.4091785935723
 30
0.0
 10
69.7091988084421
 20
175.3696472337711
 30
0.0
 10
69.54881663423989
 20
175.3454848476451
 30
0.0
 10
69.44014508488788
 20
175.3422620876584
 30
0.0
 10
69.38491286619772
 20
175.34062412275
 30
0.0
  0
SPLINE
  5
5B7
330
1F
100
AcDbEntity
  8
0
  6
Continuous
 62
     7
370
    25
100
AcDbSpline
210
0.0
220
0.0
230
1.0
 70
     8
 71
     3
 72
     8
 73
     4
 74
     0
 42
0.00000001
 43
0.0000000001
 40
0.9091755624367495
 40
0.9091755624367495
 40
0.9091755624367495
 40
0.9091755624367495
 40
1.0
 40
1.0
 40
1.0
 40
1.0
 10
44.63551709627475
 20
174.5358514172757
 30
0.0
 10
44.60218188620996
 20
174.5008440112627
 30
0.0
 10
44.56891502326267
 20
174.4657708317123
 30
0.0
 10
44.53564816031536
 20
174.4306976521618
 30
0.0
  0
SPLINE
  5
5B8
330
1F
100
AcDbEntity
  8
0
  6
Continuous
 62
     7
370
    25
100
AcDbSpline
210
0.0
220
0.0
230
1.0
 70
     8
 71
     3
 72
    12
 73
     8
 74
     0
 42
0.00000001
 43
0.0000000001
 40
0.0
 40
0.0
 40
0.0
 40
0.0
 40
0.2500000000000157
 40
0.2500000000000157
 40
0.5000000000000313
 40
0.5000000000000313
 40
1.0
 40
1.0
 40
1.0
 40
1.0
 10
44.63551709149686
 20
174.5358514161125
 30
0.0
 10
44.67793724291996
 20
174.5461786154508
 30
0.0
 10
44.71060673309345
 20
174.5759257237086
 30
0.0
 10
44.77779368014767
 20
174.6292946590205
 30
0.0
 10
44.80974398697687
 20
174.6580403318002
 30
0.0
 10
44.90401364157125
 20
174.7458531124732
 30
0.0
 10
44.96533823052196
 20
174.8060115237607
 30
0.0
 10
45.02645698384476
 20
174.8663594168677
 30
0.0
  0
SPLINE
  5
5B9
330
1F
100
AcDbEntity
  8
0
  6
Continuous
 62
     7
370
    25
100
AcDbSpline
210
0.0
220
0.0
230
1.0
 70
     8
 71
     3
 72
    11
 73
     7
 74
     0
 42
0.00000001
 43
0.0000000001
 40
0.0
 40
0.0
 40
0.0
 40
0.0
 40
0.2093040126454719
 40
0.446322018869729
 40
0.7092698879927668
 40
1.0
 40
1.0
 40
1.0
 40
1.0
 10
45.38215551325658
 20
175.2027564756912
 30
0.0
 10
45.35673544627575
 20
175.179933452452
 30
0.0
 10
45.30252943526217
 20
175.1312654040945
 30
0.0
 10
45.21951715771126
 20
175.0505665113401
 30
0.0
 10
45.12470244818975
 20
174.963014554422
 30
0.0
 10
45.06028294440265
 20
174.8996378271478
 30
0.0
 10
45.02645698384476
 20
174.8663594168677
 30
0.0
  0
SPLINE
  5
5BA
330
1F
100
AcDbEntity
  8
0
  6
Continuous
 62
     7
370
    25
100
AcDbSpline
210
0.0
220
0.0
230
1.0
 70
     8
 71
     3
 72
    15
 73
    11
 74
     0
 42
0.00000001
 43
0.0000000001
 40
0.0
 40
0.0
 40
0.0
 40
0.0
 40
0.0719434330508261
 40
0.1574863563206148
 40
0.2564424001835552
 40
0.3704398485102287
 40
0.5011017080536978
 40
0.6497361959173432
 40
0.8155576157729337
 40
1.0
 40
1.0
 40
1.0
 40
1.0
 10
44.65697168972717
 20
173.5221498580441
 30
0.0
 10
44.65951422140186
 20
173.5664092768669
 30
0.0
 10
44.66507990032908
 20
173.6632944866445
 30
0.0
 10
44.70068644990186
 20
173.8177385554043
 30
0.0
 10
44.75918059730007
 20
173.9918966155179
 30
0.0
 10
44.83684373711757
 20
174.1886961725568
 30
0.0
 10
44.93864586452566
 20
174.4083795567388
 30
0.0
 10
45.06457105338045
 20
174.6516865743511
 30
0.0
 10
45.21433944927595
 20
174.9197264387982
 30
0.0
 10
45.32426877914175
 20
175.1051276545671
 30
0.0
 10
45.38215551325658
 20
175.2027564756912
 30
0.0
  0
SPLINE
  5
5BB
330
1F
100
AcDbEntity
  8
0
  6
Continuous
 62
     7
370
    25
100
AcDbSpline
210
0.0
220
0.0
230
1.0
 70
     8
 71
     3
 72
    15
 73
    11
 74
     0
 42
0.00000001
 43
0.0000000001
 40
0.0
 40
0.0
 40
0.0
 40
0.0
 40
0.1350236022337982
 40
0.2577918448875469
 40
0.3763717764353381
 40
0.4939005759479336
 40
0.6128922710847379
 40
0.7333140515952273
 40
0.860951076545186
 40
1.0
 40
1.0
 40
1.0
 40
1.0
 10
45.28702683678597
 20
172.8700358874559
 30
0.0
 10
45.24080355851147
 20
172.8718196378544
 30
0.0
 10
45.15255243807057
 20
172.8752252373083
 30
0.0
 10
45.02797644449467
 20
172.9104159674915
 30
0.0
 10
44.91634865962416
 20
172.9631991210431
 30
0.0
 10
44.82317843102146
 20
173.0426654791612
 30
0.0
 10
44.74777903415587
 20
173.1395944291335
 30
0.0
 10
44.69518952720417
 20
173.254344117115
 30
0.0
 10
44.66281893484927
 20
173.383439551245
 30
0.0
 10
44.65897559226497
 20
173.4746126110136
 30
0.0
 10
44.65697168972717
 20
173.5221498580441
 30
0.0
  0
SPLINE
  5
5BC
330
1F
100
AcDbEntity
  8
0
  6
Continuous
 62
     7
370
    25
100
AcDbSpline
210
0.0
220
0.0
230
1.0
 70
     8
 71
     3
 72
    23
 73
    19
 74
     0
 42
0.00000001
 43
0.0000000001
 40
0.0
 40
0.0
 40
0.0
 40
0.0
 40
0.0990514306859433
 40
0.1933550346193322
 40
0.281982273049046
 40
0.3663810823775389
 40
0.4446877555265726
 40
0.5183241182957738
 40
0.5878281704410718
 40
0.6513671767385853
 40
0.7104980151326548
 40
0.7651445834938889
 40
0.8146872994833934
 40
0.859947321867917
 40
0.9007781992343096
 40
0.9374420508607242
 40
0.9704440766821868
 40
1.0
 40
1.0
 40
1.0
 40
1.0
 10
46.91110771913886
 20
174.0791351521618
 30
0.0
 10
46.86383358826536
 20
174.0303642558777
 30
0.0
 10
46.77155131482087
 20
173.9351601959856
 30
0.0
 10
46.63596261938017
 20
173.7972791990571
 30
0.0
 10
46.50402053207407
 20
173.6699951905918
 30
0.0
 10
46.37835299509475
 20
173.5520311484273
 30
0.0
 10
46.25745837842067
 20
173.4440809713681
 30
0.0
 10
46.14302124719597
 20
173.3442445894113
 30
0.0
 10
46.03371553326286
 20
173.2540140131791
 30
0.0
 10
45.92981941839568
 20
173.1728652820755
 30
0.0
 10
45.83016560370286
 20
173.1031743304371
 30
0.0
 10
45.73743516204745
 20
173.0402687010916
 30
0.0
 10
45.64830848448626
 20
172.9895375233861
 30
0.0
 10
45.56599762509345
 20
172.9462114846264
 30
0.0
 10
45.48867730585395
 20
172.9125011158316
 30
0.0
 10
45.41652866219425
 20
172.88944052696
 30
0.0
 10
45.35034016657355
 20
172.8721322869672
 30
0.0
 10
45.30734173475176
 20
172.8707085442615
 30
0.0
 10
45.28702683678597
 20
172.8700358874559
 30
0.0
  0
SPLINE
  5
5BD
330
1F
100
AcDbEntity
  8
0
  6
Continuous
 62
     7
370
    25
100
AcDbSpline
210
0.0
220
0.0
230
1.0
 70
     8
 71
     3
 72
    11
 73
     7
 74
     0
 42
0.00000001
 43
0.0000000001
 40
0.0
 40
0.0
 40
0.0
 40
0.0
 40
0.1956933294140265
 40
0.4262768562217036
 40
0.6943783656890136
 40
1.0
 40
1.0
 40
1.0
 40
1.0
 10
47.16340551325657
 20
174.3410836815736
 30
0.0
 10
47.14681846796307
 20
174.3241213550449
 30
0.0
 10
47.11068707021508
 20
174.2871724858703
 30
0.0
 10
47.05282667289409
 20
174.2260262776067
 30
0.0
 10
46.98517123979107
 20
174.1558095696269
 30
0.0
 10
46.93684894691277
 20
174.1057838130277
 30
0.0
 10
46.91110771913886
 20
174.0791351521618
 30
0.0
  0
SPLINE
  5
5BE
330
1F
100
AcDbEntity
  8
0
  6
Continuous
 62
     7
370
    25
100
AcDbSpline
210
0.0
220
0.0
230
1.0
 70
     8
 71
     3
 72
     9
 73
     5
 74
     0
 42
0.00000001
 43
0.0000000001
 40
0.0
 40
0.0
 40
0.0
 40
0.0
 40
0.5935093006762763
 40
1.0
 40
1.0
 40
1.0
 40
1.0
 10
47.30816654266827
 20
174.4913594168677
 30
0.0
 10
47.27978074339307
 20
174.4613849327772
 30
0.0
 10
47.23195369292746
 20
174.4108811174935
 30
0.0
 10
47.18321666274024
 20
174.3612558793362
 30
0.0
 10
47.16340551325657
 20
174.3410836815736
 30
0.0
  0
SPLINE
  5
5BF
330
1F
100
AcDbEntity
  8
0
  6
Continuous
 62
     7
370
    25
100
AcDbSpline
210
0.0
220
0.0
230
1.0
 70
     8
 71
     3
 72
    10
 73
     6
 74
     0
 42
0.00000001
 43
0.0000000001
 40
0.5891723892621024
 40
0.5891723892621024
 40
0.5891723892621024
 40
0.5891723892621024
 40
0.6752494400319258
 40
0.830911119311953
 40
1.0
 40
1.0
 40
1.0
 40
1.0
 10
47.75021907560886
 20
174.9370458342138
 30
0.0
 10
47.71847020376917
 20
174.906805558365
 30
0.0
 10
47.62991372126738
 20
174.8212429798262
 30
0.0
 10
47.48193808048196
 20
174.673245753811
 30
0.0
 10
47.36766530361236
 20
174.5536366563796
 30
0.0
 10
47.30816654266827
 20
174.4913594168677
 30
0.0
  0
SPLINE
  5
5C0
330
1F
100
AcDbEntity
  8
0
  6
Continuous
 62
     7
370
    25
100
AcDbSpline
210
0.0
220
0.0
230
1.0
 70
     8
 71
     3
 72
    10
 73
     6
 74
     0
 42
0.00000001
 43
0.0000000001
 40
0.0
 40
0.0
 40
0.0
 40
0.0
 40
0.2095715622967557
 40
0.4459583657277844
 40
0.6992737908023046
 40
0.6992737908023046
 40
0.6992737908023046
 40
0.6992737908023046
 10
48.00026213090356
 20
175.1476094168677
 30
0.0
 10
47.97487564981826
 20
175.1270616833507
 30
0.0
 10
47.92085441958866
 20
175.0833370789329
 30
0.0
 10
47.83850677514137
 20
175.0119552848167
 30
0.0
 10
47.78013198490166
 20
174.9628009999957
 30
0.0
 10
47.75021907560886
 20
174.9370458342138
 30
0.0
  0
SPLINE
  5
5C1
330
1F
100
AcDbEntity
  8
0
  6
Continuous
 62
     7
370
    25
100
AcDbSpline
210
0.0
220
0.0
230
1.0
 70
     8
 71
     3
 72
    11
 73
     7
 74
     0
 42
0.00000001
 43
0.0000000001
 40
0.0
 40
0.0
 40
0.0
 40
0.0
 40
0.3041659570860166
 40
0.5765272925573636
 40
0.805742004361268
 40
1.0
 40
1.0
 40
1.0
 40
1.0
 10
47.81551948384477
 20
174.8070763286324
 30
0.0
 10
47.83425359982925
 20
174.8416017438646
 30
0.0
 10
47.86976292924416
 20
174.907042480096
 30
0.0
 10
47.92101374014467
 20
174.9976197829404
 30
0.0
 10
47.96197117646907
 20
175.0776216132982
 30
0.0
 10
47.98822076073625
 20
175.1256003271904
 30
0.0
 10
48.00026213090356
 20
175.1476094168677
 30
0.0
  0
SPLINE
  5
5C2
330
1F
100
AcDbEntity
  8
0
  6
Continuous
 62
     7
370
    25
100
AcDbSpline
210
0.0
220
0.0
230
1.0
 70
     8
 71
     3
 72
    15
 73
    11
 74
     0
 42
0.00000001
 43
0.0000000001
 40
0.0
 40
0.0
 40
0.0
 40
0.0
 40
0.0680347917627474
 40
0.1522212232014465
 40
0.2516719893804513
 40
0.3669871921471689
 40
0.4999761510670635
 40
0.6494027383893937
 40
0.8158997547364894
 40
1.0
 40
1.0
 40
1.0
 40
1.0
 10
47.30403051325658
 20
173.5097417698089
 30
0.0
 10
47.30607423404707
 20
173.5415415929709
 30
0.0
 10
47.31064686035415
 20
173.6126906014987
 30
0.0
 10
47.33592610334485
 20
173.7280822017084
 30
0.0
 10
47.37638985553796
 20
173.8620206587218
 30
0.0
 10
47.43462837652225
 20
174.0140324739461
 30
0.0
 10
47.50553550301074
 20
174.1860958611776
 30
0.0
 10
47.59512689401617
 20
174.376108558854
 30
0.0
 10
47.69812948738608
 20
174.5861571532844
 30
0.0
 10
47.77510125323458
 20
174.7310122478351
 30
0.0
 10
47.81551948384477
 20
174.8070763286324
 30
0.0
  0
SPLINE
  5
5C3
330
1F
100
AcDbEntity
  8
0
  6
Continuous
 62
     7
370
    25
100
AcDbSpline
210
0.0
220
0.0
230
1.0
 70
     8
 71
     3
 72
    15
 73
    11
 74
     0
 42
0.00000001
 43
0.0000000001
 40
0.0
 40
0.0
 40
0.0
 40
0.0
 40
0.1329107384158175
 40
0.25425199329952
 40
0.3689501180218885
 40
0.4837260892237432
 40
0.6018093213023216
 40
0.7229786988374288
 40
0.8545536170342892
 40
1.0
 40
1.0
 40
1.0
 40
1.0
 10
47.88445330737417
 20
172.8700358874559
 30
0.0
 10
47.84103045172716
 20
172.8720222128227
 30
0.0
 10
47.75796457056057
 20
172.8758219598548
 30
0.0
 10
47.64099968010376
 20
172.9082609377136
 30
0.0
 10
47.53841057501896
 20
172.9612069254847
 30
0.0
 10
47.45332180684967
 20
173.03772537736
 30
0.0
 10
47.38499767016025
 20
173.1320382829765
 30
0.0
 10
47.33834327756466
 20
173.2444871934148
 30
0.0
 10
47.30868033288925
 20
173.3717229216021
 30
0.0
 10
47.30563134445008
 20
173.4622248992719
 30
0.0
 10
47.30403051325658
 20
173.5097417698089
 30
0.0
  0
SPLINE
  5
5C4
330
1F
100
AcDbEntity
  8
0
  6
Continuous
 62
     7
370
    25
100
AcDbSpline
210
0.0
220
0.0
230
1.0
 70
     8
 71
     3
 72
    15
 73
    11
 74
     0
 42
0.00000001
 43
0.0000000001
 40
0.0
 40
0.0
 40
0.0
 40
0.0
 40
0.1865300142271363
 40
0.3541052466779822
 40
0.5039376012852351
 40
0.6350145100458013
 40
0.7497884834413046
 40
0.8476931118834544
 40
0.9303901000347845
 40
1.0
 40
1.0
 40
1.0
 40
1.0
 10
49.41754154266828
 20
173.8985285345148
 30
0.0
 10
49.33365221505457
 20
173.8173798494085
 30
0.0
 10
49.17439821418307
 20
173.663328635312
 30
0.0
 10
48.93745812208296
 20
173.4552625613804
 30
0.0
 10
48.72149912893416
 20
173.2758868522737
 30
0.0
 10
48.52013601848916
 20
173.1317169574565
 30
0.0
 10
48.33798270836567
 20
173.0166568902921
 30
0.0
 10
48.17175943359496
 20
172.9358472081885
 30
0.0
 10
48.02324897897597
 20
172.8822298268307
 30
0.0
 10
47.92799013439526
 20
172.8738608297119
 30
0.0
 10
47.88445330737417
 20
172.8700358874559
 30
0.0
  0
SPLINE
  5
5C5
330
1F
100
AcDbEntity
  8
0
  6
Continuous
 62
     7
370
    25
100
AcDbSpline
210
0.0
220
0.0
230
1.0
 70
     8
 71
     3
 72
    14
 73
    10
 74
     0
 42
0.00000001
 43
0.0000000001
 40
0.0
 40
0.0
 40
0.0
 40
0.0
 40
0.0001723124093089
 40
0.0001723124093089
 40
0.0001723124093089
 40
0.000344625699643
 40
0.000344625699643
 40
0.000344625699643
 40
0.0006892455110126
 40
0.0006892455110126
 40
0.0006892455110126
 40
0.0006892455110126
 10
49.49199007208008
 20
173.9660836815736
 30
0.0
 10
49.53289457702958
 20
174.0064059385587
 30
0.0
 10
49.57380563131938
 20
174.046721551802
 30
0.0
 10
49.61470690622917
 20
174.0870470852056
 30
0.0
 10
49.65560828581266
 20
174.1273727218093
 30
0.0
 10
49.69646203662307
 20
174.1677473210786
 30
0.0
 10
49.73713701586309
 20
174.2083013083443
 30
0.0
 10
49.81848494153886
 20
174.2894072561185
 30
0.0
 10
49.89926352390426
 20
174.3710829092167
 30
0.0
 10
49.98004154266827
 20
174.4527564756912
 30
0.0
  0
SPLINE
  5
5C6
330
1F
100
AcDbEntity
  8
0
  6
Continuous
 62
     7
370
    25
100
AcDbSpline
210
0.0
220
0.0
230
1.0
 70
     8
 71
     3
 72
    15
 73
    11
 74
     0
 42
0.00000001
 43
0.0000000001
 40
0.0
 40
0.0
 40
0.0
 40
0.0
 40
0.071068511888621
 40
0.1562332187797983
 40
0.2573956169887095
 40
0.3747273336322579
 40
0.5069355813565764
 40
0.6555215853822376
 40
0.8198584945667729
 40
1.0
 40
1.0
 40
1.0
 40
1.0
 10
51.09814816031536
 20
175.4123152992206
 30
0.0
 10
51.06748582921575
 20
175.3953855904204
 30
0.0
 10
51.00007939905887
 20
175.3581682232829
 30
0.0
 10
50.89694365275147
 20
175.2841085275006
 30
0.0
 10
50.77839899774986
 20
175.1930160178553
 30
0.0
 10
50.64506294755196
 20
175.0831332397832
 30
0.0
 10
50.49902254383775
 20
174.952281110748
 30
0.0
 10
50.33779238956175
 20
174.8037492284139
 30
0.0
 10
50.16279694952908
 20
174.6353792096252
 30
0.0
 10
50.04279522940358
 20
174.5154646058248
 30
0.0
 10
49.98004154266827
 20
174.4527564756912
 30
0.0
  0
SPLINE
  5
5C7
330
1F
100
AcDbEntity
  8
0
  6
Continuous
 62
     7
370
    25
100
AcDbSpline
210
0.0
220
0.0
230
1.0
 70
     8
 71
     3
 72
     9
 73
     5
 74
     0
 42
0.00000001
 43
0.0000000001
 40
0.0
 40
0.0
 40
0.0
 40
0.0
 40
0.609639959757034
 40
1.0
 40
1.0
 40
1.0
 40
1.0
 10
51.06643860149175
 20
175.4164513286324
 30
0.0
 10
51.07286463101946
 20
175.4154708180027
 30
0.0
 10
51.08340532708907
 20
175.4138624742352
 30
0.0
 10
51.09400893536288
 20
175.4127496869213
 30
0.0
 10
51.09814816031536
 20
175.4123152992207
 30
0.0
  0
SPLINE
  5
5C8
330
1F
100
AcDbEntity
  8
0
  6
Continuous
 62
     7
370
    25
100
AcDbSpline
210
0.0
220
0.0
230
1.0
 70
     8
 71
     3
 72
     9
 73
     5
 74
     0
 42
0.00000001
 43
0.0000000001
 40
0.0
 40
0.0
 40
0.0
 40
0.0
 40
0.3486429231745705
 40
1.0
 40
1.0
 40
1.0
 40
1.0
 10
50.99199007208008
 20
175.4288594168677
 30
0.0
 10
51.00074300184717
 20
175.428080236535
 30
0.0
 10
51.02584871656387
 20
175.4258453415154
 30
0.0
 10
51.05042843072595
 20
175.4201566791329
 30
0.0
 10
51.06643860149175
 20
175.4164513286324
 30
0.0
  0
SPLINE
  5
5C9
330
1F
100
AcDbEntity
  8
0
  6
Continuous
 62
     7
370
    25
100
AcDbSpline
210
0.0
220
0.0
230
1.0
 70
     8
 71
     3
 72
    23
 73
    19
 74
     0
 42
0.00000001
 43
0.0000000001
 40
0.0
 40
0.0
 40
0.0
 40
0.0
 40
0.1093459969667282
 40
0.2123101985408839
 40
0.3094591356981216
 40
0.3997393373010516
 40
0.4836482507432803
 40
0.5617687664941013
 40
0.633529513126669
 40
0.6984709317573254
 40
0.7576766504086492
 40
0.810565383590155
 40
0.8571574731284727
 40
0.8977212797831734
 40
0.9314497693917063
 40
0.960132712147986
 40
0.9825284738369507
 40
1.0
 40
1.0
 40
1.0
 40
1.0
 10
49.54851580737417
 20
174.3217822109853
 30
0.0
 10
49.59812784195797
 20
174.3663820519627
 30
0.0
 10
49.69445638808416
 20
174.4529787391344
 30
0.0
 10
49.83519791556446
 20
174.578827213178
 30
0.0
 10
49.96833819117608
 20
174.6957231973425
 30
0.0
 10
50.09426204492157
 20
174.8031850574145
 30
0.0
 10
50.21140999163025
 20
174.9030530333154
 30
0.0
 10
50.32167553512157
 20
174.9935364835248
 30
0.0
 10
50.42318292380426
 20
175.0764526896738
 30
0.0
 10
50.51745618463896
 20
175.1499402365779
 30
0.0
 10
50.60403655828776
 20
175.2145438145936
 30
0.0
 10
50.68272610856076
 20
175.2708998201741
 30
0.0
 10
50.75254705825988
 20
175.320301445532
 30
0.0
 10
50.81613447371566
 20
175.3575797147232
 30
0.0
 10
50.86995513662758
 20
175.3904417644148
 30
0.0
 10
50.91814965732656
 20
175.4091522592262
 30
0.0
 10
50.95691415570576
 20
175.4259668212836
 30
0.0
 10
50.98130220207176
 20
175.4279780233423
 30
0.0
 10
50.99199007208008
 20
175.4288594168677
 30
0.0
  0
SPLINE
  5
5CA
330
1F
100
AcDbEntity
  8
0
  6
Continuous
 62
     7
370
    25
100
AcDbSpline
210
0.0
220
0.0
230
1.0
 70
     8
 71
     3
 72
    19
 73
    15
 74
     0
 42
0.00000001
 43
0.0000000001
 40
0.0
 40
0.0
 40
0.0
 40
0.0
 40
0.0410137112808773
 40
0.1008458895700454
 40
0.1810575949594112
 40
0.2821665950536869
 40
0.3424795324371212
 40
0.4111375816210742
 40
0.4883113216046146
 40
0.5738958906210403
 40
0.6679921051537373
 40
0.7699827349034156
 40
0.8810349062231455
 40
1.0
 40
1.0
 40
1.0
 40
1.0
 10
48.12434301325658
 20
173.1347417698089
 30
0.0
 10
48.14765811592296
 20
173.1387573527754
 30
0.0
 10
48.20498607273016
 20
173.148631002922
 30
0.0
 10
48.29693271765288
 20
173.2002104350562
 30
0.0
 10
48.41057508062127
 20
173.2783321237032
 30
0.0
 10
48.52002446338307
 20
173.3637392652121
 30
0.0
 10
48.62221580098425
 20
173.4472736345617
 30
0.0
 10
48.70939030313415
 20
173.5272353000655
 30
0.0
 10
48.80979530992867
 20
173.6141101097815
 30
0.0
 10
48.91606472723825
 20
173.7162284421865
 30
0.0
 10
49.03538480744636
 20
173.8251921766872
 30
0.0
 10
49.16189853440307
 20
173.9478380861402
 30
0.0
 10
49.29990971262497
 20
174.0790899839952
 30
0.0
 10
49.39379841514437
 20
174.1718068980158
 30
0.0
 10
49.44235771913887
 20
174.2197601521618
 30
0.0
  0
SPLINE
  5
5CB
330
1F
100
AcDbEntity
  8
0
  6
Continuous
 62
     7
370
    25
100
AcDbSpline
210
0.0
220
0.0
230
1.0
 70
     8
 71
     3
 72
    11
 73
     7
 74
     0
 42
0.00000001
 43
0.0000000001
 40
0.0
 40
0.0
 40
0.0
 40
0.0
 40
0.2188836481370292
 40
0.4444603724154798
 40
0.7058839353052932
 40
1.0
 40
1.0
 40
1.0
 40
1.0
 10
48.00991286619766
 20
173.2160836815736
 30
0.0
 10
48.01157172526386
 20
173.2045832667052
 30
0.0
 10
48.01494016838226
 20
173.1812307745533
 30
0.0
 10
48.04187022473967
 20
173.1533958145288
 30
0.0
 10
48.08004173749965
 20
173.1374802888683
 30
0.0
 10
48.10900772273237
 20
173.13568973315
 30
0.0
 10
48.12434301325658
 20
173.1347417698089
 30
0.0
  0
SPLINE
  5
5CC
330
1F
100
AcDbEntity
  8
0
  6
Continuous
 62
     7
370
    25
100
AcDbSpline
210
0.0
220
0.0
230
1.0
 70
     8
 71
     3
 72
    19
 73
    15
 74
     0
 42
0.00000001
 43
0.0000000001
 40
0.0
 40
0.0
 40
0.0
 40
0.0
 40
0.1796049582036272
 40
0.3474390178399589
 40
0.5038750686705048
 40
0.6484039509832077
 40
0.7147553364986985
 40
0.7741018198642707
 40
0.8276927516753561
 40
0.8746102663144807
 40
0.9146675263640043
 40
0.9490695219152222
 40
0.9775856370390597
 40
1.0
 40
1.0
 40
1.0
 40
1.0
 10
48.81781727796236
 20
174.9435652992206
 30
0.0
 10
48.76001600452757
 20
174.8445056699858
 30
0.0
 10
48.64820162104407
 20
174.6528785532672
 30
0.0
 10
48.49184523462908
 20
174.3716315352588
 30
0.0
 10
48.35384199900556
 20
174.1059242079676
 30
0.0
 10
48.25243381582186
 20
173.8943981157994
 30
0.0
 10
48.18063743402866
 20
173.7374681479046
 30
0.0
 10
48.13665603665636
 20
173.6317477554245
 30
0.0
 10
48.09809954906746
 20
173.5372512554599
 30
0.0
 10
48.06557069376495
 20
173.4535322907688
 30
0.0
 10
48.04264646531206
 20
173.3794847472179
 30
0.0
 10
48.02340821873426
 20
173.3165460379396
 30
0.0
 10
48.01377653920517
 20
173.2627686900355
 30
0.0
 10
48.01109361412645
 20
173.2303507344376
 30
0.0
 10
48.00991286619766
 20
173.2160836815736
 30
0.0
  0
SPLINE
  5
5CD
330
1F
100
AcDbEntity
  8
0
  6
Continuous
 62
     7
370
    25
100
AcDbSpline
210
0.0
220
0.0
230
1.0
 70
     8
 71
     3
 72
     9
 73
     5
 74
     0
 42
0.00000001
 43
0.0000000001
 40
0.0
 40
0.0
 40
0.0
 40
0.0
 40
0.602695297999675
 40
1.0
 40
1.0
 40
1.0
 40
1.0
 10
48.71579521913886
 20
176.3470579462794
 30
0.0
 10
48.72935712192895
 20
176.3680555982283
 30
0.0
 10
48.75185921019007
 20
176.4028951797192
 30
0.0
 10
48.77242294480375
 20
176.4389079797359
 30
0.0
 10
48.78059301325646
 20
176.4532160345147
 30
0.0
  0
SPLINE
  5
5CE
330
1F
100
AcDbEntity
  8
0
  6
Continuous
 62
     7
370
    25
100
AcDbSpline
210
0.0
220
0.0
230
1.0
 70
     8
 71
     3
 72
    11
 73
     7
 74
     0
 42
0.00000001
 43
0.0000000001
 40
0.0
 40
0.0
 40
0.0
 40
0.0
 40
0.2129806798375689
 40
0.4507120337554885
 40
0.7127048952714591
 40
1.0
 40
1.0
 40
1.0
 40
1.0
 10
47.89272536619766
 20
175.2510101521618
 30
0.0
 10
47.96058051000076
 20
175.3211669633491
 30
0.0
 10
48.10417630417147
 20
175.4696335711003
 30
0.0
 10
48.30534274038736
 20
175.7272357221391
 30
0.0
 10
48.51483941536257
 20
176.0207002422246
 30
0.0
 10
48.64678399874136
 20
176.2349818428791
 30
0.0
 10
48.71579521913886
 20
176.3470579462794
 30
0.0
  0
SPLINE
  5
5CF
330
1F
100
AcDbEntity
  8
0
  6
Continuous
 62
     7
370
    25
100
AcDbSpline
210
0.0
220
0.0
230
1.0
 70
     8
 71
     3
 72
     9
 73
     5
 74
     0
 42
0.00000001
 43
0.0000000001
 40
0.0
 40
0.0
 40
0.0
 40
0.0
 40
0.5538943906330277
 40
1.0
 40
1.0
 40
1.0
 40
1.0
 10
47.37296433678596
 20
174.8208630933383
 30
0.0
 10
47.41803515712557
 20
174.8551906900029
 30
0.0
 10
47.49940594026007
 20
174.917165675208
 30
0.0
 10
47.57594996909867
 20
174.9849966827415
 30
0.0
 10
47.61009668972708
 20
175.0152564756912
 30
0.0
  0
SPLINE
  5
5D0
330
1F
100
AcDbEntity
  8
0
  6
Continuous
 62
     7
370
    25
100
AcDbSpline
210
0.0
220
0.0
230
1.0
 70
     8
 71
     3
 72
    11
 73
     7
 74
     0
 42
0.00000001
 43
0.0000000001
 40
0.0
 40
0.0
 40
0.0
 40
0.0
 40
0.1165258791998693
 40
0.3176918004059218
 40
0.6115740351849466
 40
1.0
 40
1.0
 40
1.0
 40
1.0
 10
47.17305624855066
 20
174.6126829462794
 30
0.0
 10
47.17663964329706
 20
174.6235591840457
 30
0.0
 10
47.18640927675846
 20
174.6532117520532
 30
0.0
 10
47.22893935581737
 20
174.6971423508256
 30
0.0
 10
47.29250619208495
 20
174.7541894862323
 30
0.0
 10
47.34377685634346
 20
174.7966761746532
 30
0.0
 10
47.37296433678596
 20
174.8208630933383
 30
0.0
  0
SPLINE
  5
5D1
330
1F
100
AcDbEntity
  8
0
  6
Continuous
 62
     7
370
    25
100
AcDbSpline
210
0.0
220
0.0
230
1.0
 70
     8
 71
     3
 72
     8
 73
     4
 74
     0
 42
0.00000001
 43
0.0000000001
 40
0.7898280414933901
 40
0.7898280414933901
 40
0.7898280414933901
 40
0.7898280414933901
 40
1.0
 40
1.0
 40
1.0
 40
1.0
 10
47.17744783664858
 20
174.5896452412783
 30
0.0
 10
47.17505666922315
 20
174.5970245970173
 30
0.0
 10
47.17405645888688
 20
174.6048537716484
 30
0.0
 10
47.17305624855066
 20
174.6126829462794
 30
0.0
  0
SPLINE
  5
5D2
330
1F
100
AcDbEntity
  8
0
  6
Continuous
 62
     7
370
    25
100
AcDbSpline
210
0.0
220
0.0
230
1.0
 70
     8
 71
     3
 72
     8
 73
     4
 74
     0
 42
0.00000001
 43
0.0000000001
 40
0.0
 40
0.0
 40
0.0
 40
0.0
 40
0.1097441391725143
 40
0.1097441391725143
 40
0.1097441391725143
 40
0.1097441391725143
 10
47.04483933678597
 20
174.4596498580442
 30
0.0
 10
47.08905945508208
 20
174.5029639736239
 30
0.0
 10
47.13327957337816
 20
174.5462780892037
 30
0.0
 10
47.17744783664606
 20
174.589645241286
 30
0.0
  0
SPLINE
  5
5D3
330
1F
100
AcDbEntity
  8
0
  6
Continuous
 62
     7
370
    25
100
AcDbSpline
210
0.0
220
0.0
230
1.0
 70
     8
 71
     3
 72
    14
 73
    10
 74
     0
 42
0.00000001
 43
0.0000000001
 40
0.0
 40
0.0
 40
0.0
 40
0.0
 40
0.0001228394006502
 40
0.0001228394006502
 40
0.0001228394006502
 40
0.0002456763941354
 40
0.0002456763941354
 40
0.0002456763941354
 40
0.0004913395204893
 40
0.0004913395204893
 40
0.0004913395204893
 40
0.0004913395204893
 10
47.04483933678597
 20
174.4596498580442
 30
0.0
 10
47.01552675706337
 20
174.4310598979141
 30
0.0
 10
46.98623625929186
 20
174.4024453020669
 30
0.0
 10
46.95722640136276
 20
174.3735482210177
 30
0.0
 10
46.92821660062925
 20
174.3446511969419
 30
0.0
 10
46.89938969683376
 20
174.3155711408124
 30
0.0
 10
46.87047624165836
 20
174.2865777165777
 30
0.0
 10
46.81265279459397
 20
174.2285943409733
 30
0.0
 10
46.75440930993326
 20
174.1710300032751
 30
0.0
 10
46.69603418972717
 20
174.1136020639265
 30
0.0
  0
SPLINE
  5
5D4
330
1F
100
AcDbEntity
  8
0
  6
Continuous
 62
     7
370
    25
100
AcDbSpline
210
0.0
220
0.0
230
1.0
 70
     8
 71
     3
 72
    15
 73
    11
 74
     0
 42
0.00000001
 43
0.0000000001
 40
0.0
 40
0.0
 40
0.0
 40
0.0
 40
0.0411907031185189
 40
0.103641776073628
 40
0.191201229992616
 40
0.3032682841729382
 40
0.4388687535955313
 40
0.6006608783459651
 40
0.7880921500686999
 40
1.0
 40
1.0
 40
1.0
 40
1.0
 10
45.50761507208008
 20
173.1347417698089
 30
0.0
 10
45.52864394010517
 20
173.1388325131367
 30
0.0
 10
45.58155561837067
 20
173.1491254159487
 30
0.0
 10
45.66694981327557
 20
173.2019055324087
 30
0.0
 10
45.77792574608468
 20
173.27857555243
 30
0.0
 10
45.91340132134177
 20
173.3871501541339
 30
0.0
 10
46.07406797164026
 20
173.5247586307903
 30
0.0
 10
46.25984469644246
 20
173.6930180363563
 30
0.0
 10
46.46979182638246
 20
173.8931035094141
 30
0.0
 10
46.61760020966926
 20
174.0371593545606
 30
0.0
 10
46.69603418972717
 20
174.1136020639265
 30
0.0
  0
SPLINE
  5
5D5
330
1F
100
AcDbEntity
  8
0
  6
Continuous
 62
     7
370
    25
100
AcDbSpline
210
0.0
220
0.0
230
1.0
 70
     8
 71
     3
 72
    11
 73
     7
 74
     0
 42
0.00000001
 43
0.0000000001
 40
0.0
 40
0.0
 40
0.0
 40
0.0
 40
0.2394098038418509
 40
0.4722286884691888
 40
0.7230177623719783
 40
1.0
 40
1.0
 40
1.0
 40
1.0
 10
45.36285404266827
 20
173.2643373580442
 30
0.0
 10
45.36456684931866
 20
173.2468449820551
 30
0.0
 10
45.36794530928609
 20
173.2123417927999
 30
0.0
 10
45.39999722215897
 20
173.1682481514395
 30
0.0
 10
45.44902641991765
 20
173.1396555120562
 30
0.0
 10
45.48744987244538
 20
173.1364329948109
 30
0.0
 10
45.50761507208008
 20
173.1347417698089
 30
0.0
  0
SPLINE
  5
5D6
330
1F
100
AcDbEntity
  8
0
  6
Continuous
 62
     7
370
    25
100
AcDbSpline
210
0.0
220
0.0
230
1.0
 70
     8
 71
     3
 72
    15
 73
    11
 74
     0
 42
0.00000001
 43
0.0000000001
 40
0.0
 40
0.0
 40
0.0
 40
0.0
 40
0.2077290444765579
 40
0.3911962914731624
 40
0.551763340166938
 40
0.6876026500910467
 40
0.8006232470796012
 40
0.8898444415142742
 40
0.956646292270897
 40
1.0
 40
1.0
 40
1.0
 40
1.0
 10
45.79575845443296
 20
174.1604770639265
 30
0.0
 10
45.76143111664196
 20
174.1004509402918
 30
0.0
 10
45.69678571631366
 20
173.9874094683274
 30
0.0
 10
45.61040832069086
 20
173.8253276231724
 30
0.0
 10
45.53556191044037
 20
173.684190262518
 30
0.0
 10
45.47512118594908
 20
173.5620970898303
 30
0.0
 10
45.42528959917236
 20
173.4610318331332
 30
0.0
 10
45.39302067672926
 20
173.3776173577849
 30
0.0
 10
45.36948214239557
 20
173.3151342156513
 30
0.0
 10
45.36472593421886
 20
173.278683281079
 30
0.0
 10
45.36285404266827
 20
173.2643373580442
 30
0.0
  0
SPLINE
  5
5D7
330
1F
100
AcDbEntity
  8
0
  6
Continuous
 62
     7
370
    25
100
AcDbSpline
210
0.0
220
0.0
230
1.0
 70
     8
 71
     3
 72
    11
 73
     7
 74
     0
 42
0.00000001
 43
0.0000000001
 40
0.0
 40
0.0
 40
0.0
 40
0.0
 40
0.2035413902440511
 40
0.4372823848209479
 40
0.702702577636906
 40
1.0
 40
1.0
 40
1.0
 40
1.0
 10
46.14594227796246
 20
174.7877748580441
 30
0.0
 10
46.12267705446707
 20
174.7449398268071
 30
0.0
 10
46.07269472703336
 20
174.6529142953378
 30
0.0
 10
45.98854097187967
 20
174.5071688603532
 30
0.0
 10
45.89733900449935
 20
174.3396411661493
 30
0.0
 10
45.83087369588658
 20
174.222412057439
 30
0.0
 10
45.79575845443296
 20
174.1604770639265
 30
0.0
  0
SPLINE
  5
5D8
330
1F
100
AcDbEntity
  8
0
  6
Continuous
 62
     7
370
    25
100
AcDbSpline
210
0.0
220
0.0
230
1.0
 70
     8
 71
     3
 72
    11
 73
     7
 74
     0
 42
0.00000001
 43
0.0000000001
 40
0.0
 40
0.0
 40
0.0
 40
0.0
 40
0.2772058088194262
 40
0.540314154079751
 40
0.7837986580454142
 40
1.0
 40
1.0
 40
1.0
 40
1.0
 10
45.21257830737417
 20
175.3089145639265
 30
0.0
 10
45.26736351289288
 20
175.3667776024907
 30
0.0
 10
45.37414779025687
 20
175.479561020946
 30
0.0
 10
45.51983922092467
 20
175.6514508128927
 30
0.0
 10
45.65045501682857
 20
175.8130650948441
 30
0.0
 10
45.72771272964738
 20
175.9202619860524
 30
0.0
 10
45.76404889560946
 20
175.9706792698089
 30
0.0
  0
SPLINE
  5
5D9
330
1F
100
AcDbEntity
  8
0
  6
Continuous
 62
     7
370
    25
100
AcDbSpline
210
0.0
220
0.0
230
1.0
 70
     8
 71
     3
 72
    12
 73
     8
 74
     0
 42
0.00000001
 43
0.0000000001
 40
0.0
 40
0.0
 40
0.0
 40
0.0
 40
0.2499999999999957
 40
0.2499999999999957
 40
0.4999999999999915
 40
0.4999999999999915
 40
1.0
 40
1.0
 40
1.0
 40
1.0
 10
45.18727984696957
 20
175.2841751855197
 30
0.0
 10
45.08056328441786
 20
175.1980858084377
 30
0.0
 10
44.97976485686225
 20
175.1054357182209
 30
0.0
 10
44.77894322446037
 20
174.9192761430957
 30
0.0
 10
44.68050664682917
 20
174.8240001325683
 30
0.0
 10
44.38526210658817
 20
174.5382684468643
 30
0.0
 10
44.19155955128876
 20
174.3446019433153
 30
0.0
 10
43.99796433678597
 20
174.1508263286324
 30
0.0
  0
SPLINE
  5
5DA
330
1F
100
AcDbEntity
  8
0
  6
Continuous
 62
     7
370
    25
100
AcDbSpline
210
0.0
220
0.0
230
1.0
 70
     8
 71
     3
 72
    19
 73
    15
 74
     0
 42
0.00000001
 43
0.0000000001
 40
0.0
 40
0.0
 40
0.0
 40
0.0
 40
0.0217965446773841
 40
0.0486794514378976
 40
0.0800729274531463
 40
0.116961501516862
 40
0.1595241802096019
 40
0.2087230447439564
 40
0.2630343271617849
 40
0.3230019380174732
 40
0.4602351641765673
 40
0.6188901777751262
 40
0.7991838883444254
 40
1.0
 40
1.0
 40
1.0
 40
1.0
 10
42.71165918972708
 20
173.1347417698089
 30
0.0
 10
42.72368841429467
 20
173.1356950129978
 30
0.0
 10
42.75055395935408
 20
173.1378239447258
 30
0.0
 10
42.79275894006637
 20
173.1517973263297
 30
0.0
 10
42.84186155164677
 20
173.1705200317134
 30
0.0
 10
42.89499349527526
 20
173.201147128891
 30
0.0
 10
42.95660101295946
 20
173.2363952036708
 30
0.0
 10
43.02288545537367
 20
173.2823963667581
 30
0.0
 10
43.09648872482475
 20
173.3345435708806
 30
0.0
 10
43.20593290619174
 20
173.4199555074179
 30
0.0
 10
43.35738532868595
 20
173.5450239338995
 30
0.0
 10
43.55227421831375
 20
173.7213513999067
 30
0.0
 10
43.77015534599645
 20
173.9244734265684
 30
0.0
 10
43.91935000965768
 20
174.0727144813886
 30
0.0
 10
43.99796433678597
 20
174.1508263286324
 30
0.0
  0
SPLINE
  5
5DB
330
1F
100
AcDbEntity
  8
0
  6
Continuous
 62
     7
370
    25
100
AcDbSpline
210
0.0
220
0.0
230
1.0
 70
     8
 71
     3
 72
    11
 73
     7
 74
     0
 42
0.00000001
 43
0.0000000001
 40
0.0
 40
0.0
 40
0.0
 40
0.0
 40
0.2538725415553528
 40
0.5027645834585447
 40
0.7461274584447278
 40
1.0
 40
1.0
 40
1.0
 40
1.0
 10
42.62755992502127
 20
173.2174623580442
 30
0.0
 10
42.62847571883677
 20
173.2061793870552
 30
0.0
 10
42.63028934032315
 20
173.1838347956524
 30
0.0
 10
42.64908753472336
 20
173.1551017001798
 30
0.0
 10
42.67838352742225
 20
173.1377037715807
 30
0.0
 10
42.70041210218107
 20
173.1357429187246
 30
0.0
 10
42.71165918972708
 20
173.1347417698089
 30
0.0
  0
SPLINE
  5
5DC
330
1F
100
AcDbEntity
  8
0
  6
Continuous
 62
     7
370
    25
100
AcDbSpline
210
0.0
220
0.0
230
1.0
 70
     8
 71
     3
 72
    15
 73
    11
 74
     0
 42
0.00000001
 43
0.0000000001
 40
0.0
 40
0.0
 40
0.0
 40
0.0
 40
0.2082909991021034
 40
0.3939699899813896
 40
0.5552704549706013
 40
0.6946579050298566
 40
0.8080095514122374
 40
0.8966135074932777
 40
0.9609064137579236
 40
1.0
 40
1.0
 40
1.0
 40
1.0
 10
43.10596066031536
 20
174.1425542698089
 30
0.0
 10
43.06908923112696
 20
174.0801181077448
 30
0.0
 10
42.99934912401446
 20
173.9620238345939
 30
0.0
 10
42.90267018255256
 20
173.7946133572636
 30
0.0
 10
42.82157896224667
 20
173.6459814695486
 30
0.0
 10
42.75202921805008
 20
173.5197033916761
 30
0.0
 10
42.70014229155807
 20
173.4127451251071
 30
0.0
 10
42.66014453161825
 20
173.3291994018666
 30
0.0
 10
42.63653137546836
 20
173.2663085133157
 30
0.0
 10
42.63002150543907
 20
173.230864732611
 30
0.0
 10
42.62755992502127
 20
173.2174623580442
 30
0.0
  0
SPLINE
  5
5DD
330
1F
100
AcDbEntity
  8
0
  6
Continuous
 62
     7
370
    25
100
AcDbSpline
210
0.0
220
0.0
230
1.0
 70
     8
 71
     3
 72
    11
 73
     7
 74
     0
 42
0.00000001
 43
0.0000000001
 40
0.0
 40
0.0
 40
0.0
 40
0.0
 40
0.289111720189376
 40
0.5502527718285985
 40
0.7881982033411821
 40
1.0
 40
1.0
 40
1.0
 40
1.0
 10
42.62755992502127
 20
175.3599255933383
 30
0.0
 10
42.67228632153506
 20
175.4011251069754
 30
0.0
 10
42.75741197344396
 20
175.4795382081875
 30
0.0
 10
42.87702609547037
 20
175.5943622029155
 30
0.0
 10
42.98132610603956
 20
175.7015411958498
 30
0.0
 10
43.04543747717275
 20
175.7711011748794
 30
0.0
 10
43.07562977796246
 20
175.8038594168677
 30
0.0
  0
SPLINE
  5
5DE
330
1F
100
AcDbEntity
  8
0
  6
Continuous
 62
     7
370
    25
100
AcDbSpline
210
0.0
220
0.0
230
1.0
 70
     8
 71
     3
 72
     9
 73
     5
 74
     0
 42
0.00000001
 43
0.0000000001
 40
0.0
 40
0.0
 40
0.0
 40
0.0
 40
0.3865836393806226
 40
1.0
 40
1.0
 40
1.0
 40
1.0
 10
42.57379154266828
 20
175.3102932403971
 30
0.0
 10
42.58067380910794
 20
175.3167390815797
 30
0.0
 10
42.59847659675506
 20
175.333412940807
 30
0.0
 10
42.61650252544657
 20
175.3498455574448
 30
0.0
 10
42.62755992502127
 20
175.3599255933383
 30
0.0
  0
SPLINE
  5
5DF
330
1F
100
AcDbEntity
  8
0
  6
Continuous
 62
     7
370
    25
100
AcDbSpline
210
0.0
220
0.0
230
1.0
 70
     8
 71
     3
 72
     9
 73
     5
 74
     0
 42
0.00000001
 43
0.0000000001
 40
0.0
 40
0.0
 40
0.0
 40
0.0
 40
0.5580093062285018
 40
1.0
 40
1.0
 40
1.0
 40
1.0
 10
42.07057463090356
 20
174.8181057403971
 30
0.0
 10
42.10883829299707
 20
174.8529024590008
 30
0.0
 10
42.17741002050476
 20
174.9152611297529
 30
0.0
 10
42.24482288833107
 20
174.9788699224524
 30
0.0
 10
42.27461874855066
 20
175.0069844168677
 30
0.0
  0
SPLINE
  5
5E0
330
1F
100
AcDbEntity
  8
0
  6
Continuous
 62
     7
370
    25
100
AcDbSpline
210
0.0
220
0.0
230
1.0
 70
     8
 71
     3
 72
    11
 73
     7
 74
     0
 42
0.00000001
 43
0.0000000001
 40
0.0
 40
0.0
 40
0.0
 40
0.0
 40
0.1302732965646946
 40
0.3327862983275944
 40
0.6240862450992147
 40
1.0
 40
1.0
 40
1.0
 40
1.0
 10
41.89272536619767
 20
174.6099255933383
 30
0.0
 10
41.89574115950967
 20
174.6217315236496
 30
0.0
 10
41.90344507673025
 20
174.6518900592071
 30
0.0
 10
41.94214799238586
 20
174.6968108984974
 30
0.0
 10
41.99819111116747
 20
174.7538485632514
 30
0.0
 10
42.04448964912546
 20
174.7949492636042
 30
0.0
 10
42.07057463090356
 20
174.8181057403971
 30
0.0
  0
SPLINE
  5
5E1
330
1F
100
AcDbEntity
  8
0
  6
Continuous
 62
     7
370
    25
100
AcDbSpline
210
0.0
220
0.0
230
1.0
 70
     8
 71
     3
 72
     9
 73
     5
 74
     0
 42
0.00000001
 43
0.0000000001
 40
0.7534147691963009
 40
0.7534147691963009
 40
0.7534147691963009
 40
0.7534147691963009
 40
0.8169543315470468
 40
1.0
 40
1.0
 40
1.0
 40
1.0
 10
41.90240341833656
 20
174.5851752036136
 30
0.0
 10
41.90079765954638
 20
174.5868526011933
 30
0.0
 10
41.89532128881126
 20
174.5938922582499
 30
0.0
 10
41.89383136763026
 20
174.6030945377883
 30
0.0
 10
41.89272536619767
 20
174.6099255933383
 30
0.0
  0
SPLINE
  5
5E2
330
1F
100
AcDbEntity
  8
0
  6
Continuous
 62
     7
370
    25
100
AcDbSpline
210
0.0
220
0.0
230
1.0
 70
     8
 71
     3
 72
     9
 73
     5
 74
     0
 42
0.00000001
 43
0.0000000001
 40
0.0
 40
0.0
 40
0.0
 40
0.0
 40
0.1094346711429618
 40
0.1677292591873127
 40
0.1677292591873127
 40
0.1677292591873127
 40
0.1677292591873127
 10
41.68868124855066
 20
174.3741719168677
 30
0.0
 10
41.73504454968837
 20
174.4201805205061
 30
0.0
 10
41.80610504698847
 20
174.4906973770372
 30
0.0
 10
41.87753299609636
 20
174.5608426854818
 30
0.0
 10
41.90240341831676
 20
174.5851752036339
 30
0.0
  0
SPLINE
  5
5E3
330
1F
100
AcDbEntity
  8
0
  6
Continuous
 62
     7
370
    25
100
AcDbSpline
210
0.0
220
0.0
230
1.0
 70
     8
 71
     3
 72
    17
 73
    13
 74
     0
 42
0.00000001
 43
0.0000000001
 40
0.0
 40
0.0
 40
0.0
 40
0.0
 40
0.0002178898810108
 40
0.0002178898810108
 40
0.0002178898810108
 40
0.0004357797545051
 40
0.0004357797545051
 40
0.0004357797545051
 40
0.000653668171525
 40
0.000653668171525
 40
0.000653668171525
 40
0.0008715566300099
 40
0.0008715566300099
 40
0.0008715566300099
 40
0.0008715566300099
 10
41.68868124855066
 20
174.3741719168677
 30
0.0
 10
41.63697166274786
 20
174.3231696632445
 30
0.0
 10
41.58526205201737
 20
174.2721673850852
 30
0.0
 10
41.53349120014046
 20
174.2212273219278
 30
0.0
 10
41.48172034292366
 20
174.170287253516
 30
0.0
 10
41.42985040858187
 20
174.1194479342157
 30
0.0
 10
41.37808610025158
 20
174.0685012109664
 30
0.0
 10
41.32632228047557
 20
174.017554968555
 30
0.0
 10
41.27474712394627
 20
173.9664172747684
 30
0.0
 10
41.22317092884666
 20
173.9152810962576
 30
0.0
 10
41.17159471576536
 20
173.8641448999185
 30
0.0
 10
41.11994183006666
 20
173.8130860603894
 30
0.0
 10
41.06827683678597
 20
173.7620395639265
 30
0.0
  0
SPLINE
  5
5E4
330
1F
100
AcDbEntity
  8
0
  6
Continuous
 62
     7
370
    25
100
AcDbSpline
210
0.0
220
0.0
230
1.0
 70
     8
 71
     3
 72
    15
 73
    11
 74
     0
 42
0.00000001
 43
0.0000000001
 40
0.0
 40
0.0
 40
0.0
 40
0.0
 40
0.0619410815450677
 40
0.1350819794863254
 40
0.2230934221948877
 40
0.3264863839625853
 40
0.4521930712782066
 40
0.6070213484976463
 40
0.7892644502124878
 40
1.0
 40
1.0
 40
1.0
 40
1.0
 10
40.15835036619776
 20
173.1347417698089
 30
0.0
 10
40.18156720390168
 20
173.1363932756332
 30
0.0
 10
40.23219880923096
 20
173.1399949027008
 30
0.0
 10
40.31018963643008
 20
173.1720012500169
 30
0.0
 10
40.39867899047337
 20
173.2156886132371
 30
0.0
 10
40.49841559645996
 20
173.2802533607605
 30
0.0
 10
40.61269860591726
 20
173.3669400050456
 30
0.0
 10
40.74743615569275
 20
173.4753739506082
 30
0.0
 10
40.90168276396967
 20
173.6099687680998
 30
0.0
 10
41.01012466237745
 20
173.7089569584541
 30
0.0
 10
41.06827683678597
 20
173.7620395639265
 30
0.0
  0
SPLINE
  5
5E5
330
1F
100
AcDbEntity
  8
0
  6
Continuous
 62
     7
370
    25
100
AcDbSpline
210
0.0
220
0.0
230
1.0
 70
     8
 71
     3
 72
    11
 73
     7
 74
     0
 42
0.00000001
 43
0.0000000001
 40
0.0
 40
0.0
 40
0.0
 40
0.0
 40
0.2060689762631188
 40
0.4364610957523013
 40
0.6964003014906197
 40
1.0
 40
1.0
 40
1.0
 40
1.0
 10
40.06873639560957
 20
173.1995395639265
 30
0.0
 10
40.06982329802108
 20
173.190985022684
 30
0.0
 10
40.07212539427126
 20
173.1728662135743
 30
0.0
 10
40.09193218973424
 20
173.1500224022518
 30
0.0
 10
40.12244879045186
 20
173.1362485373052
 30
0.0
 10
40.14578062528457
 20
173.1352693142592
 30
0.0
 10
40.15835036619776
 20
173.1347417698089
 30
0.0
  0
SPLINE
  5
5E6
330
1F
100
AcDbEntity
  8
0
  6
Continuous
 62
     7
370
    25
100
AcDbSpline
210
0.0
220
0.0
230
1.0
 70
     8
 71
     3
 72
    15
 73
    11
 74
     0
 42
0.00000001
 43
0.0000000001
 40
0.0
 40
0.0
 40
0.0
 40
0.0
 40
0.2179806444188512
 40
0.4040663552011924
 40
0.5637905591380495
 40
0.6917721243100678
 40
0.7954180100498811
 40
0.8794994567114308
 40
0.9489072055242136
 40
1.0
 40
1.0
 40
1.0
 40
1.0
 10
40.34998639560946
 20
173.8144292698089
 30
0.0
 10
40.32589316972037
 20
173.7713367000328
 30
0.0
 10
40.28123203938918
 20
173.6914568664261
 30
0.0
 10
40.22173823331494
 20
173.5784771324996
 30
0.0
 10
40.17200503029146
 20
173.4833737032831
 30
0.0
 10
40.13404448896106
 20
173.4032801390432
 30
0.0
 10
40.10552646371777
 20
173.3376377632696
 30
0.0
 10
40.08599657331815
 20
173.2828317358456
 30
0.0
 10
40.07222789829256
 20
173.2383325103211
 30
0.0
 10
40.06977600840166
 20
173.2110903622446
 30
0.0
 10
40.06873639560957
 20
173.1995395639265
 30
0.0
  0
SPLINE
  5
5E7
330
1F
100
AcDbEntity
  8
0
  6
Continuous
 62
     7
370
    25
100
AcDbSpline
210
0.0
220
0.0
230
1.0
 70
     8
 71
     3
 72
    23
 73
    19
 74
     0
 42
0.00000001
 43
0.0000000001
 40
0.0
 40
0.0
 40
0.0
 40
0.0
 40
0.0172968557056072
 40
0.0397585162162815
 40
0.0688246298679354
 40
0.1044714965803482
 40
0.1472641858725527
 40
0.1970521434361548
 40
0.2536384081513954
 40
0.317895322399783
 40
0.3879330946023042
 40
0.4623669880762705
 40
0.5406703496049728
 40
0.6239721507501645
 40
0.7111875286733613
 40
0.8031069041977371
 40
0.8992996035086719
 40
1.0
 40
1.0
 40
1.0
 40
1.0
 10
38.14686139560945
 20
173.1347417698089
 30
0.0
 10
38.16696142553664
 20
173.1373229962779
 30
0.0
 10
38.21316331213427
 20
173.1432561980212
 30
0.0
 10
38.28384016485225
 20
173.1835788623942
 30
0.0
 10
38.36801013556058
 20
173.2393587608454
 30
0.0
 10
38.46275256381577
 20
173.321453850566
 30
0.0
 10
38.56966041712926
 20
173.4251512234978
 30
0.0
 10
38.68945214724417
 20
173.5505607818847
 30
0.0
 10
38.82043243169858
 20
173.6994501627688
 30
0.0
 10
38.96405046243356
 20
173.8685220842487
 30
0.0
 10
39.11567172550576
 20
174.0578825180283
 30
0.0
 10
39.27393074996846
 20
174.2627722897244
 30
0.0
 10
39.43706297169635
 20
174.4832988501431
 30
0.0
 10
39.60613081784897
 20
174.7178813737347
 30
0.0
 10
39.77975640492918
 20
174.96861075718
 30
0.0
 10
39.96069603692816
 20
175.2324914041167
 30
0.0
 10
40.14519873748665
 20
175.5128688924985
 30
0.0
 10
40.26883182262944
 20
175.7053933484286
 30
0.0
 10
40.33206360149186
 20
175.8038594168677
 30
0.0
  0
SPLINE
  5
5E8
330
1F
100
AcDbEntity
  8
0
  6
Continuous
 62
     7
370
    25
100
AcDbSpline
210
0.0
220
0.0
230
1.0
 70
     8
 71
     3
 72
    11
 73
     7
 74
     0
 42
0.00000001
 43
0.0000000001
 40
0.0
 40
0.0
 40
0.0
 40
0.0
 40
0.2282577370893776
 40
0.4960567521848184
 40
0.7618134189563582
 40
1.0
 40
1.0
 40
1.0
 40
1.0
 10
38.03932463090368
 20
173.2450358874559
 30
0.0
 10
38.04119465451268
 20
173.2323007168973
 30
0.0
 10
38.04525864747876
 20
173.2046242515718
 30
0.0
 10
38.07080777859457
 20
173.1692376094138
 30
0.0
 10
38.10551242071446
 20
173.1416842009266
 30
0.0
 10
38.13359044142206
 20
173.1369699431928
 30
0.0
 10
38.14686139560945
 20
173.1347417698089
 30
0.0
  0
SPLINE
  5
5E9
330
1F
100
AcDbEntity
  8
0
  6
Continuous
 62
     7
370
    25
100
AcDbSpline
210
0.0
220
0.0
230
1.0
 70
     8
 71
     3
 72
    15
 73
    11
 74
     0
 42
0.00000001
 43
0.0000000001
 40
0.0
 40
0.0
 40
0.0
 40
0.0
 40
0.2051432267454844
 40
0.389610847870021
 40
0.5527998234088729
 40
0.6940092153293526
 40
0.8112392330014202
 40
0.9004136408052383
 40
0.9639242158497134
 40
1.0
 40
1.0
 40
1.0
 40
1.0
 10
38.43914080737426
 20
174.0488042698089
 30
0.0
 10
38.40906981112815
 20
173.9951451193342
 30
0.0
 10
38.35195855998117
 20
173.8932349200843
 30
0.0
 10
38.27399185610875
 20
173.7469624248506
 30
0.0
 10
38.20480039598016
 20
173.6177437944793
 30
0.0
 10
38.14666242871246
 20
173.5054771176852
 30
0.0
 10
38.10210075756595
 20
173.4112071600334
 30
0.0
 10
38.06791908935287
 20
173.3379475340049
 30
0.0
 10
38.04709691107436
 20
173.285018049204
 30
0.0
 10
38.04139146469285
 20
173.255668093328
 30
0.0
 10
38.03932463090368
 20
173.2450358874559
 30
0.0
  0
SPLINE
  5
5EA
330
1F
100
AcDbEntity
  8
0
  6
Continuous
 62
     7
370
    25
100
AcDbSpline
210
0.0
220
0.0
230
1.0
 70
     8
 71
     3
 72
    13
 73
     9
 74
     0
 42
0.00000001
 43
0.0000000001
 40
0.0
 40
0.0
 40
0.0
 40
0.0
 40
0.2038418633380212
 40
0.4148826923580453
 40
0.5313162429192523
 40
0.6695887441005005
 40
0.8253254188527796
 40
1.0
 40
1.0
 40
1.0
 40
1.0
 10
37.98279889560956
 20
175.3309733874559
 30
0.0
 10
38.01605919605425
 20
175.3620449091386
 30
0.0
 10
38.08375443181797
 20
175.425285287539
 30
0.0
 10
38.16770934443838
 20
175.5091141019913
 30
0.0
 10
38.24146936526748
 20
175.5824170471728
 30
0.0
 10
38.30526250105208
 20
175.6482133146771
 30
0.0
 10
38.37885520913545
 20
175.7226101789778
 30
0.0
 10
38.43001667763246
 20
175.7757608729055
 30
0.0
 10
38.45706360149188
 20
175.8038594168677
 30
0.0
  0
SPLINE
  5
5EB
330
1F
100
AcDbEntity
  8
0
  6
Continuous
 62
     7
370
    25
100
AcDbSpline
210
0.0
220
0.0
230
1.0
 70
     8
 71
     3
 72
     9
 73
     5
 74
     0
 42
0.00000001
 43
0.0000000001
 40
0.0
 40
0.0
 40
0.0
 40
0.0
 40
0.5534243116653093
 40
1.0
 40
1.0
 40
1.0
 40
1.0
 10
37.44649374855067
 20
174.8181057403971
 30
0.0
 10
37.49057079715746
 20
174.8576465857098
 30
0.0
 10
37.57021501891939
 20
174.9290941973872
 30
0.0
 10
37.64575552056198
 20
175.0048591775316
 30
0.0
 10
37.67949007208009
 20
175.0386939756912
 30
0.0
  0
SPLINE
  5
5EC
330
1F
100
AcDbEntity
  8
0
  6
Continuous
 62
     7
370
    25
100
AcDbSpline
210
0.0
220
0.0
230
1.0
 70
     8
 71
     3
 72
    11
 73
     7
 74
     0
 42
0.00000001
 43
0.0000000001
 40
0.0
 40
0.0
 40
0.0
 40
0.0
 40
0.1262621301452635
 40
0.332967063240341
 40
0.6212359733363157
 40
1.0
 40
1.0
 40
1.0
 40
1.0
 10
37.23279889560956
 20
174.5658079462794
 30
0.0
 10
37.23673401165547
 20
174.5794565338633
 30
0.0
 10
37.24711134357446
 20
174.6154493538794
 30
0.0
 10
37.29218206738739
 20
174.6700933409419
 30
0.0
 10
37.35863556258548
 20
174.7408371912801
 30
0.0
 10
37.41467349906108
 20
174.7901208180636
 30
0.0
 10
37.44649374855067
 20
174.8181057403971
 30
0.0
  0
SPLINE
  5
5ED
330
1F
100
AcDbEntity
  8
0
  6
Continuous
 62
     7
370
    25
100
AcDbSpline
210
0.0
220
0.0
230
1.0
 70
     8
 71
     3
 72
    11
 73
     7
 74
     0
 42
0.00000001
 43
0.0000000001
 40
0.0
 40
0.0
 40
0.0
 40
0.0
 40
0.2455780423048791
 40
0.4950338724581777
 40
0.7479921256106607
 40
1.0
 40
1.0
 40
1.0
 40
1.0
 10
37.30724742502128
 20
174.4982527992206
 30
0.0
 10
37.29835679813866
 20
174.4995370905868
 30
0.0
 10
37.28043515737247
 20
174.5021259528579
 30
0.0
 10
37.25628455062258
 20
174.5162409856535
 30
0.0
 10
37.23934175985747
 20
174.5388791414309
 30
0.0
 10
37.23497711217618
 20
174.5568429476766
 30
0.0
 10
37.23279889560945
 20
174.5658079462794
 30
0.0
  0
SPLINE
  5
5EE
330
1F
100
AcDbEntity
  8
0
  6
Continuous
 62
     7
370
    25
100
AcDbSpline
210
0.0
220
0.0
230
1.0
 70
     8
 71
     3
 72
    15
 73
    11
 74
     0
 42
0.00000001
 43
0.0000000001
 40
0.0
 40
0.0
 40
0.0
 40
0.0
 40
0.212074213893552
 40
0.3982764792279831
 40
0.5586712630160177
 40
0.6952891503137848
 40
0.8081195657562536
 40
0.894193280694526
 40
0.959526960596928
 40
1.0
 40
1.0
 40
1.0
 40
1.0
 10
37.70292757208009
 20
174.8429219168677
 30
0.0
 10
37.67748719804368
 20
174.8155150454129
 30
0.0
 10
37.62971004298345
 20
174.7640447979499
 30
0.0
 10
37.55831482220725
 20
174.696193514174
 30
0.0
 10
37.49845815005466
 20
174.6355115585959
 30
0.0
 10
37.44406838794188
 20
174.5880060282817
 30
0.0
 10
37.39984418814137
 20
174.5484902015444
 30
0.0
 10
37.36156955983407
 20
174.5221898634457
 30
0.0
 10
37.33257226063978
 20
174.5038211222234
 30
0.0
 10
37.31425436213218
 20
174.4997934563716
 30
0.0
 10
37.30724742502128
 20
174.4982527992206
 30
0.0
  0
SPLINE
  5
5EF
330
1F
100
AcDbEntity
  8
0
  6
Continuous
 62
     7
370
    25
100
AcDbSpline
210
0.0
220
0.0
230
1.0
 70
     8
 71
     3
 72
    11
 73
     7
 74
     0
 42
0.00000001
 43
0.0000000001
 40
0.0
 40
0.0
 40
0.0
 40
0.0
 40
0.2083335968364948
 40
0.4464183388289982
 40
0.7103030532271686
 40
1.0
 40
1.0
 40
1.0
 40
1.0
 10
38.04897536619776
 20
175.1917270639265
 30
0.0
 10
38.02457078097447
 20
175.1678785588624
 30
0.0
 10
37.97227650601997
 20
175.1167758554293
 30
0.0
 10
37.89012160743087
 20
175.0344013911891
 30
0.0
 10
37.79911165474124
 20
174.9420433577735
 30
0.0
 10
37.73597031123245
 20
174.8769737456697
 30
0.0
 10
37.70292757208009
 20
174.8429219168677
 30
0.0
  0
SPLINE
  5
5F0
330
1F
100
AcDbEntity
  8
0
  6
Continuous
 62
     7
370
    25
100
AcDbSpline
210
0.0
220
0.0
230
1.0
 70
     8
 71
     3
 72
    19
 73
    15
 74
     0
 42
0.00000001
 43
0.0000000001
 40
0.0
 40
0.0
 40
0.0
 40
0.0
 40
0.0675892922341463
 40
0.1445613794800766
 40
0.232948131682569
 40
0.3319265689907232
 40
0.3882756678237337
 40
0.4527239670228859
 40
0.5243249621327826
 40
0.6044378690805713
 40
0.6917413252556973
 40
0.786616785135208
 40
0.889318016249949
 40
1.0
 40
1.0
 40
1.0
 40
1.0
 10
37.24520698384476
 20
173.4863042698089
 30
0.0
 10
37.24781815667618
 20
173.5291762694506
 30
0.0
 10
37.25340298726218
 20
173.6208717910995
 30
0.0
 10
37.28596097663658
 20
173.7656893056048
 30
0.0
 10
37.33914927883316
 20
173.9249330696817
 30
0.0
 10
37.39952109821667
 20
174.0675307371634
 30
0.0
 10
37.46074319563846
 20
174.1928813403016
 30
0.0
 10
37.51737504778996
 20
174.3010703092219
 30
0.0
 10
37.58211966616688
 20
174.4220401556157
 30
0.0
 10
37.65834403495336
 20
174.5532130410285
 30
0.0
 10
37.74200212555988
 20
174.697138208538
 30
0.0
 10
37.83671065457586
 20
174.8511626491517
 30
0.0
 10
37.93778986187559
 20
175.0186823297443
 30
0.0
 10
38.01100080973436
 20
175.1326249618228
 30
0.0
 10
38.04897536619776
 20
175.1917270639265
 30
0.0
  0
SPLINE
  5
5F1
330
1F
100
AcDbEntity
  8
0
  6
Continuous
 62
     7
370
    25
100
AcDbSpline
210
0.0
220
0.0
230
1.0
 70
     8
 71
     3
 72
    15
 73
    11
 74
     0
 42
0.00000001
 43
0.0000000001
 40
0.0
 40
0.0
 40
0.0
 40
0.0
 40
0.1327405927311406
 40
0.2547764751288868
 40
0.3730726480062531
 40
0.4914124774422321
 40
0.610431275796366
 40
0.7326109836799632
 40
0.8602088068903171
 40
1.0
 40
1.0
 40
1.0
 40
1.0
 10
37.83114448384476
 20
172.8700358874559
 30
0.0
 10
37.78868237543207
 20
172.8721965437248
 30
0.0
 10
37.70718246583118
 20
172.8763436126569
 30
0.0
 10
37.59079767341174
 20
172.9069470658711
 30
0.0
 10
37.48830379399866
 20
172.9603454007602
 30
0.0
 10
37.40047511345466
 20
173.0340249568334
 30
0.0
 10
37.33065127047345
 20
173.1266164334261
 30
0.0
 10
37.28135852968836
 20
173.2344399853031
 30
0.0
 10
37.24953476872708
 20
173.3558364866279
 30
0.0
 10
37.24669277858186
 20
173.4415126845332
 30
0.0
 10
37.24520698384476
 20
173.4863042698089
 30
0.0
  0
SPLINE
  5
5F2
330
1F
100
AcDbEntity
  8
0
  6
Continuous
 62
     7
370
    25
100
AcDbSpline
210
0.0
220
0.0
230
1.0
 70
     8
 71
     3
 72
    19
 73
    15
 74
     0
 42
0.00000001
 43
0.0000000001
 40
0.0
 40
0.0
 40
0.0
 40
0.0
 40
0.1292490627098341
 40
0.2468590985887595
 40
0.3528530930455014
 40
0.4473437864539527
 40
0.5310016806080828
 40
0.6024384004705374
 40
0.6628453809173964
 40
0.7123424704878336
 40
0.7945594336968367
 40
0.8684674034283109
 40
0.9363104424610851
 40
1.0
 40
1.0
 40
1.0
 40
1.0
 10
39.72406727796246
 20
174.6554219168677
 30
0.0
 10
39.65628363942485
 20
174.5619628100699
 30
0.0
 10
39.52682035700218
 20
174.38346069659
 30
0.0
 10
39.33815487197975
 20
174.1309534283091
 30
0.0
 10
39.16396323338816
 20
173.9064667856687
 30
0.0
 10
39.00718434039859
 20
173.706853071695
 30
0.0
 10
38.86476633458787
 20
173.5352822375498
 30
0.0
 10
38.73743729489845
 20
173.3908828438039
 30
0.0
 10
38.62617479232796
 20
173.2730743519353
 30
0.0
 10
38.50186213300359
 20
173.1546738481728
 30
0.0
 10
38.35585477618517
 20
173.0419213607367
 30
0.0
 10
38.18034325368618
 20
172.9450009346331
 30
0.0
 10
38.00583991439586
 20
172.8820367447321
 30
0.0
 10
37.88813737344057
 20
172.8739510644679
 30
0.0
 10
37.83114448384476
 20
172.8700358874559
 30
0.0
  0
SPLINE
  5
5F3
330
1F
100
AcDbEntity
  8
0
  6
Continuous
 62
     7
370
    25
100
AcDbSpline
210
0.0
220
0.0
230
1.0
 70
     8
 71
     3
 72
    19
 73
    15
 74
     0
 42
0.00000001
 43
0.0000000001
 40
0.0
 40
0.0
 40
0.0
 40
0.0
 40
0.0677349107299687
 40
0.1439108465057082
 40
0.2261493206162938
 40
0.3178585032032736
 40
0.3703030803060677
 40
0.4318601682702873
 40
0.5035921292126907
 40
0.5840775393686933
 40
0.6733235309911854
 40
0.7727918884033432
 40
0.8815203236267466
 40
1.0
 40
1.0
 40
1.0
 40
1.0
 10
39.27461874855067
 20
173.4835469168677
 30
0.0
 10
39.27593984786156
 20
173.51208382925
 30
0.0
 10
39.27874667993817
 20
173.5727138821038
 30
0.0
 10
39.29416247957977
 20
173.6670492452601
 30
0.0
 10
39.32179421380076
 20
173.7688805585717
 30
0.0
 10
39.35114683339046
 20
173.8597233193671
 30
0.0
 10
39.38170239409965
 20
173.9409004350781
 30
0.0
 10
39.41258539228698
 20
174.0128623456872
 30
0.0
 10
39.44974130768907
 20
174.0949556477665
 30
0.0
 10
39.49251057885795
 20
174.1873182459945
 30
0.0
 10
39.54098333443707
 20
174.2899189386117
 30
0.0
 10
39.59582394932196
 20
174.4026761636606
 30
0.0
 10
39.65849520275018
 20
174.525294152887
 30
0.0
 10
39.70159336213246
 20
174.6108224375104
 30
0.0
 10
39.72406727796238
 20
174.6554219168677
 30
0.0
  0
SPLINE
  5
5F4
330
1F
100
AcDbEntity
  8
0
  6
Continuous
 62
     7
370
    25
100
AcDbSpline
210
0.0
220
0.0
230
1.0
 70
     8
 71
     3
 72
    15
 73
    11
 74
     0
 42
0.00000001
 43
0.0000000001
 40
0.0
 40
0.0
 40
0.0
 40
0.0
 40
0.1372810684759734
 40
0.2625724446219645
 40
0.3837109288144918
 40
0.5021233769163361
 40
0.6211843053722927
 40
0.739818784718726
 40
0.8641104381099397
 40
1.0
 40
1.0
 40
1.0
 40
1.0
 10
39.89915918972717
 20
172.8700358874559
 30
0.0
 10
39.85394894977325
 20
172.8721764317108
 30
0.0
 10
39.76747698857395
 20
172.8762705718867
 30
0.0
 10
39.64389317750818
 20
172.9068869144797
 30
0.0
 10
39.53525481349775
 20
172.9599261996798
 30
0.0
 10
39.44090684847009
 20
173.0323346578985
 30
0.0
 10
39.36602585452425
 20
173.1239796198923
 30
0.0
 10
39.31304213346908
 20
173.2315858463514
 30
0.0
 10
39.28039868364488
 20
173.352988698981
 30
0.0
 10
39.27660181039968
 20
173.4387531576399
 30
0.0
 10
39.27461874855067
 20
173.4835469168677
 30
0.0
  0
SPLINE
  5
5F5
330
1F
100
AcDbEntity
  8
0
  6
Continuous
 62
     7
370
    25
100
AcDbSpline
210
0.0
220
0.0
230
1.0
 70
     8
 71
     3
 72
    15
 73
    11
 74
     0
 42
0.00000001
 43
0.0000000001
 40
0.0
 40
0.0
 40
0.0
 40
0.0
 40
0.1843644248266808
 40
0.3500128559590572
 40
0.498218243518007
 40
0.6294826604524168
 40
0.7444481812947885
 40
0.8427269386417425
 40
0.9272878943717543
 40
1.0
 40
1.0
 40
1.0
 40
1.0
 10
41.41156727796245
 20
173.8792270639265
 30
0.0
 10
41.33046404114876
 20
173.799440536988
 30
0.0
 10
41.17649086779195
 20
173.6479671158708
 30
0.0
 10
40.94657446835445
 20
173.4437820658957
 30
0.0
 10
40.73493928531807
 20
173.2685745005529
 30
0.0
 10
40.53787558801916
 20
173.1255178155907
 30
0.0
 10
40.35641719554688
 20
173.0139957603672
 30
0.0
 10
40.19101711099824
 20
172.9341472950249
 30
0.0
 10
40.04129386172306
 20
172.8800719142033
 30
0.0
 10
39.94409648467976
 20
172.8732088774644
 30
0.0
 10
39.89915918972717
 20
172.8700358874559
 30
0.0
  0
SPLINE
  5
5F6
330
1F
100
AcDbEntity
  8
0
  6
Continuous
 62
     7
370
    25
100
AcDbSpline
210
0.0
220
0.0
230
1.0
 70
     8
 71
     3
 72
    11
 73
     7
 74
     0
 42
0.00000001
 43
0.0000000001
 40
0.0
 40
0.0
 40
0.0
 40
0.0
 40
0.3030045760786581
 40
0.5708874555018402
 40
0.802348161322067
 40
1.0
 40
1.0
 40
1.0
 40
1.0
 10
41.96165918972717
 20
174.4362123580442
 30
0.0
 10
41.90881618119386
 20
174.3819788390924
 30
0.0
 10
41.80925527332546
 20
174.2797980864517
 30
0.0
 10
41.66923473779874
 20
174.1362726351504
 30
0.0
 10
41.54569759059157
 20
174.0134785805365
 30
0.0
 10
41.46991205497416
 20
173.9376100629405
 30
0.0
 10
41.43500477796246
 20
173.9026645639265
 30
0.0
  0
SPLINE
  5
5F7
330
1F
100
AcDbEntity
  8
0
  6
Continuous
 62
     7
370
    25
100
AcDbSpline
210
0.0
220
0.0
230
1.0
 70
     8
 71
     3
 72
    11
 73
     7
 74
     0
 42
0.00000001
 43
0.0000000001
 40
0.4493339026341979
 40
0.4493339026341979
 40
0.4493339026341979
 40
0.4493339026341979
 40
0.5024190436270192
 40
0.6514702024813661
 40
0.8175223175387381
 40
1.0
 40
1.0
 40
1.0
 40
1.0
 10
42.59062593693487
 20
175.0552531040318
 30
0.0
 10
42.56974345307476
 20
175.0360607929296
 30
0.0
 10
42.49065800529587
 20
174.962510556926
 30
0.0
 10
42.34900009055187
 20
174.8260174660118
 30
0.0
 10
42.16052038938967
 20
174.6385396980124
 30
0.0
 10
42.02999670325377
 20
174.5057409908562
 30
0.0
 10
41.96165918972717
 20
174.4362123580442
 30
0.0
  0
SPLINE
  5
5F8
330
1F
100
AcDbEntity
  8
0
  6
Continuous
 62
     7
370
    25
100
AcDbSpline
210
0.0
220
0.0
230
1.0
 70
     8
 71
     3
 72
     8
 73
     4
 74
     0
 42
0.00000001
 43
0.0000000001
 40
0.0000008864094882
 40
0.0000008864094882
 40
0.0000008864094882
 40
0.0000008864094882
 40
0.0001486197318115
 40
0.0001486197318115
 40
0.0001486197318115
 40
0.0001486197318115
 10
42.59062593693487
 20
175.0552531040319
 30
0.0
 10
42.56640165088707
 20
175.0123788819971
 30
0.0
 10
42.54198303136116
 20
174.9696131266805
 30
0.0
 10
42.51726580737417
 20
174.9270211815736
 30
0.0
  0
SPLINE
  5
5F9
330
1F
100
AcDbEntity
  8
0
  6
Continuous
 62
     7
370
    25
100
AcDbSpline
210
0.0
220
0.0
230
1.0
 70
     8
 71
     3
 72
    15
 73
    11
 74
     0
 42
0.00000001
 43
0.0000000001
 40
0.0
 40
0.0
 40
0.0
 40
0.0
 40
0.0678582459603382
 40
0.1504885875091175
 40
0.2490248531482138
 40
0.3654095448590568
 40
0.4978310444009744
 40
0.6477845418074827
 40
0.8150121178591476
 40
1.0
 40
1.0
 40
1.0
 40
1.0
 10
41.92167757208008
 20
173.4849255933383
 30
0.0
 10
41.92401657913838
 20
173.5204286543172
 30
0.0
 10
41.92920377287437
 20
173.5991634554214
 30
0.0
 10
41.95922173097668
 20
173.7265945265656
 30
0.0
 10
42.00770119232648
 20
173.874647664138
 30
0.0
 10
42.07185590597937
 20
174.0449652335278
 30
0.0
 10
42.15781819085276
 20
174.2353276068017
 30
0.0
 10
42.25933937144645
 20
174.4477568161697
 30
0.0
 10
42.38163477254516
 20
174.6805926495057
 30
0.0
 10
42.47056077782237
 20
174.8421626395213
 30
0.0
 10
42.51726580737417
 20
174.9270211815736
 30
0.0
  0
SPLINE
  5
5FA
330
1F
100
AcDbEntity
  8
0
  6
Continuous
 62
     7
370
    25
100
AcDbSpline
210
0.0
220
0.0
230
1.0
 70
     8
 71
     3
 72
    15
 73
    11
 74
     0
 42
0.00000001
 43
0.0000000001
 40
0.0
 40
0.0
 40
0.0
 40
0.0
 40
0.1338042435830206
 40
0.2555262406903793
 40
0.3716330218679564
 40
0.4858312685767235
 40
0.6030108398853799
 40
0.7237526959349483
 40
0.8546249109865666
 40
1.0
 40
1.0
 40
1.0
 40
1.0
 10
42.49107095443297
 20
172.8700358874559
 30
0.0
 10
42.44858545009307
 20
172.8715595255001
 30
0.0
 10
42.36745079459097
 20
172.8744692202242
 30
0.0
 10
42.25272932472175
 20
172.9056448062588
 30
0.0
 10
42.15289779286426
 20
172.9572227320936
 30
0.0
 10
42.06811115783546
 20
173.029067901289
 30
0.0
 10
42.00165207801195
 20
173.1199232985309
 30
0.0
 10
41.95410749758965
 20
173.2275473463299
 30
0.0
 10
41.92682901733197
 20
173.3512337431071
 30
0.0
 10
41.92345378658937
 20
173.4388287423484
 30
0.0
 10
41.92167757208008
 20
173.4849255933383
 30
0.0
  0
SPLINE
  5
5FB
330
1F
100
AcDbEntity
  8
0
  6
Continuous
 62
     7
370
    25
100
AcDbSpline
210
0.0
220
0.0
230
1.0
 70
     8
 71
     3
 72
    19
 73
    15
 74
     0
 42
0.00000001
 43
0.0000000001
 40
0.0
 40
0.0
 40
0.0
 40
0.0
 40
0.1080362118646264
 40
0.2083515529941115
 40
0.3019347859491838
 40
0.3864022053349937
 40
0.4646811349030996
 40
0.5348929959032303
 40
0.5980631648147172
 40
0.653883390599084
 40
0.7523735579387
 40
0.8418475540812206
 40
0.9239211190838018
 40
1.0
 40
1.0
 40
1.0
 40
1.0
 10
44.11928786619767
 20
173.9895211815736
 30
0.0
 10
44.06834045043846
 20
173.9375293445776
 30
0.0
 10
43.97008660562787
 20
173.8372612974647
 30
0.0
 10
43.82667244942825
 20
173.6929543164647
 30
0.0
 10
43.69122215828876
 20
173.5631923121393
 30
0.0
 10
43.56439424652657
 20
173.4459498424869
 30
0.0
 10
43.44696004029617
 20
173.3417672178809
 30
0.0
 10
43.33751399158846
 20
173.2503219555692
 30
0.0
 10
43.23747669267807
 20
173.1712086567268
 30
0.0
 10
43.11735393926866
 20
173.0872316124466
 30
0.0
 10
42.97673133441036
 20
173.0015836441895
 30
0.0
 10
42.81019202790086
 20
172.9275001012825
 30
0.0
 10
42.64899773604675
 20
172.8799895306248
 30
0.0
 10
42.54236594120627
 20
172.8732688539577
 30
0.0
 10
42.49107095443297
 20
172.8700358874559
 30
0.0
  0
SPLINE
  5
5FC
330
1F
100
AcDbEntity
  8
0
  6
Continuous
 62
     7
370
    25
100
AcDbSpline
210
0.0
220
0.0
230
1.0
 70
     8
 71
     3
 72
    14
 73
    10
 74
     0
 42
0.00000001
 43
0.0000000001
 40
0.0
 40
0.0
 40
0.0
 40
0.0
 40
0.0001516568705809
 40
0.0001516568705809
 40
0.0001516568705809
 40
0.0003033139758292
 40
0.0003033139758292
 40
0.0003033139758292
 40
0.0006066259450082
 40
0.0006066259450082
 40
0.0006066259450082
 40
0.0006066259450082
 10
44.11928786619767
 20
173.9895211815736
 30
0.0
 10
44.15415412691345
 20
174.0261255243149
 30
0.0
 10
44.18901684249957
 20
174.062733353751
 30
0.0
 10
44.22380161072047
 20
174.099415146832
 30
0.0
 10
44.25858641892257
 20
174.1360969820747
 30
0.0
 10
44.29330407379686
 20
174.1728425686235
 30
0.0
 10
44.32796854785536
 20
174.2096381411382
 30
0.0
 10
44.39729700304716
 20
174.283228762938
 30
0.0
 10
44.46646276560317
 20
174.3569725175421
 30
0.0
 10
44.53564816031536
 20
174.4306976521618
 30
0.0
  0
SPLINE
  5
5FD
330
1F
100
AcDbEntity
  8
0
  6
Continuous
 62
     7
370
    25
100
AcDbSpline
210
0.0
220
0.0
230
1.0
 70
     8
 71
     3
 72
    23
 73
    19
 74
     0
 42
0.00000001
 43
0.0000000001
 40
0.0
 40
0.0
 40
0.0
 40
0.0
 40
0.0368416949987977
 40
0.0743151597746094
 40
0.1137363819061778
 40
0.1552538067497832
 40
0.2000011585946659
 40
0.24869009960976
 40
0.3012532750260634
 40
0.3586195795223195
 40
0.4204594032760753
 40
0.4878224171834969
 40
0.5594984205492453
 40
0.6369917838038709
 40
0.719398058123272
 40
0.8076759184797277
 40
0.9008301932086419
 40
1.0
 40
1.0
 40
1.0
 40
1.0
 10
58.86285404266835
 20
170.8571682403971
 30
0.0
 10
58.86498051652496
 20
170.9014985748032
 30
0.0
 10
58.86926992949625
 20
170.9909194302865
 30
0.0
 10
58.90479144390316
 20
171.1238010918468
 30
0.0
 10
58.95985434305856
 20
171.2554668630829
 30
0.0
 10
59.03950355895087
 20
171.384312743095
 30
0.0
 10
59.13764175953658
 20
171.5137779752227
 30
0.0
 10
59.26040333720097
 20
171.6395792820528
 30
0.0
 10
59.40318184854875
 20
171.7660966160108
 30
0.0
 10
59.56927623180238
 20
171.8889958389761
 30
0.0
 10
59.75663243102935
 20
172.0122600738564
 30
0.0
 10
59.96524347234886
 20
172.1339394224761
 30
0.0
 10
60.19604673271675
 20
172.2542180818389
 30
0.0
 10
60.44741337100086
 20
172.3737406180822
 30
0.0
 10
60.72166884848446
 20
172.4910697616165
 30
0.0
 10
61.01730875670767
 20
172.605656211058
 30
0.0
 10
61.33412438754246
 20
172.7212143630085
 30
0.0
 10
61.55380571350416
 20
172.7930255945557
 30
0.0
 10
61.66708198384476
 20
172.8300542698089
 30
0.0
  0
SPLINE
  5
5FE
330
1F
100
AcDbEntity
  8
0
  6
Continuous
 62
     7
370
    25
100
AcDbSpline
210
0.0
220
0.0
230
1.0
 70
     8
 71
     3
 72
    15
 73
    11
 74
     0
 42
0.00000001
 43
0.0000000001
 40
0.0
 40
0.0
 40
0.0
 40
0.0
 40
0.1420238179344702
 40
0.2729128572011797
 40
0.3982568874909171
 40
0.5215059406013279
 40
0.642441005021184
 40
0.7577689914543497
 40
0.8758160481337082
 40
1.0
 40
1.0
 40
1.0
 40
1.0
 10
59.68454521913887
 20
170.1347417698089
 30
0.0
 10
59.62636093418557
 20
170.1366861224658
 30
0.0
 10
59.51455405783386
 20
170.1404223890069
 30
0.0
 10
59.35592052725086
 20
170.1813039653528
 30
0.0
 10
59.21231234809567
 20
170.2422779392777
 30
0.0
 10
59.08940968663046
 20
170.3319320550453
 30
0.0
 10
58.98760494181175
 20
170.4395857580461
 30
0.0
 10
58.91619954714407
 20
170.5667403663328
 30
0.0
 10
58.86930324037395
 20
170.7068659816223
 30
0.0
 10
58.86503977999888
 20
170.8062283758018
 30
0.0
 10
58.86285404266835
 20
170.8571682403971
 30
0.0
  0
SPLINE
  5
5FF
330
1F
100
AcDbEntity
  8
0
  6
Continuous
 62
     7
370
    25
100
AcDbSpline
210
0.0
220
0.0
230
1.0
 70
     8
 71
     3
 72
    23
 73
    19
 74
     0
 42
0.00000001
 43
0.0000000001
 40
0.0
 40
0.0
 40
0.0
 40
0.0
 40
0.1089549619956006
 40
0.2098319655139256
 40
0.3024757521961308
 40
0.3871229616503532
 40
0.4642072516278556
 40
0.5331325861776094
 40
0.5943205595644621
 40
0.6481503605044514
 40
0.6971696879223162
 40
0.7438785786349592
 40
0.7891017726918003
 40
0.8326279073292178
 40
0.8751069156093873
 40
0.9169411250895571
 40
0.958185522475164
 40
1.0
 40
1.0
 40
1.0
 40
1.0
 10
62.67075845443308
 20
172.9582711815736
 30
0.0
 10
62.59020039583957
 20
172.8248047592746
 30
0.0
 10
62.43505688091346
 20
172.5677671612784
 30
0.0
 10
62.20621380271495
 20
172.200361303852
 30
0.0
 10
61.98458669823175
 20
171.8697089911039
 30
0.0
 10
61.77702251909457
 20
171.5707070961672
 30
0.0
 10
61.57971485549147
 20
171.3060053649639
 30
0.0
 10
61.39147257474566
 20
171.0768938138961
 30
0.0
 10
61.21746338598946
 20
170.8792711207517
 30
0.0
 10
61.04958662717809
 20
170.7148602982708
 30
0.0
 10
60.88526335374947
 20
170.5775337052745
 30
0.0
 10
60.72203841602146
 20
170.4586929912991
 30
0.0
 10
60.55509821457497
 20
170.3597184159274
 30
0.0
 10
60.38611581129917
 20
170.2773096856056
 30
0.0
 10
60.21434030911565
 20
170.2135730888465
 30
0.0
 10
60.04037658635906
 20
170.1675888414363
 30
0.0
 10
59.86321717252808
 20
170.140906171922
 30
0.0
 10
59.74437443196626
 20
170.1368059512262
 30
0.0
 10
59.68454521913887
 20
170.1347417698089
 30
0.0
  0
SPLINE
  5
600
330
1F
100
AcDbEntity
  8
0
  6
Continuous
 62
     7
370
    25
100
AcDbSpline
210
0.0
220
0.0
230
1.0
 70
     8
 71
     3
 72
    23
 73
    19
 74
     0
 42
0.00000001
 43
0.0000000001
 40
0.0
 40
0.0
 40
0.0
 40
0.0
 40
0.0277449865908017
 40
0.0629083849372349
 40
0.1055670094186171
 40
0.155763276800215
 40
0.2137767739018902
 40
0.2788915890320758
 40
0.3520711824374188
 40
0.4328487563612196
 40
0.5153389918089508
 40
0.5944306465980987
 40
0.6699657160064533
 40
0.7419284237005352
 40
0.8108746521581164
 40
0.876672278241512
 40
0.9396330603134954
 40
1.0
 40
1.0
 40
1.0
 40
1.0
 10
65.92167757208009
 20
175.4095579462795
 30
0.0
 10
65.88971408301947
 20
175.3892487098312
 30
0.0
 10
65.81724075645357
 20
175.3431999845927
 30
0.0
 10
65.70219483855417
 20
175.2563255778293
 30
0.0
 10
65.56571941697207
 20
175.1473166942415
 30
0.0
 10
65.40870338186007
 20
175.0141474891351
 30
0.0
 10
65.23012365413676
 20
174.85909871931
 30
0.0
 10
65.03083532925796
 20
174.6801108698673
 30
0.0
 10
64.81059583024467
 20
174.4779906292416
 30
0.0
 10
64.57630132498445
 20
174.2562051798573
 30
0.0
 10
64.33293222335457
 20
174.0322184353679
 30
0.0
 10
64.08586413491185
 20
173.823234171545
 30
0.0
 10
63.84408709344924
 20
173.6303789150611
 30
0.0
 10
63.60318758626288
 20
173.4592979834726
 30
0.0
 10
63.36624952475697
 20
173.3061334420036
 30
0.0
 10
63.13310083635397
 20
173.1702714499465
 30
0.0
 10
62.90289024257326
 20
173.053047352484
 30
0.0
 10
62.74704311912467
 20
172.9894171460129
 30
0.0
 10
62.67075845443308
 20
172.9582711815736
 30
0.0
  0
SPLINE
  5
601
330
1F
100
AcDbEntity
  8
0
  6
Continuous
 62
     7
370
    25
100
AcDbSpline
210
0.0
220
0.0
230
1.0
 70
     8
 71
     3
 72
     9
 73
     5
 74
     0
 42
0.00000001
 43
0.0000000001
 40
0.0
 40
0.0
 40
0.0
 40
0.0
 40
0.6056180914034504
 40
1.0
 40
1.0
 40
1.0
 40
1.0
 10
65.88031727796246
 20
175.4192086815736
 30
0.0
 10
65.88852986608945
 20
175.4166424821011
 30
0.0
 10
65.90209053781258
 20
175.4124051590935
 30
0.0
 10
65.91613764653276
 20
175.4103632415984
 30
0.0
 10
65.92167757208009
 20
175.4095579462795
 30
0.0
  0
SPLINE
  5
602
330
1F
100
AcDbEntity
  8
0
  6
Continuous
 62
     7
370
    25
100
AcDbSpline
210
0.0
220
0.0
230
1.0
 70
     8
 71
     3
 72
     9
 73
     5
 74
     0
 42
0.00000001
 43
0.0000000001
 40
0.0
 40
0.0
 40
0.0
 40
0.0
 40
0.3601275548655098
 40
1.0
 40
1.0
 40
1.0
 40
1.0
 10
65.81551948384476
 20
175.4288594168677
 30
0.0
 10
65.82334155434546
 20
175.4280076623853
 30
0.0
 10
65.84506183204975
 20
175.4256425157285
 30
0.0
 10
65.86656072729446
 20
175.4217191409721
 30
0.0
 10
65.88031727796246
 20
175.4192086815736
 30
0.0
  0
SPLINE
  5
603
330
1F
100
AcDbEntity
  8
0
  6
Continuous
 62
     7
370
    25
100
AcDbSpline
210
0.0
220
0.0
230
1.0
 70
     8
 71
     3
 72
    19
 73
    15
 74
     0
 42
0.00000001
 43
0.0000000001
 40
0.0
 40
0.0
 40
0.0
 40
0.0
 40
0.1366161545046967
 40
0.2610661463942815
 40
0.3734228897109138
 40
0.4729428821933662
 40
0.5604011691546926
 40
0.6364717974093907
 40
0.6997502538639218
 40
0.7508839129333148
 40
0.8346757273003033
 40
0.9029819362464472
 40
0.9579733151031415
 40
1.0
 40
1.0
 40
1.0
 40
1.0
 10
64.73877316031536
 20
174.6126829462794
 30
0.0
 10
64.78477676074708
 20
174.6544499815113
 30
0.0
 10
64.87268717462535
 20
174.7342645464419
 30
0.0
 10
64.99768442608758
 20
174.8492570800342
 30
0.0
 10
65.11215633783756
 20
174.9507257655334
 30
0.0
 10
65.21406324484717
 20
175.0410147773131
 30
0.0
 10
65.30551867060975
 20
175.1181523828102
 30
0.0
 10
65.38470040687577
 20
175.1842880925645
 30
0.0
 10
65.45276996153467
 20
175.2378722868619
 30
0.0
 10
65.52333627521287
 20
175.294028958416
 30
0.0
 10
65.60095345399216
 20
175.3445037066154
 30
0.0
 10
65.68216009854587
 20
175.3922030754588
 30
0.0
 10
65.75266863428436
 20
175.4204260215057
 30
0.0
 10
65.79652262941036
 20
175.4263103982753
 30
0.0
 10
65.81551948384476
 20
175.4288594168677
 30
0.0
  0
SPLINE
  5
604
330
1F
100
AcDbEntity
  8
0
  6
Continuous
 62
     7
370
    25
100
AcDbSpline
210
0.0
220
0.0
230
1.0
 70
     8
 71
     3
 72
    19
 73
    15
 74
     0
 42
0.00000001
 43
0.0000000001
 40
0.0
 40
0.0
 40
0.0
 40
0.0
 40
0.0827182165074603
 40
0.1698953352594729
 40
0.2616059626317644
 40
0.3587618799499929
 40
0.4123952625644788
 40
0.4736814927104433
 40
0.5422813579277323
 40
0.6185081910790938
 40
0.7025086263858639
 40
0.7937957975782438
 40
0.8932435673093362
 40
1.0
 40
1.0
 40
1.0
 40
1.0
 10
62.84447168972708
 20
173.1802380933383
 30
0.0
 10
62.90408709826576
 20
173.2080603747582
 30
0.0
 10
63.02653146720825
 20
173.2652046898692
 30
0.0
 10
63.20859614652286
 20
173.3662593914153
 30
0.0
 10
63.39333524519436
 20
173.484919905283
 30
0.0
 10
63.55212882934776
 20
173.5944309172026
 30
0.0
 10
63.68652132497526
 20
173.6963497989271
 30
0.0
 10
63.80030010795675
 20
173.7877252758296
 30
0.0
 10
63.92803417233936
 20
173.8904543439663
 30
0.0
 10
64.06483903580125
 20
174.0104631944981
 30
0.0
 10
64.21709936941597
 20
174.1401440259061
 30
0.0
 10
64.37953076841766
 20
174.2862514209005
 30
0.0
 10
64.55607379600465
 20
174.4437053984078
 30
0.0
 10
64.67645116131487
 20
174.5550417026479
 30
0.0
 10
64.73877316031536
 20
174.6126829462794
 30
0.0
  0
SPLINE
  5
605
330
1F
100
AcDbEntity
  8
0
  6
Continuous
 62
     7
370
    25
100
AcDbSpline
210
0.0
220
0.0
230
1.0
 70
     8
 71
     3
 72
    23
 73
    19
 74
     0
 42
0.00000001
 43
0.0000000001
 40
0.0
 40
0.0
 40
0.0
 40
0.0
 40
0.017304166095456
 40
0.0405661361481167
 40
0.0710266857184809
 40
0.1093091864330986
 40
0.1548282967642196
 40
0.2082307745932792
 40
0.2698641420629629
 40
0.3392029517037905
 40
0.4138923186321474
 40
0.4904350189631658
 40
0.5694212856098733
 40
0.6509855146084255
 40
0.7344496437993878
 40
0.8205921641527904
 40
0.909140515466248
 40
1.0
 40
1.0
 40
1.0
 40
1.0
 10
61.05632830737417
 20
173.0465064756912
 30
0.0
 10
61.07688493151146
 20
173.0495948719685
 30
0.0
 10
61.12507580120707
 20
173.0568349957151
 30
0.0
 10
61.19975210189426
 20
173.0997538937356
 30
0.0
 10
61.28967934973276
 20
173.1620609505544
 30
0.0
 10
61.39305239123387
 20
173.2514234378664
 30
0.0
 10
61.51189753653088
 20
173.3638338934748
 30
0.0
 10
61.64582668366695
 20
173.5008352198582
 30
0.0
 10
61.79344505952106
 20
173.6638477479948
 30
0.0
 10
61.95634165190987
 20
173.8472767828427
 30
0.0
 10
62.12434498269477
 20
174.0497972250884
 30
0.0
 10
62.29415359385986
 20
174.2655988086082
 30
0.0
 10
62.46444607145416
 20
174.4914293615772
 30
0.0
 10
62.63095114183025
 20
174.730175248016
 30
0.0
 10
62.80074074287195
 20
174.9770157117186
 30
0.0
 10
62.96687027345867
 20
175.2363223174706
 30
0.0
 10
63.13209811044287
 20
175.506559841714
 30
0.0
 10
63.24043344167726
 20
175.6910994976347
 30
0.0
 10
63.29529889560946
 20
175.7845579462794
 30
0.0
  0
SPLINE
  5
606
330
1F
100
AcDbEntity
  8
0
  6
Continuous
 62
     7
370
    25
100
AcDbSpline
210
0.0
220
0.0
230
1.0
 70
     8
 71
     3
 72
    11
 73
     7
 74
     0
 42
0.00000001
 43
0.0000000001
 40
0.0
 40
0.0
 40
0.0
 40
0.0
 40
0.233270297357544
 40
0.4832660994203583
 40
0.7431693399471606
 40
1.0
 40
1.0
 40
1.0
 40
1.0
 10
60.98050110149187
 20
173.1181976521618
 30
0.0
 10
60.98161470981466
 20
173.1091955277468
 30
0.0
 10
60.98392177229357
 20
173.0905458256551
 30
0.0
 10
61.00181757315617
 20
173.0672223816269
 30
0.0
 10
61.02641689007338
 20
173.0496150924855
 30
0.0
 10
61.04639743742558
 20
173.0475385655047
 30
0.0
 10
61.05632830737417
 20
173.0465064756912
 30
0.0
  0
SPLINE
  5
607
330
1F
100
AcDbEntity
  8
0
  6
Continuous
 62
     7
370
    25
100
AcDbSpline
210
0.0
220
0.0
230
1.0
 70
     8
 71
     3
 72
    15
 73
    11
 74
     0
 42
0.00000001
 43
0.0000000001
 40
0.0
 40
0.0
 40
0.0
 40
0.0
 40
0.2132399839127727
 40
0.3999992357877289
 40
0.5603015647960071
 40
0.6960155220696575
 40
0.8054003370125515
 40
0.8923995977031815
 40
0.9567993397290276
 40
1.0
 40
1.0
 40
1.0
 40
1.0
 10
61.26726580737417
 20
173.7289513286324
 30
0.0
 10
61.24419171291876
 20
173.6867228303931
 30
0.0
 10
61.20090892899016
 20
173.6075098858307
 30
0.0
 10
61.14170205333725
 20
173.495798999747
 30
0.0
 10
61.09137204658846
 20
173.3991423349428
 30
0.0
 10
61.05194719646085
 20
173.3166386712329
 30
0.0
 10
61.01986405840768
 20
173.2487523194791
 30
0.0
 10
61.00067391262687
 20
173.1932217542271
 30
0.0
 10
60.98406909769846
 20
173.1521761380239
 30
0.0
 10
60.98152324145117
 20
173.1279316221966
 30
0.0
 10
60.98050110149187
 20
173.1181976521618
 30
0.0
  0
SPLINE
  5
608
330
1F
100
AcDbEntity
  8
0
  6
Continuous
 62
     7
370
    25
100
AcDbSpline
210
0.0
220
0.0
230
1.0
 70
     8
 71
     3
 72
    14
 73
    10
 74
     0
 42
0.00000001
 43
0.0000000001
 40
0.0
 40
0.0
 40
0.0
 40
0.0
 40
0.0000396729404008
 40
0.0000396729404008
 40
0.0000396729404008
 40
0.0000793458906959
 40
0.0000793458906959
 40
0.0000793458906959
 40
0.0001586916876086
 40
0.0001586916876086
 40
0.0001586916876086
 40
0.0001586916876086
 10
61.26726580737417
 20
173.7289513286324
 30
0.0
 10
61.27383138825337
 20
173.7404306846418
 30
0.0
 10
61.28039696951017
 20
173.7519100413083
 30
0.0
 10
61.28695779001366
 20
173.7633921186897
 30
0.0
 10
61.29351861142925
 20
173.7748741976674
 30
0.0
 10
61.30007410446016
 20
173.7863593249229
 30
0.0
 10
61.30662147404397
 20
173.7978490797867
 30
0.0
 10
61.31971619446087
 20
173.8208285566097
 30
0.0
 10
61.33278328347008
 20
173.8438237716947
 30
0.0
 10
61.34585036619776
 20
173.8668189756912
 30
0.0
  0
SPLINE
  5
609
330
1F
100
AcDbEntity
  8
0
  6
Continuous
 62
     7
370
    25
100
AcDbSpline
210
0.0
220
0.0
230
1.0
 70
     8
 71
     3
 72
    15
 73
    11
 74
     0
 42
0.00000001
 43
0.0000000001
 40
0.0
 40
0.0
 40
0.0
 40
0.0
 40
0.0830118595310806
 40
0.1758158378436306
 40
0.2815965358966583
 40
0.3987109739211787
 40
0.529343187629646
 40
0.6728274449554278
 40
0.8295065444442714
 40
1.0
 40
1.0
 40
1.0
 40
1.0
 10
61.86285404266836
 20
175.2055138286324
 30
0.0
 10
61.86095881227467
 20
175.1654454596062
 30
0.0
 10
61.85694478920066
 20
175.0805822375177
 30
0.0
 10
61.83193358338538
 20
174.9465303595982
 30
0.0
 10
61.78975944085237
 20
174.79994356736
 30
0.0
 10
61.73204367686516
 20
174.6392538381693
 30
0.0
 10
61.66116167651747
 20
174.4640630237253
 30
0.0
 10
61.56980507132766
 20
174.2771147521574
 30
0.0
 10
61.46553547351117
 20
174.0751909195494
 30
0.0
 10
61.38685281983088
 20
173.9382043064
 30
0.0
 10
61.34585036619776
 20
173.8668189756912
 30
0.0
  0
SPLINE
  5
60A
330
1F
100
AcDbEntity
  8
0
  6
Continuous
 62
     7
370
    25
100
AcDbSpline
210
0.0
220
0.0
230
1.0
 70
     8
 71
     3
 72
    15
 73
    11
 74
     0
 42
0.00000001
 43
0.0000000001
 40
0.0
 40
0.0
 40
0.0
 40
0.0
 40
0.1141342840953108
 40
0.2223394466722103
 40
0.3321102861310625
 40
0.4473434899704687
 40
0.5705471927246589
 40
0.7014749206734878
 40
0.8444161235143948
 40
1.0
 40
1.0
 40
1.0
 40
1.0
 10
61.37480257208008
 20
175.8700358874559
 30
0.0
 10
61.41007112279966
 20
175.8682339693772
 30
0.0
 10
61.47877607078346
 20
175.8647237404241
 30
0.0
 10
61.57558400166407
 20
175.8276028926252
 30
0.0
 10
61.66157322961957
 20
175.7702705717522
 30
0.0
 10
61.73366702596226
 20
175.6895728986135
 30
0.0
 10
61.79094445970547
 20
175.5907681906522
 30
0.0
 10
61.83443739187137
 20
175.4759684531732
 30
0.0
 10
61.85845318712508
 20
175.3452893149685
 30
0.0
 10
61.86134624997556
 20
175.2534028026848
 30
0.0
 10
61.86285404266836
 20
175.2055138286324
 30
0.0
  0
SPLINE
  5
60B
330
1F
100
AcDbEntity
  8
0
  6
Continuous
 62
     7
370
    25
100
AcDbSpline
210
0.0
220
0.0
230
1.0
 70
     8
 71
     3
 72
    15
 73
    11
 74
     0
 42
0.00000001
 43
0.0000000001
 40
0.0
 40
0.0
 40
0.0
 40
0.0
 40
0.1987363803256318
 40
0.3749042951963218
 40
0.5250518765125275
 40
0.6532979824829887
 40
0.7617890404287255
 40
0.8549955407963977
 40
0.9331156747826288
 40
1.0
 40
1.0
 40
1.0
 40
1.0
 10
60.36561139560946
 20
175.0731608874559
 30
0.0
 10
60.42302685392975
 20
175.1384039186182
 30
0.0
 10
60.53133768207136
 20
175.2614809947643
 30
0.0
 10
60.69033719882077
 20
175.4271928896361
 30
0.0
 10
60.83293359448176
 20
175.5657294356097
 30
0.0
 10
60.96123033280547
 20
175.676276772668
 30
0.0
 10
61.07867203408208
 20
175.7603765066939
 30
0.0
 10
61.18387231648917
 20
175.8231966932013
 30
0.0
 10
61.28232969760496
 20
175.8605965949132
 30
0.0
 10
61.34561279770347
 20
175.8670563021325
 30
0.0
 10
61.37480257208008
 20
175.8700358874559
 30
0.0
  0
SPLINE
  5
60C
330
1F
100
AcDbEntity
  8
0
  6
Continuous
 62
     7
370
    25
100
AcDbSpline
210
0.0
220
0.0
230
1.0
 70
     8
 71
     3
 72
    15
 73
    11
 74
     0
 42
0.00000001
 43
0.0000000001
 40
0.0
 40
0.0
 40
0.0
 40
0.0
 40
0.0450879906927756
 40
0.1141527479038
 40
0.2016496348292588
 40
0.3151913962690778
 40
0.449977986204783
 40
0.6112896856574605
 40
0.7923276606533195
 40
1.0
 40
1.0
 40
1.0
 40
1.0
 10
60.07057463090356
 20
174.6747233874559
 30
0.0
 10
60.07170015824596
 20
174.6812352871285
 30
0.0
 10
60.07454974273608
 20
174.6977219664033
 30
0.0
 10
60.08818273734097
 20
174.7241933410466
 30
0.0
 10
60.10805863137775
 20
174.7580968716484
 30
0.0
 10
60.13522352955067
 20
174.7990056775649
 30
0.0
 10
60.17221561026116
 20
174.845980360381
 30
0.0
 10
60.21545097536097
 20
174.9005649578563
 30
0.0
 10
60.26741462821807
 20
174.9617561532812
 30
0.0
 10
60.30445950746747
 20
175.0047139403014
 30
0.0
 10
60.32425110149187
 20
175.0276645639265
 30
0.0
  0
SPLINE
  5
60D
330
1F
100
AcDbEntity
  8
0
  6
Continuous
 62
     7
370
    25
100
AcDbSpline
210
0.0
220
0.0
230
1.0
 70
     8
 71
     3
 72
    11
 73
     7
 74
     0
 42
0.00000001
 43
0.0000000001
 40
0.0
 40
0.0
 40
0.0
 40
0.0
 40
0.2648416901845733
 40
0.4899638806086299
 40
0.7195443689916142
 40
1.0
 40
1.0
 40
1.0
 40
1.0
 10
60.11882830737417
 20
174.6347417698089
 30
0.0
 10
60.11279252137367
 20
174.6352890927491
 30
0.0
 10
60.10162616335326
 20
174.636301654146
 30
0.0
 10
60.08615530255916
 20
174.6433949296665
 30
0.0
 10
60.07607122468725
 20
174.6575118886
 30
0.0
 10
60.07252474698926
 20
174.6686169837271
 30
0.0
 10
60.07057463090356
 20
174.6747233874559
 30
0.0
  0
SPLINE
  5
60E
330
1F
100
AcDbEntity
  8
0
  6
Continuous
 62
     7
370
    25
100
AcDbSpline
210
0.0
220
0.0
230
1.0
 70
     8
 71
     3
 72
    23
 73
    19
 74
     0
 42
0.00000001
 43
0.0000000001
 40
0.0
 40
0.0
 40
0.0
 40
0.0
 40
0.0328975179680439
 40
0.074611346220827
 40
0.1247362110128468
 40
0.1838477006880415
 40
0.2522950665330119
 40
0.3303022656167987
 40
0.4191253376569078
 40
0.5177363274529955
 40
0.615270465883241
 40
0.7029882626235226
 40
0.7787452822741222
 40
0.8437095783358754
 40
0.8979959489509429
 40
0.9418032182291808
 40
0.9755161264985121
 40
1.0
 40
1.0
 40
1.0
 40
1.0
 10
60.92121801325657
 20
175.1641535345147
 30
0.0
 10
60.91057174185246
 20
175.1631578940106
 30
0.0
 10
60.88642607097057
 20
175.1608997881427
 30
0.0
 10
60.84803049938106
 20
175.1472429507198
 30
0.0
 10
60.80384430419487
 20
175.1262989280756
 30
0.0
 10
60.75425058947645
 20
175.0968828512577
 30
0.0
 10
60.69911964291207
 20
175.0594634924967
 30
0.0
 10
60.63841026674156
 20
175.013319601118
 30
0.0
 10
60.57097706021925
 20
174.9599179772408
 30
0.0
 10
60.50080337750826
 20
174.8998864994408
 30
0.0
 10
60.43195248318976
 20
174.8388740057678
 30
0.0
 10
60.36589491538066
 20
174.7860424007393
 30
0.0
 10
60.30801344945077
 20
174.7398880209305
 30
0.0
 10
60.25702879954046
 20
174.7025685088307
 30
0.0
 10
60.21302227558026
 20
174.6731750540622
 30
0.0
 10
60.17581265890386
 20
174.6523983808531
 30
0.0
 10
60.14550719537087
 20
174.63829183712
 30
0.0
 10
60.12672861388145
 20
174.6357930362591
 30
0.0
 10
60.11882830737417
 20
174.6347417698089
 30
0.0
  0
SPLINE
  5
60F
330
1F
100
AcDbEntity
  8
0
  6
Continuous
 62
     7
370
    25
100
AcDbSpline
210
0.0
220
0.0
230
1.0
 70
     8
 71
     3
 72
    11
 73
     7
 74
     0
 42
0.00000001
 43
0.0000000001
 40
0.0
 40
0.0
 40
0.0
 40
0.0
 40
0.3247352397246487
 40
0.505080595258904
 40
0.6849605426482356
 40
1.0
 40
1.0
 40
1.0
 40
1.0
 10
60.98050110149187
 20
175.0965983874559
 30
0.0
 10
60.98017557713737
 20
175.1079591966915
 30
0.0
 10
60.97966926918366
 20
175.1256293586861
 30
0.0
 10
60.97314042779515
 20
175.1508539706156
 30
0.0
 10
60.94961001385716
 20
175.1616386083371
 30
0.0
 10
60.93226129073757
 20
175.1631753354785
 30
0.0
 10
60.92121801325657
 20
175.1641535345147
 30
0.0
  0
SPLINE
  5
610
330
1F
100
AcDbEntity
  8
0
  6
Continuous
 62
     7
370
    25
100
AcDbSpline
210
0.0
220
0.0
230
1.0
 70
     8
 71
     3
 72
    23
 73
    19
 74
     0
 42
0.00000001
 43
0.0000000001
 40
0.0
 40
0.0
 40
0.0
 40
0.0
 40
0.0599759818315751
 40
0.1236703197895784
 40
0.190080615171855
 40
0.2619137852308743
 40
0.3373140621443289
 40
0.4180467866880474
 40
0.5036573383147795
 40
0.5943706226155295
 40
0.6824304208735114
 40
0.7599397882343108
 40
0.8269080678299706
 40
0.8826758015802599
 40
0.927932281719204
 40
0.9627192382602205
 40
0.9864152591974878
 40
1.0
 40
1.0
 40
1.0
 40
1.0
 10
60.27461874855067
 20
173.4931976521618
 30
0.0
 10
60.27576286081087
 20
173.5286383934822
 30
0.0
 10
60.27812201733937
 20
173.6017171106425
 30
0.0
 10
60.29535640392456
 20
173.7129660708146
 30
0.0
 10
60.32381652946938
 20
173.8289013117292
 30
0.0
 10
60.36195479867426
 20
173.949351959423
 30
0.0
 10
60.41264115441556
 20
174.0742436850295
 30
0.0
 10
60.47323473052436
 20
174.2036347437186
 30
0.0
 10
60.54511968537916
 20
174.3375136535227
 30
0.0
 10
60.62634665486426
 20
174.4709739560356
 30
0.0
 10
60.70730084673707
 20
174.5989223287976
 30
0.0
 10
60.77900190445285
 20
174.716114728643
 30
0.0
 10
60.83939529546066
 20
174.8178574776474
 30
0.0
 10
60.88941816226847
 20
174.9035442308012
 30
0.0
 10
60.92861316597847
 20
174.9736668388996
 30
0.0
 10
60.95544710622366
 20
175.0286019080311
 30
0.0
 10
60.97452856656116
 20
175.0670538141518
 30
0.0
 10
60.97890600589827
 20
175.088707865385
 30
0.0
 10
60.98050110149187
 20
175.0965983874559
 30
0.0
  0
SPLINE
  5
611
330
1F
100
AcDbEntity
  8
0
  6
Continuous
 62
     7
370
    25
100
AcDbSpline
210
0.0
220
0.0
230
1.0
 70
     8
 71
     3
 72
    15
 73
    11
 74
     0
 42
0.00000001
 43
0.0000000001
 40
0.0
 40
0.0
 40
0.0
 40
0.0
 40
0.1258587981719515
 40
0.2457558490814225
 40
0.3625216067100711
 40
0.4832921235278153
 40
0.6051129907500355
 40
0.7289735658961361
 40
0.8597390169454241
 40
1.0
 40
1.0
 40
1.0
 40
1.0
 10
60.84263345443308
 20
172.8700358874559
 30
0.0
 10
60.80290547186166
 20
172.8721751449894
 30
0.0
 10
60.72533136317057
 20
172.8763523265544
 30
0.0
 10
60.61437408509876
 20
172.9084515774735
 30
0.0
 10
60.51519051529876
 20
172.9639090240383
 30
0.0
 10
60.43014009603947
 20
173.0400472372166
 30
0.0
 10
60.36034143059126
 20
173.1332048896393
 30
0.0
 10
60.31046861775966
 20
173.2417128443377
 30
0.0
 10
60.27923696954475
 20
173.3632520455218
 30
0.0
 10
60.27619369635987
 20
173.4488824171934
 30
0.0
 10
60.27461874855067
 20
173.4931976521618
 30
0.0
  0
SPLINE
  5
612
330
1F
100
AcDbEntity
  8
0
  6
Continuous
 62
     7
370
    25
100
AcDbSpline
210
0.0
220
0.0
230
1.0
 70
     8
 71
     3
 72
    19
 73
    15
 74
     0
 42
0.00000001
 43
0.0000000001
 40
0.0
 40
0.0
 40
0.0
 40
0.0
 40
0.1782274530013424
 40
0.3419249211819166
 40
0.4900736861176663
 40
0.6241756186905178
 40
0.6856242285179908
 40
0.7422490025722761
 40
0.7945922890161623
 40
0.8425037938327442
 40
0.8868283292110186
 40
0.9277398718098021
 40
0.9648654131491408
 40
1.0
 40
1.0
 40
1.0
 40
1.0
 10
62.39364448384477
 20
174.1301461815736
 30
0.0
 10
62.31823342889356
 20
174.0347603793461
 30
0.0
 10
62.17355920174036
 20
173.8517650979835
 30
0.0
 10
61.95234196195425
 20
173.6008239381098
 30
0.0
 10
61.73803712100596
 20
173.3847115887402
 30
0.0
 10
61.56330266254376
 20
173.2280593523957
 30
0.0
 10
61.42778627817587
 20
173.1219400357685
 30
0.0
 10
61.33216108491907
 20
173.0557943134167
 30
0.0
 10
61.24172001217747
 20
172.9983473003477
 30
0.0
 10
61.15386530379296
 20
172.9534900690716
 30
0.0
 10
61.07173378778687
 20
172.9142089172883
 30
0.0
 10
60.99151973025186
 20
172.8904799104489
 30
0.0
 10
60.91593365393617
 20
172.8736530010228
 30
0.0
 10
60.86661389168867
 20
172.8712192398277
 30
0.0
 10
60.84263345443308
 20
172.8700358874559
 30
0.0
  0
CIRCLE
  5
613
330
1F
100
AcDbEntity
  8
0
  6
Continuous
 62
     7
370
    25
100
AcDbCircle
 10
167.8437053646467
 20
79.48410961272688
 30
0.0
 40
6.250000000000013
  0
CIRCLE
  5
614
330
1F
100
AcDbEntity
  8
0
  6
Continuous
 62
     7
370
    25
100
AcDbCircle
 10
287.8437053646467
 20
79.48410961272688
 30
0.0
 40
6.250000000000042
  0
CIRCLE
  5
615
330
1F
100
AcDbEntity
  8
0
  6
Continuous
 62
     7
370
    25
100
AcDbCircle
 10
47.84370536464666
 20
79.48410961272688
 30
0.0
 40
6.249999999999986
  0
SPLINE
  5
616
330
1F
100
AcDbEntity
  8
0
  6
Continuous
 62
     7
370
    25
100
AcDbSpline
210
0.0
220
0.0
230
1.0
 70
     8
 71
     3
 72
    11
 73
     7
 74
     0
 42
0.00000001
 43
0.0000000001
 40
0.0
 40
0.0
 40
0.0
 40
0.0
 40
0.2688544652208706
 40
0.5291388441336382
 40
0.7744753789194105
 40
1.0
 40
1.0
 40
1.0
 40
1.0
 10
75.00991286619774
 20
175.3530322109853
 30
0.0
 10
75.00749442844373
 20
175.3860483411532
 30
0.0
 10
75.00273464378958
 20
175.4510281693306
 30
0.0
 10
74.95092171024331
 20
175.5317297097964
 30
0.0
 10
74.88330221818166
 20
175.5947882822684
 30
0.0
 10
74.825352435851
 20
175.6019160668427
 30
0.0
 10
74.79759668972715
 20
175.605330005103
 30
0.0
  0
SPLINE
  5
617
330
1F
100
AcDbEntity
  8
0
  6
Continuous
 62
     7
370
    25
100
AcDbSpline
210
0.0
220
0.0
230
1.0
 70
     8
 71
     3
 72
    23
 73
    19
 74
     0
 42
0.00000001
 43
0.0000000001
 40
0.0
 40
0.0
 40
0.0
 40
0.0
 40
0.0707959305431387
 40
0.1404750535120751
 40
0.2097030332129721
 40
0.2786808432287297
 40
0.3477713417004721
 40
0.4173356233900024
 40
0.4881040775581011
 40
0.5596650635280902
 40
0.6299340307101864
 40
0.6945643639376038
 40
0.7539098409259543
 40
0.8093391829146851
 40
0.8613908448946515
 40
0.9092509227464237
 40
0.9551755221759705
 40
1.0
 40
1.0
 40
1.0
 40
1.0
 10
73.49474742502128
 20
174.105330005103
 30
0.0
 10
73.54356669770651
 20
174.1134941139332
 30
0.0
 10
73.64043511782989
 20
174.1296935425729
 30
0.0
 10
73.78317190575022
 20
174.1638827425802
 30
0.0
 10
73.9211729412536
 20
174.2098817201424
 30
0.0
 10
74.05531266436923
 20
174.2650224051817
 30
0.0
 10
74.18515308664044
 20
174.330150258199
 30
0.0
 10
74.3114222916539
 20
174.404546477591
 30
0.0
 10
74.43210824356966
 20
174.4906521234216
 30
0.0
 10
74.54843390528262
 20
174.5832633739134
 30
0.0
 10
74.65519917273898
 20
174.6805383376091
 30
0.0
 10
74.74958001886356
 20
174.7783151824274
 30
0.0
 10
74.82915651353256
 20
174.8754631105802
 30
0.0
 10
74.8945239734449
 20
174.9722357014588
 30
0.0
 10
74.9459170500925
 20
175.0682139255069
 30
0.0
 10
74.98239483487961
 20
175.1635818536869
 30
0.0
 10
75.00617830866409
 20
175.2581092779157
 30
0.0
 10
75.00867811513398
 20
175.3216479863411
 30
0.0
 10
75.00991286619774
 20
175.3530322109853
 30
0.0
  0
SPLINE
  5
618
330
1F
100
AcDbEntity
  8
0
  6
Continuous
 62
     7
370
    25
100
AcDbSpline
210
0.0
220
0.0
230
1.0
 70
     8
 71
     3
 72
    19
 73
    15
 74
     0
 42
0.00000001
 43
0.0000000001
 40
0.0
 40
0.0
 40
0.0
 40
0.0
 40
0.0304389945515574
 40
0.0648899073457744
 40
0.1040039503470912
 40
0.1478315652889959
 40
0.1978524551067095
 40
0.2536359018182844
 40
0.3159266463925897
 40
0.3844073720821249
 40
0.5295337414764498
 40
0.6798386697173001
 40
0.8366901049093264
 40
1.0
 40
1.0
 40
1.0
 40
1.0
 10
74.79759668972711
 20
175.605330005103
 30
0.0
 10
74.77675884225162
 20
175.6038658510295
 30
0.0
 10
74.73233667877703
 20
175.6007445645493
 30
0.0
 10
74.66458396710023
 20
175.5775252900221
 30
0.0
 10
74.59086971544043
 20
175.5454240629096
 30
0.0
 10
74.51532037618547
 20
175.4943258386555
 30
0.0
 10
74.43223421943459
 20
175.4346912684859
 30
0.0
 10
74.34564492130282
 20
175.3589191968134
 30
0.0
 10
74.25329734409868
 20
175.2709453675559
 30
0.0
 10
74.12410696901831
 20
175.1334439343125
 30
0.0
 10
73.96450325218864
 20
174.9422068298937
 30
0.0
 10
73.78908482508196
 20
174.6871377164663
 30
0.0
 10
73.6301209835603
 20
174.4069769961119
 30
0.0
 10
73.54047474131808
 20
174.2072221878653
 30
0.0
 10
73.49474742502128
 20
174.105330005103
 30
0.0
  0
SPLINE
  5
619
330
1F
100
AcDbEntity
  8
0
  6
Continuous
 62
     7
370
    25
100
AcDbSpline
210
0.0
220
0.0
230
1.0
 70
     8
 71
     3
 72
    15
 73
    11
 74
     0
 42
0.00000001
 43
0.0000000001
 40
0.0
 40
0.0
 40
0.0
 40
0.0
 40
0.1267587488277104
 40
0.2473285590360289
 40
0.3652270355339783
 40
0.4850533454753238
 40
0.6075089412122715
 40
0.7301141467737872
 40
0.8604382350752745
 40
1.0
 40
1.0
 40
1.0
 40
1.0
 10
59.21579521913887
 20
170.6986204462794
 30
0.0
 10
59.21694434698196
 20
170.6713535004623
 30
0.0
 10
59.21918649702046
 20
170.6181509051334
 30
0.0
 10
59.24187043202348
 20
170.5421673116918
 30
0.0
 10
59.28005820502128
 20
170.4747874375099
 30
0.0
 10
59.33149966746346
 20
170.4163147658946
 30
0.0
 10
59.39505672407647
 20
170.3694384087501
 30
0.0
 10
59.46885404363846
 20
170.3360378882694
 30
0.0
 10
59.55100981369646
 20
170.3147275957259
 30
0.0
 10
59.60904044249007
 20
170.3124105400661
 30
0.0
 10
59.63904889560946
 20
170.3112123580442
 30
0.0
  0
SPLINE
  5
61A
330
1F
100
AcDbEntity
  8
0
  6
Continuous
 62
     7
370
    25
100
AcDbSpline
210
0.0
220
0.0
230
1.0
 70
     8
 71
     3
 72
    23
 73
    19
 74
     0
 42
0.00000001
 43
0.0000000001
 40
0.0
 40
0.0
 40
0.0
 40
0.0
 40
0.0915879132043598
 40
0.178202054629408
 40
0.2607336704285857
 40
0.3390636271329713
 40
0.4133414489233642
 40
0.4835192656294782
 40
0.5501240057983769
 40
0.6128944500270474
 40
0.6718601084345251
 40
0.7267271005901645
 40
0.7781795941410509
 40
0.8262701820222005
 40
0.8720220613159714
 40
0.9157603272737448
 40
0.9578433592185792
 40
1.0
 40
1.0
 40
1.0
 40
1.0
 10
61.54989448384476
 20
172.5998152992206
 30
0.0
 10
61.45820921247348
 20
172.5678186879594
 30
0.0
 10
61.27981772864126
 20
172.5055630729066
 30
0.0
 10
61.02267976595496
 20
172.4039716218952
 30
0.0
 10
60.78113061543617
 20
172.301435936188
 30
0.0
 10
60.55609862534116
 20
172.1939607745181
 30
0.0
 10
60.34782514378507
 20
172.0823780186488
 30
0.0
 10
60.15570237356707
 20
171.9675556465092
 30
0.0
 10
59.97873950164088
 20
171.8514208637558
 30
0.0
 10
59.81987820390026
 20
171.7301038501898
 30
0.0
 10
59.67969071956765
 20
171.6058786648374
 30
0.0
 10
59.55506019921365
 20
171.4823523407228
 30
0.0
 10
59.45206741075697
 20
171.354804188996
 30
0.0
 10
59.36457254391488
 20
171.2277230269812
 30
0.0
 10
59.29795034139447
 20
171.0974447007601
 30
0.0
 10
59.25065791552667
 20
170.9658948184258
 30
0.0
 10
59.22163191516657
 20
170.8326946184596
 30
0.0
 10
59.21774191751137
 20
170.7433378637247
 30
0.0
 10
59.21579521913887
 20
170.6986204462794
 30
0.0
  0
SPLINE
  5
61B
330
1F
100
AcDbEntity
  8
0
  6
Continuous
 62
     7
370
    25
100
AcDbSpline
210
0.0
220
0.0
230
1.0
 70
     8
 71
     3
 72
    23
 73
    19
 74
     0
 42
0.00000001
 43
0.0000000001
 40
0.0
 40
0.0
 40
0.0
 40
0.0
 40
0.0313157169411271
 40
0.0632609584895762
 40
0.0964294242016536
 40
0.131554312030924
 40
0.1686880894856753
 40
0.2084126294870426
 40
0.2516693763308007
 40
0.2974487971331596
 40
0.3500699494251122
 40
0.4126345832115846
 40
0.4852838671848256
 40
0.5681074197016032
 40
0.6607827354049663
 40
0.7633439380924373
 40
0.8768129025976787
 40
1.0
 40
1.0
 40
1.0
 40
1.0
 10
59.63904889560946
 20
170.3112123580442
 30
0.0
 10
59.67133013499938
 20
170.3125521615911
 30
0.0
 10
59.73654154781387
 20
170.3152587021032
 30
0.0
 10
59.83385173511876
 20
170.3372616624488
 30
0.0
 10
59.93146429399267
 20
170.3716675708245
 30
0.0
 10
60.02766231837727
 20
170.4226238217992
 30
0.0
 10
60.12491710042026
 20
170.4848309600938
 30
0.0
 10
60.22199408729306
 20
170.5618242441922
 30
0.0
 10
60.31897379750737
 20
170.6524348957343
 30
0.0
 10
60.41828780798926
 20
170.7594399328314
 30
0.0
 10
60.52354458965557
 20
170.8876378371787
 30
0.0
 10
60.63734459886607
 20
171.0441681646251
 30
0.0
 10
60.76253217695665
 20
171.2306270224002
 30
0.0
 10
60.89832891953368
 20
171.4471571293832
 30
0.0
 10
61.04571539301956
 20
171.6926979821609
 30
0.0
 10
61.20449537044025
 20
171.968148413093
 30
0.0
 10
61.37511572320696
 20
172.2730186862504
 30
0.0
 10
61.49006150479959
 20
172.4879412086587
 30
0.0
 10
61.54989448384476
 20
172.5998152992206
 30
0.0
  0
SPLINE
  5
61C
330
1F
100
AcDbEntity
  8
0
  6
Continuous
 62
     7
370
    25
100
AcDbSpline
210
0.0
220
0.0
230
1.0
 70
     8
 71
     3
 72
    15
 73
    11
 74
     0
 42
0.00000001
 43
0.0000000001
 40
0.0
 40
0.0
 40
0.0
 40
0.0
 40
0.1545816757156754
 40
0.2888482505559555
 40
0.4070322112277979
 40
0.515030572437203
 40
0.6204635156325492
 40
0.7327299966227362
 40
0.8582477381671491
 40
1.0
 40
1.0
 40
1.0
 40
1.0
 10
83.83344227796246
 20
173.4049623580441
 30
0.0
 10
83.83425918396794
 20
173.3828602480071
 30
0.0
 10
83.83578563831296
 20
173.3415606839532
 30
0.0
 10
83.84622871463973
 20
173.2840020947945
 30
0.0
 10
83.86540209609991
 20
173.2357177356553
 30
0.0
 10
83.89359538153145
 20
173.1968368266266
 30
0.0
 10
83.93123401400945
 20
173.1683336507223
 30
0.0
 10
83.97683913303211
 20
173.1494260957672
 30
0.0
 10
84.02990226742097
 20
173.1366074734986
 30
0.0
 10
84.06819047151589
 20
173.1353883549472
 30
0.0
 10
84.08849742502125
 20
173.1347417698089
 30
0.0
  0
SPLINE
  5
61D
330
1F
100
AcDbEntity
  8
0
  6
Continuous
 62
     7
370
    25
100
AcDbSpline
210
0.0
220
0.0
230
1.0
 70
     8
 71
     3
 72
    15
 73
    11
 74
     0
 42
0.00000001
 43
0.0000000001
 40
0.0
 40
0.0
 40
0.0
 40
0.0
 40
0.1671834588017939
 40
0.3212838970944344
 40
0.4644608522502643
 40
0.595085399817855
 40
0.7135674611539243
 40
0.8190694621765228
 40
0.9151149472127242
 40
1.0
 40
1.0
 40
1.0
 40
1.0
 10
84.17397536619777
 20
174.292830005103
 30
0.0
 10
84.14694376936816
 20
174.2466255422817
 30
0.0
 10
84.09499594608268
 20
174.1578323686941
 30
0.0
 10
84.02593935046285
 20
174.026090230938
 30
0.0
 10
83.96640594321373
 20
173.9026693453815
 30
0.0
 10
83.91777843924574
 20
173.7867959203078
 30
0.0
 10
83.88038715008592
 20
173.6795166035165
 30
0.0
 10
83.85327398096052
 20
173.5806211493426
 30
0.0
 10
83.8375629480034
 20
173.4900229351829
 30
0.0
 10
83.83475816501457
 20
173.4321254434145
 30
0.0
 10
83.83344227796245
 20
173.4049623580441
 30
0.0
  0
SPLINE
  5
61E
330
1F
100
AcDbEntity
  8
0
  6
Continuous
 62
     7
370
    25
100
AcDbSpline
210
0.0
220
0.0
230
1.0
 70
     8
 71
     3
 72
    19
 73
    15
 74
     0
 42
0.00000001
 43
0.0000000001
 40
0.0
 40
0.0
 40
0.0
 40
0.0
 40
0.030418119552492
 40
0.064094321778093
 40
0.1018105696149264
 40
0.1434827437920038
 40
0.1907922071788207
 40
0.2432653565007978
 40
0.3002370832438188
 40
0.3634166501840098
 40
0.5014519546766833
 40
0.6535783975015633
 40
0.8192730257860823
 40
1.0
 40
1.0
 40
1.0
 40
1.0
 10
85.43408566031541
 20
175.605330005103
 30
0.0
 10
85.41513743411114
 20
175.6041628448702
 30
0.0
 10
85.37521143850966
 20
175.6017035099531
 30
0.0
 10
85.31404039716358
 20
175.5835985604224
 30
0.0
 10
85.2491707902598
 20
175.5560485953562
 30
0.0
 10
85.18114532084238
 20
175.5158794925653
 30
0.0
 10
85.10790154149702
 20
175.4668853791569
 30
0.0
 10
85.03302624751851
 20
175.4041256066343
 30
0.0
 10
84.95381679660763
 20
175.3315482907645
 30
0.0
 10
84.83915364374675
 20
175.21891144546
 30
0.0
 10
84.69232230294004
 20
175.0548241193773
 30
0.0
 10
84.51991185913376
 20
174.8292893780295
 30
0.0
 10
84.34417895100429
 20
174.5733736759745
 30
0.0
 10
84.23232775533687
 20
174.3890112545862
 30
0.0
 10
84.17397536619777
 20
174.292830005103
 30
0.0
  0
SPLINE
  5
61F
330
1F
100
AcDbEntity
  8
0
  6
Continuous
 62
     7
370
    25
100
AcDbSpline
210
0.0
220
0.0
230
1.0
 70
     8
 71
     3
 72
    15
 73
    11
 74
     0
 42
0.00000001
 43
0.0000000001
 40
0.0
 40
0.0
 40
0.0
 40
0.0
 40
0.1588879990143068
 40
0.3004022474505314
 40
0.4283496636664995
 40
0.547246582269394
 40
0.6594396046308876
 40
0.7679517575658262
 40
0.8799762585819191
 40
1.0
 40
1.0
 40
1.0
 40
1.0
 10
85.77461874855069
 20
175.1586388286324
 30
0.0
 10
85.77363606647832
 20
175.192239057398
 30
0.0
 10
85.77177815458503
 20
175.2557654678169
 30
0.0
 10
85.75604651191028
 20
175.3455472791702
 30
0.0
 10
85.72616801341622
 20
175.4223831559788
 30
0.0
 10
85.68845413462554
 20
175.488929523208
 30
0.0
 10
85.63754197127103
 20
175.540606515863
 30
0.0
 10
85.57822218785954
 20
175.5794931727637
 30
0.0
 10
85.50870168411012
 20
175.6020419589705
 30
0.0
 10
85.45952277191851
 20
175.6042090877427
 30
0.0
 10
85.43408566031539
 20
175.605330005103
 30
0.0
  0
SPLINE
  5
620
330
1F
100
AcDbEntity
  8
0
  6
Continuous
 62
     7
370
    25
100
AcDbSpline
210
0.0
220
0.0
230
1.0
 70
     8
 71
     3
 72
    15
 73
    11
 74
     0
 42
0.00000001
 43
0.0000000001
 40
0.0
 40
0.0
 40
0.0
 40
0.0
 40
0.159317021111988
 40
0.3101660852927313
 40
0.4524841436594472
 40
0.5865210101013837
 40
0.7094381795566193
 40
0.8193228141089512
 40
0.9154396438549403
 40
1.0
 40
1.0
 40
1.0
 40
1.0
 10
85.13491286619776
 20
173.8930138286324
 30
0.0
 10
85.18332869149913
 20
173.9522674607882
 30
0.0
 10
85.27758696280704
 20
174.0676252988703
 30
0.0
 10
85.40478224096238
 20
174.2440262567551
 30
0.0
 10
85.51360541571467
 20
174.4180585470117
 30
0.0
 10
85.60623737657808
 20
174.5861243743054
 30
0.0
 10
85.67876875758528
 20
174.7468224427584
 30
0.0
 10
85.73439872990563
 20
174.8948443309948
 30
0.0
 10
85.76634583057558
 20
175.0313788178575
 30
0.0
 10
85.77198126033932
 20
175.1180670764154
 30
0.0
 10
85.77461874855069
 20
175.1586388286324
 30
0.0
  0
SPLINE
  5
621
330
1F
100
AcDbEntity
  8
0
  6
Continuous
 62
     7
370
    25
100
AcDbSpline
210
0.0
220
0.0
230
1.0
 70
     8
 71
     3
 72
    15
 73
    11
 74
     0
 42
0.00000001
 43
0.0000000001
 40
0.0
 40
0.0
 40
0.0
 40
0.0
 40
0.1045926110271836
 40
0.2122034653696789
 40
0.3268197261508463
 40
0.4538009981680017
 40
0.5893305775425718
 40
0.7210643290550395
 40
0.8568867966946022
 40
1.0
 40
1.0
 40
1.0
 40
1.0
 10
84.65651213090364
 20
173.5400726521618
 30
0.0
 10
84.65801740735946
 20
173.5624001134856
 30
0.0
 10
84.66107139824014
 20
173.6076993427456
 30
0.0
 10
84.68958774447953
 20
173.6723566575575
 30
0.0
 10
84.73347759342168
 20
173.7327147598727
 30
0.0
 10
84.79332242901813
 20
173.7866194309192
 30
0.0
 10
84.86252781415926
 20
173.834631931084
 30
0.0
 10
84.94207182272555
 20
173.8676384877572
 30
0.0
 10
85.02712150345274
 20
173.8894678216275
 30
0.0
 10
85.08651640062302
 20
173.8918114076513
 30
0.0
 10
85.1169900720801
 20
173.8930138286324
 30
0.0
  0
SPLINE
  5
622
330
1F
100
AcDbEntity
  8
0
  6
Continuous
 62
     7
370
    25
100
AcDbSpline
210
0.0
220
0.0
230
1.0
 70
     8
 71
     3
 72
    11
 73
     7
 74
     0
 42
0.00000001
 43
0.0000000001
 40
0.0
 40
0.0
 40
0.0
 40
0.0
 40
0.3637364323283782
 40
0.6392650695633284
 40
0.8479805848971622
 40
1.0
 40
1.0
 40
1.0
 40
1.0
 10
84.6923577191389
 20
173.4173704462794
 30
0.0
 10
84.68760742750069
 20
173.432176523558
 30
0.0
 10
84.6792588122819
 20
173.4581981347583
 30
0.0
 10
84.66443721971321
 20
173.491484044339
 30
0.0
 10
84.65946391668975
 20
173.5183655145841
 30
0.0
 10
84.65738726487883
 20
173.5336370043963
 30
0.0
 10
84.65651213090364
 20
173.5400726521618
 30
0.0
  0
SPLINE
  5
623
330
1F
100
AcDbEntity
  8
0
  6
Continuous
 62
     7
370
    25
100
AcDbSpline
210
0.0
220
0.0
230
1.0
 70
     8
 71
     3
 72
    13
 73
     9
 74
     0
 42
0.00000001
 43
0.0000000001
 40
0.0
 40
0.0
 40
0.0
 40
0.0
 40
0.099514645500611
 40
0.2048661570413738
 40
0.3215618241385919
 40
0.4461593606625622
 40
0.7157047398045831
 40
1.0
 40
1.0
 40
1.0
 40
1.0
 10
84.08849742502125
 20
173.1347417698089
 30
0.0
 10
84.11108419191979
 20
173.1354795915033
 30
0.0
 10
84.15758251496772
 20
173.1369985105968
 30
0.0
 10
84.22920246033628
 20
173.1521717820925
 30
0.0
 10
84.30425388293262
 20
173.1756583085851
 30
0.0
 10
84.41167949835971
 20
173.2191322473166
 30
0.0
 10
84.54709530185283
 20
173.2943502331829
 30
0.0
 10
84.64308478292181
 20
173.3756420541284
 30
0.0
 10
84.6923577191389
 20
173.4173704462794
 30
0.0
  0
LINE
  5
624
330
1F
100
AcDbEntity
  8
0
  6
Continuous
 62
     7
370
    25
100
AcDbLine
 10
303.7508106388467
 20
320.8559092782269
 30
0.0
 11
307.9366000904466
 21
320.8559092782269
 31
0.0
  0
LINE
  5
625
330
1F
100
AcDbEntity
  8
0
  6
Continuous
 62
     7
370
    25
100
AcDbLine
 10
301.6579159130467
 20
317.2309092782269
 30
0.0
 11
303.7508106388467
 21
320.8559092782269
 31
0.0
  0
LINE
  5
626
330
1F
100
AcDbEntity
  8
0
  6
Continuous
 62
     7
370
    25
100
AcDbLine
 10
303.7508106388467
 20
313.6059092782269
 30
0.0
 11
301.6579159130467
 21
317.2309092782269
 31
0.0
  0
LINE
  5
627
330
1F
100
AcDbEntity
  8
0
  6
Continuous
 62
     7
370
    25
100
AcDbLine
 10
307.9366000904466
 20
313.6059092782269
 30
0.0
 11
303.7508106388467
 21
313.6059092782269
 31
0.0
  0
LINE
  5
628
330
1F
100
AcDbEntity
  8
0
  6
Continuous
 62
     7
370
    25
100
AcDbLine
 10
310.0294948162467
 20
317.2309092782269
 30
0.0
 11
307.9366000904466
 21
313.6059092782269
 31
0.0
  0
LINE
  5
629
330
1F
100
AcDbEntity
  8
0
  6
Continuous
 62
     7
370
    25
100
AcDbLine
 10
307.9366000904466
 20
320.8559092782269
 30
0.0
 11
310.0294948162467
 21
317.2309092782269
 31
0.0
  0
LINE
  5
62A
330
1F
100
AcDbEntity
  8
0
  6
Continuous
 62
     7
370
    25
100
AcDbLine
 10
27.75081063884667
 20
320.8559092782269
 30
0.0
 11
31.93660009044666
 21
320.8559092782269
 31
0.0
  0
LINE
  5
62B
330
1F
100
AcDbEntity
  8
0
  6
Continuous
 62
     7
370
    25
100
AcDbLine
 10
25.65791591304668
 20
317.2309092782269
 30
0.0
 11
27.75081063884667
 21
320.8559092782269
 31
0.0
  0
LINE
  5
62C
330
1F
100
AcDbEntity
  8
0
  6
Continuous
 62
     7
370
    25
100
AcDbLine
 10
27.75081063884667
 20
313.6059092782269
 30
0.0
 11
25.65791591304668
 21
317.2309092782269
 31
0.0
  0
LINE
  5
62D
330
1F
100
AcDbEntity
  8
0
  6
Continuous
 62
     7
370
    25
100
AcDbLine
 10
31.93660009044666
 20
313.6059092782269
 30
0.0
 11
27.75081063884667
 21
313.6059092782269
 31
0.0
  0
LINE
  5
62E
330
1F
100
AcDbEntity
  8
0
  6
Continuous
 62
     7
370
    25
100
AcDbLine
 10
34.02949481624665
 20
317.2309092782269
 30
0.0
 11
31.93660009044666
 21
313.6059092782269
 31
0.0
  0
LINE
  5
62F
330
1F
100
AcDbEntity
  8
0
  6
Continuous
 62
     7
370
    25
100
AcDbLine
 10
31.93660009044666
 20
320.8559092782269
 30
0.0
 11
34.02949481624665
 21
317.2309092782269
 31
0.0
  0
LINE
  5
630
330
1F
100
AcDbEntity
  8
0
  6
Continuous
 62
     7
370
    25
100
AcDbLine
 10
53.00072168974667
 20
173.9247233874269
 30
0.0
 11
53.02002316034666
 21
173.9247233874269
 31
0.0
  0
LINE
  5
631
330
1F
100
AcDbEntity
  8
0
  6
Continuous
 62
     7
370
    25
100
AcDbLine
 10
76.67397536624666
 20
174.3548704463269
 30
0.0
 11
75.71579521914667
 21
172.8700358874269
 31
0.0
  0
LINE
  5
632
330
1F
100
AcDbEntity
  8
0
  6
Continuous
 62
     7
370
    25
100
AcDbLine
 10
75.71579521914667
 20
172.8700358874269
 30
0.0
 11
76.82562977794666
 21
172.9582711815268
 31
0.0
  0
LINE
  5
633
330
1F
100
AcDbEntity
  8
0
  6
Continuous
 62
     7
370
    25
100
AcDbLine
 10
78.63583198384667
 20
174.0694844168269
 30
0.0
 11
77.93960036624667
 21
172.8700358874269
 31
0.0
  0
LINE
  5
634
330
1F
100
AcDbEntity
  8
0
  6
Continuous
 62
     7
370
    25
100
AcDbLine
 10
77.93960036624667
 20
172.8700358874269
 30
0.0
 11
79.03978418974666
 21
172.9582711815268
 31
0.0
  0
LINE
  5
635
330
1F
100
AcDbEntity
  8
0
  6
Continuous
 62
     7
370
    25
100
AcDbLine
 10
81.24566654264667
 20
174.9573520639269
 30
0.0
 11
81.16432463094666
 21
174.8539513286269
 31
0.0
  0
LINE
  5
636
330
1F
100
AcDbEntity
  8
0
  6
Continuous
 62
     7
370
    25
100
AcDbLine
 10
84.99704521914667
 20
173.3691167698269
 30
0.0
 11
85.04943492504667
 21
173.3691167698269
 31
0.0
  0
LINE
  5
637
330
1F
100
AcDbEntity
  8
0
  6
Continuous
 62
     7
370
    25
100
AcDbLine
 10
242.0437053646466
 20
193.7053324776269
 30
0.0
 11
278.6437053646467
 21
193.7053324776269
 31
0.0
  0
LINE
  5
638
330
1F
100
AcDbEntity
  8
0
  6
Continuous
 62
     7
370
    25
100
AcDbLine
 10
278.6437053646467
 20
193.7053324776269
 30
0.0
 11
278.6437053646467
 21
218.4053324776269
 31
0.0
  0
LINE
  5
639
330
1F
100
AcDbEntity
  8
0
  6
Continuous
 62
     7
370
    25
100
AcDbLine
 10
278.6437053646467
 20
218.4053324776269
 30
0.0
 11
242.0437053646466
 21
218.4053324776269
 31
0.0
  0
LINE
  5
63A
330
1F
100
AcDbEntity
  8
0
  6
Continuous
 62
     7
370
    25
100
AcDbLine
 10
242.0437053646466
 20
218.4053324776269
 30
0.0
 11
242.0437053646466
 21
193.7053324776269
 31
0.0
  0
LINE
  5
63B
330
1F
100
AcDbEntity
  8
0
  6
Continuous
 62
     7
370
    25
100
AcDbLine
 10
60.91040405254668
 20
204.9984160288269
 30
0.0
 11
60.51040405254667
 21
204.0984160288269
 31
0.0
  0
LINE
  5
63C
330
1F
100
AcDbEntity
  8
0
  6
Continuous
 62
     7
370
    25
100
AcDbLine
 10
75.91040405254668
 20
181.5984160288268
 30
0.0
 11
69.41040405254668
 21
201.7984160288269
 31
0.0
  0
LINE
  5
63D
330
1F
100
AcDbEntity
  8
0
  6
Continuous
 62
     7
370
    25
100
AcDbLine
 10
69.41040405254668
 20
201.7984160288269
 30
0.0
 11
86.81040405254668
 21
215.2984160288269
 31
0.0
  0
LINE
  5
63E
330
1F
100
AcDbEntity
  8
0
  6
Continuous
 62
     7
370
    25
100
AcDbLine
 10
86.81040405254668
 20
215.2984160288269
 30
0.0
 11
65.21040405254668
 21
215.4984160288269
 31
0.0
  0
LINE
  5
63F
330
1F
100
AcDbEntity
  8
0
  6
Continuous
 62
     7
370
    25
100
AcDbLine
 10
65.21040405254668
 20
215.4984160288269
 30
0.0
 11
62.71040405254668
 21
221.9984160288269
 31
0.0
  0
LINE
  5
640
330
1F
100
AcDbEntity
  8
0
  6
Continuous
 62
     7
370
    25
100
AcDbLine
 10
62.71040405254668
 20
221.9984160288269
 30
0.0
 11
58.31040405254667
 21
236.0984160288269
 31
0.0
  0
LINE
  5
641
330
1F
100
AcDbEntity
  8
0
  6
Continuous
 62
     7
370
    25
100
AcDbLine
 10
58.31040405254667
 20
236.0984160288269
 30
0.0
 11
57.91040405254668
 21
236.4984160288269
 31
0.0
  0
LINE
  5
642
330
1F
100
AcDbEntity
  8
0
  6
Continuous
 62
     7
370
    25
100
AcDbLine
 10
57.91040405254668
 20
236.4984160288269
 30
0.0
 11
51.31040405254667
 21
215.7984160288269
 31
0.0
  0
LINE
  5
643
330
1F
100
AcDbEntity
  8
0
  6
Continuous
 62
     7
370
    25
100
AcDbLine
 10
51.31040405254667
 20
215.7984160288269
 30
0.0
 11
29.21040405254667
 21
215.3984160288269
 31
0.0
  0
LINE
  5
644
330
1F
100
AcDbEntity
  8
0
  6
Continuous
 62
     7
370
    25
100
AcDbLine
 10
29.21040405254667
 20
215.3984160288269
 30
0.0
 11
29.51040405254668
 21
214.6984160288269
 31
0.0
  0
LINE
  5
645
330
1F
100
AcDbEntity
  8
0
  6
Continuous
 62
     7
370
    25
100
AcDbLine
 10
29.51040405254668
 20
214.6984160288269
 30
0.0
 11
46.71040405254667
 21
202.2984160288269
 31
0.0
  0
LINE
  5
646
330
1F
100
AcDbEntity
  8
0
  6
Continuous
 62
     7
370
    25
100
AcDbLine
 10
46.71040405254667
 20
202.2984160288269
 30
0.0
 11
40.31040405254667
 21
181.4984160288268
 31
0.0
  0
LINE
  5
647
330
1F
100
AcDbEntity
  8
0
  6
Continuous
 62
     7
370
    25
100
AcDbLine
 10
52.91040405254668
 20
209.6984160288269
 30
0.0
 11
52.51040405254667
 21
209.4984160288269
 31
0.0
  0
LINE
  5
648
330
1F
100
AcDbEntity
  8
0
  6
Continuous
 62
     7
370
    25
100
AcDbLine
 10
52.51040405254667
 20
209.4984160288269
 30
0.0
 11
51.61040405254667
 21
209.9984160288269
 31
0.0
  0
LINE
  5
649
330
1F
100
AcDbEntity
  8
0
  6
Continuous
 62
     7
370
    25
100
AcDbLine
 10
54.91040405254668
 20
209.7984160288269
 30
0.0
 11
59.01040405254668
 21
208.5984160288269
 31
0.0
  0
LINE
  5
64A
330
1F
100
AcDbEntity
  8
0
  6
Continuous
 62
     7
370
    25
100
AcDbLine
 10
59.01040405254668
 20
208.5984160288269
 30
0.0
 11
59.21040405254668
 21
209.5984160288269
 31
0.0
  0
LINE
  5
64B
330
1F
100
AcDbEntity
  8
0
  6
Continuous
 62
     7
370
    25
100
AcDbLine
 10
59.21040405254668
 20
209.5984160288269
 30
0.0
 11
60.01040405254667
 21
209.9984160288269
 31
0.0
  0
LINE
  5
64C
330
1F
100
AcDbEntity
  8
0
  6
Continuous
 62
     7
370
    25
100
AcDbLine
 10
60.61040405254667
 20
217.6984160288269
 30
0.0
 11
62.11040405254667
 21
217.8984160288269
 31
0.0
  0
LINE
  5
64D
330
1F
100
AcDbEntity
  8
0
  6
Continuous
 62
     7
370
    25
100
AcDbLine
 10
62.11040405254667
 20
217.8984160288269
 30
0.0
 11
61.31040405254667
 21
209.5984160288269
 31
0.0
  0
LINE
  5
64E
330
1F
100
AcDbEntity
  8
0
  6
Continuous
 62
     7
370
    25
100
AcDbLine
 10
61.31040405254667
 20
209.5984160288269
 30
0.0
 11
62.71040405254668
 21
209.1984160288269
 31
0.0
  0
LINE
  5
64F
330
1F
100
AcDbEntity
  8
0
  6
Continuous
 62
     7
370
    25
100
AcDbLine
 10
61.01040405254668
 20
198.7984160288269
 30
0.0
 11
60.91040405254668
 21
198.8984160288269
 31
0.0
  0
LINE
  5
650
330
1F
100
AcDbEntity
  8
0
  6
Continuous
 62
     7
370
    25
100
AcDbLine
 10
30.32425110144667
 20
173.9247233874269
 30
0.0
 11
30.34355257204666
 21
173.9247233874269
 31
0.0
  0
LINE
  5
651
330
1F
100
AcDbEntity
  8
0
  6
Continuous
 62
     7
370
    25
100
AcDbLine
 10
49.41754154264666
 20
173.8985285345269
 30
0.0
 11
49.49199007204666
 21
173.9660836815268
 31
0.0
  0
LINE
  5
652
330
1F
100
AcDbEntity
  8
0
  6
Continuous
 62
     7
370
    25
100
AcDbLine
 10
49.54851580734668
 20
174.3217822110269
 30
0.0
 11
49.44235771914667
 21
174.2197601521269
 31
0.0
  0
LINE
  5
653
330
1F
100
AcDbEntity
  8
0
  6
Continuous
 62
     7
370
    25
100
AcDbLine
 10
48.81781727794666
 20
174.9435652992269
 30
0.0
 11
49.92765183674666
 21
176.8406241227269
 31
0.0
  0
LINE
  5
654
330
1F
100
AcDbEntity
  8
0
  6
Continuous
 62
     7
370
    25
100
AcDbLine
 10
49.92765183674666
 20
176.8406241227269
 30
0.0
 11
50.69005992504668
 21
176.8406241227269
 31
0.0
  0
LINE
  5
655
330
1F
100
AcDbEntity
  8
0
  6
Continuous
 62
     7
370
    25
100
AcDbLine
 10
50.69005992504668
 20
176.8406241227269
 30
0.0
 11
50.74520698384667
 21
177.1053300051269
 31
0.0
  0
LINE
  5
656
330
1F
100
AcDbEntity
  8
0
  6
Continuous
 62
     7
370
    25
100
AcDbLine
 10
50.74520698384667
 20
177.1053300051269
 30
0.0
 11
50.08895698384667
 21
177.1053300051269
 31
0.0
  0
LINE
  5
657
330
1F
100
AcDbEntity
  8
0
  6
Continuous
 62
     7
370
    25
100
AcDbLine
 10
50.08895698384667
 20
177.1053300051269
 30
0.0
 11
50.79208198384667
 21
178.3406241227269
 31
0.0
  0
LINE
  5
658
330
1F
100
AcDbEntity
  8
0
  6
Continuous
 62
     7
370
    25
100
AcDbLine
 10
50.79208198384667
 20
178.3406241227269
 30
0.0
 11
49.84630992504668
 21
178.3020211815268
 31
0.0
  0
LINE
  5
659
330
1F
100
AcDbEntity
  8
0
  6
Continuous
 62
     7
370
    25
100
AcDbLine
 10
49.84630992504668
 20
178.3020211815268
 30
0.0
 11
48.78059301324667
 21
176.4532160345269
 31
0.0
  0
LINE
  5
65A
330
1F
100
AcDbEntity
  8
0
  6
Continuous
 62
     7
370
    25
100
AcDbLine
 10
47.89272536624666
 20
175.2510101521269
 30
0.0
 11
47.61009668974667
 21
175.0152564757269
 31
0.0
  0
LINE
  5
65B
330
1F
100
AcDbEntity
  8
0
  6
Continuous
 62
     7
370
    25
100
AcDbLine
 10
46.14594227794666
 20
174.7877748580269
 30
0.0
 11
48.18638345444665
 21
178.5170947110269
 31
0.0
  0
LINE
  5
65C
330
1F
100
AcDbEntity
  8
0
  6
Continuous
 62
     7
370
    25
100
AcDbLine
 10
48.18638345444665
 20
178.5170947110269
 30
0.0
 11
47.27369963094665
 21
178.4150726521269
 31
0.0
  0
LINE
  5
65D
330
1F
100
AcDbEntity
  8
0
  6
Continuous
 62
     7
370
    25
100
AcDbLine
 10
47.27369963094665
 20
178.4150726521269
 30
0.0
 11
45.76404889564666
 21
175.9706792698269
 31
0.0
  0
LINE
  5
65E
330
1F
100
AcDbEntity
  8
0
  6
Continuous
 62
     7
370
    25
100
AcDbLine
 10
45.21257830734668
 20
175.3089145639269
 30
0.0
 11
45.18727984694666
 21
175.2841751855269
 31
0.0
  0
LINE
  5
65F
330
1F
100
AcDbEntity
  8
0
  6
Continuous
 62
     7
370
    25
100
AcDbLine
 10
43.10596066034666
 20
174.1425542698269
 30
0.0
 11
44.03932463094665
 21
175.8700358874269
 31
0.0
  0
LINE
  5
660
330
1F
100
AcDbEntity
  8
0
  6
Continuous
 62
     7
370
    25
100
AcDbLine
 10
44.03932463094665
 20
175.8700358874269
 30
0.0
 11
43.07562977794666
 21
175.8038594168269
 31
0.0
  0
LINE
  5
661
330
1F
100
AcDbEntity
  8
0
  6
Continuous
 62
     7
370
    25
100
AcDbLine
 10
42.57379154264666
 20
175.3102932404269
 30
0.0
 11
42.27461874854665
 21
175.0069844168268
 31
0.0
  0
LINE
  5
662
330
1F
100
AcDbEntity
  8
0
  6
Continuous
 62
     7
370
    25
100
AcDbLine
 10
40.34998639564666
 20
173.8144292698269
 30
0.0
 11
41.48050110144666
 21
175.8700358874269
 31
0.0
  0
LINE
  5
663
330
1F
100
AcDbEntity
  8
0
  6
Continuous
 62
     7
370
    25
100
AcDbLine
 10
41.48050110144666
 20
175.8700358874269
 30
0.0
 11
40.33206360144666
 21
175.8038594168269
 31
0.0
  0
LINE
  5
664
330
1F
100
AcDbEntity
  8
0
  6
Continuous
 62
     7
370
    25
100
AcDbLine
 10
38.43914080734666
 20
174.0488042698269
 30
0.0
 11
39.48693492504668
 21
175.8700358874269
 31
0.0
  0
LINE
  5
665
330
1F
100
AcDbEntity
  8
0
  6
Continuous
 62
     7
370
    25
100
AcDbLine
 10
39.48693492504668
 20
175.8700358874269
 30
0.0
 11
38.45706360144666
 21
175.8038594168269
 31
0.0
  0
LINE
  5
666
330
1F
100
AcDbEntity
  8
0
  6
Continuous
 62
     7
370
    25
100
AcDbLine
 10
37.98279889564668
 20
175.3309733874269
 30
0.0
 11
37.67949007204666
 21
175.0386939757269
 31
0.0
  0
LINE
  5
667
330
1F
100
AcDbEntity
  8
0
  6
Continuous
 62
     7
370
    25
100
AcDbLine
 10
41.41156727794665
 20
173.8792270639269
 30
0.0
 11
41.43500477794666
 21
173.9026645639269
 31
0.0
  0
LINE
  5
668
330
1F
100
AcDbEntity
  8
0
  6
Continuous
 62
     7
370
    25
100
AcDbLine
 10
62.84447168974667
 20
173.1802380933269
 30
0.0
 11
64.33344227794666
 21
175.8700358874269
 31
0.0
  0
LINE
  5
669
330
1F
100
AcDbEntity
  8
0
  6
Continuous
 62
     7
370
    25
100
AcDbLine
 10
64.33344227794666
 20
175.8700358874269
 30
0.0
 11
63.29529889564667
 21
175.7845579463269
 31
0.0
  0
LINE
  5
66A
330
1F
100
AcDbEntity
  8
0
  6
Continuous
 62
     7
370
    25
100
AcDbLine
 10
60.36561139564667
 20
175.0731608874269
 30
0.0
 11
60.32425110144666
 21
175.0276645639269
 31
0.0
  0
LINE
  5
66B
330
1F
100
AcDbEntity
  8
0
  6
Continuous
 62
     7
370
    25
100
AcDbLine
 10
62.39364448384667
 20
174.1301461815268
 30
0.0
 11
61.66708198384667
 21
172.8300542698269
 31
0.0
  0
LINE
  5
66C
330
1F
100
AcDbEntity
  8
0
  6
Continuous
 62
     7
370
    25
100
AcDbLine
 10
31.93660009044666
 20
8.033067840526882
 30
0.0
 11
27.75081063884667
 21
8.033067840526882
 31
0.0
  0
LINE
  5
66D
330
1F
100
AcDbEntity
  8
0
  6
Continuous
 62
     7
370
    25
100
AcDbLine
 10
27.75081063884667
 20
8.033067840526882
 30
0.0
 11
25.65791591304668
 21
4.408067840526882
 31
0.0
  0
LINE
  5
66E
330
1F
100
AcDbEntity
  8
0
  6
Continuous
 62
     7
370
    25
100
AcDbLine
 10
25.65791591304668
 20
4.408067840526882
 30
0.0
 11
27.75081063884667
 21
0.7830678405268828
 31
0.0
  0
LINE
  5
66F
330
1F
100
AcDbEntity
  8
0
  6
Continuous
 62
     7
370
    25
100
AcDbLine
 10
27.75081063884667
 20
0.7830678405268828
 30
0.0
 11
31.93660009044666
 21
0.7830678405268828
 31
0.0
  0
LINE
  5
670
330
1F
100
AcDbEntity
  8
0
  6
Continuous
 62
     7
370
    25
100
AcDbLine
 10
31.93660009044666
 20
0.7830678405268828
 30
0.0
 11
34.02949481624665
 21
4.408067840526882
 31
0.0
  0
LINE
  5
671
330
1F
100
AcDbEntity
  8
0
  6
Continuous
 62
     7
370
    25
100
AcDbLine
 10
34.02949481624665
 20
4.408067840526882
 30
0.0
 11
31.93660009044666
 21
8.033067840526882
 31
0.0
  0
LINE
  5
672
330
1F
100
AcDbEntity
  8
0
  6
Continuous
 62
     7
370
    25
100
AcDbLine
 10
307.9366000904466
 20
8.033067840526882
 30
0.0
 11
303.7508106388467
 21
8.033067840526882
 31
0.0
  0
LINE
  5
673
330
1F
100
AcDbEntity
  8
0
  6
Continuous
 62
     7
370
    25
100
AcDbLine
 10
303.7508106388467
 20
8.033067840526882
 30
0.0
 11
301.6579159130467
 21
4.408067840526882
 31
0.0
  0
LINE
  5
674
330
1F
100
AcDbEntity
  8
0
  6
Continuous
 62
     7
370
    25
100
AcDbLine
 10
301.6579159130467
 20
4.408067840526882
 30
0.0
 11
303.7508106388467
 21
0.7830678405268828
 31
0.0
  0
LINE
  5
675
330
1F
100
AcDbEntity
  8
0
  6
Continuous
 62
     7
370
    25
100
AcDbLine
 10
303.7508106388467
 20
0.7830678405268828
 30
0.0
 11
307.9366000904466
 21
0.7830678405268828
 31
0.0
  0
LINE
  5
676
330
1F
100
AcDbEntity
  8
0
  6
Continuous
 62
     7
370
    25
100
AcDbLine
 10
307.9366000904466
 20
0.7830678405268828
 30
0.0
 11
310.0294948162467
 21
4.408067840526882
 31
0.0
  0
LINE
  5
677
330
1F
100
AcDbEntity
  8
0
  6
Continuous
 62
     7
370
    25
100
AcDbLine
 10
310.0294948162467
 20
4.408067840526882
 30
0.0
 11
307.9366000904466
 21
8.033067840526882
 31
0.0
  0
LINE
  5
678
330
1F
100
AcDbEntity
  8
0
  6
Continuous
 62
     7
370
    25
100
AcDbLine
 10
315.8437053646466
 20
323.4809092782269
 30
0.0
 11
19.84370536464666
 21
323.4809092782269
 31
0.0
  0
LINE
  5
679
330
1F
100
AcDbEntity
  8
0
  6
Continuous
 62
     7
370
    25
100
AcDbLine
 10
315.8437053646466
 20
323.4809092782269
 30
0.0
 11
315.8437053646466
 21
-1.841932159473117
 31
0.0
  0
LINE
  5
67A
330
1F
100
AcDbEntity
  8
0
  6
Continuous
 62
     7
370
    25
100
AcDbLine
 10
19.84370536464666
 20
-1.841932159473117
 30
0.0
 11
315.8437053646466
 21
-1.841932159473117
 31
0.0
  0
LINE
  5
67B
330
1F
100
AcDbEntity
  8
0
  6
Continuous
 62
     7
370
    25
100
AcDbLine
 10
19.84370536464666
 20
-1.841932159473117
 30
0.0
 11
19.84370536464666
 21
323.4809092782269
 31
0.0
  0
LINE
  5
67C
330
1F
100
AcDbEntity
  8
0
  6
Continuous
 62
     7
370
    25
100
AcDbLine
 10
85.13491286624667
 20
173.8930138286269
 30
0.0
 11
85.11699007204667
 21
173.8930138286269
 31
0.0
  0
LINE
  5
67D
330
1F
100
AcDbEntity
  8
0
100
AcDbLine
 10
19.84370536464666
 20
309.9598916658269
 30
0.0
 11
21.34370536464667
 21
309.9598916658269
 31
0.0
  0
LINE
  5
67E
330
1F
100
AcDbEntity
  8
0
100
AcDbLine
 10
19.84370536464666
 20
242.9178564409269
 30
0.0
 11
21.34370536464667
 21
242.9178564409269
 31
0.0
  0
LINE
  5
67F
330
1F
100
AcDbEntity
  8
0
100
AcDbLine
 10
19.84370536464666
 20
98.19047422062688
 30
0.0
 11
21.34370536464667
 21
98.19047422062688
 31
0.0
  0
LINE
  5
680
330
1F
100
AcDbEntity
  8
0
100
AcDbLine
 10
19.84370536464666
 20
60.43740580062688
 30
0.0
 11
21.34370536464667
 21
60.43740580062688
 31
0.0
  0
LINE
  5
681
330
1F
100
AcDbEntity
  8
0
100
AcDbLine
 10
19.84370536464666
 20
11.6790854529269
 30
0.0
 11
21.34370536464667
 21
11.6790854529269
 31
0.0
  0
LINE
  5
682
330
1F
100
AcDbEntity
  8
0
100
AcDbLine
 10
315.8437053646466
 20
309.9598916658269
 30
0.0
 11
314.3437053646467
 21
309.9598916658269
 31
0.0
  0
LINE
  5
683
330
1F
100
AcDbEntity
  8
0
100
AcDbLine
 10
315.8437053646466
 20
242.9178564409269
 30
0.0
 11
314.3437053646467
 21
242.9178564409269
 31
0.0
  0
LINE
  5
684
330
1F
100
AcDbEntity
  8
0
100
AcDbLine
 10
315.8437053646466
 20
98.19047422062688
 30
0.0
 11
314.3437053646467
 21
98.19047422062688
 31
0.0
  0
LINE
  5
685
330
1F
100
AcDbEntity
  8
0
100
AcDbLine
 10
315.8437053646466
 20
60.43740580062688
 30
0.0
 11
314.3437053646467
 21
60.43740580062688
 31
0.0
  0
LINE
  5
686
330
1F
100
AcDbEntity
  8
0
100
AcDbLine
 10
315.8437053646466
 20
11.6790854529269
 30
0.0
 11
314.3437053646467
 21
11.6790854529269
 31
0.0
  0
ENDSEC
  0
SECTION
  2
OBJECTS
  0
DICTIONARY
  5
C
330
0
100
AcDbDictionary
281
     1
  3
ACAD_CIP_PREVIOUS_PRODUCT_INFO
350
1A5
  3
ACAD_COLOR
350
73
  3
ACAD_DETAILVIEWSTYLE
350
1AB
  3
ACAD_GROUP
350
D
  3
ACAD_LAST_SAVED_VERSION_INFO
350
33C
  3
ACAD_LAYOUT
350
1A
  3
ACAD_MATERIAL
350
72
  3
ACAD_MLEADERSTYLE
350
D7
  3
ACAD_MLINESTYLE
350
17
  3
ACAD_PLOTSETTINGS
350
19
  3
ACAD_PLOTSTYLENAME
350
E
  3
ACAD_RENDER_ACTIVE_RAPIDRT_SETTINGS
350
256
  3
ACAD_RENDER_RAPIDRT_SETTINGS
350
24F
  3
ACAD_SCALELIST
350
B6
  3
ACAD_SECTIONVIEWSTYLE
350
1A8
  3
ACAD_TABLESTYLE
350
86
  3
ACAD_VISUALSTYLE
350
99
  3
ACDB_RECOMPOSE_DATA
350
696
  3
AcDbVariableDictionary
350
66
  0
DICTIONARY
  5
18E
330
2
100
AcDbDictionary
280
     1
281
     1
  3
ACAD_LAYERSTATES
360
18F
  0
DICTIONARY
  5
E6
330
10
100
AcDbDictionary
280
     1
281
     1
  0
DICTIONARY
  5
15D
330
1F
100
AcDbDictionary
280
     1
281
     1
  0
XRECORD
  5
1A5
102
{ACAD_REACTORS
330
C
102
}
330
C
100
AcDbXrecord
280
     1
300
ACD
300
2026
300

  0
DICTIONARY
  5
73
102
{ACAD_REACTORS
330
C
102
}
330
C
100
AcDbDictionary
281
     1
  0
DICTIONARY
  5
1AB
102
{ACAD_REACTORS
330
C
102
}
330
C
100
AcDbDictionary
281
     1
  3
Imperial24
350
1AC
  3
Metric50
350
25A
  0
DICTIONARY
  5
D
102
{ACAD_REACTORS
330
C
102
}
330
C
100
AcDbDictionary
281
     1
  0
XRECORD
  5
33C
102
{ACAD_REACTORS
330
C
102
}
330
C
100
AcDbXrecord
280
     1
300
{C92DBA64-7DD1-BD45-86EB-D8146AC24434}
301
{0433E827-5D25-6445-8648-074302421E9A}
302
{C92DBA64-7DD1-BD45-86EB-D8146AC24434}
303
E:\My Work\MUC\S 6\RTOS\DSP_Box\DSP_dxf\All_Parts.dxf
  0
DICTIONARY
  5
1A
102
{ACAD_REACTORS
330
C
102
}
330
C
100
AcDbDictionary
281
     1
  3
Layout1
350
59
  3
Layout2
350
5E
  3
Model
350
22
  0
DICTIONARY
  5
72
102
{ACAD_REACTORS
330
C
102
}
330
C
100
AcDbDictionary
281
     1
  3
ByBlock
350
97
  3
ByLayer
350
96
  3
Global
350
98
  0
DICTIONARY
  5
D7
102
{ACAD_REACTORS
330
C
102
}
330
C
100
AcDbDictionary
281
     1
  3
Annotative
350
E5
  3
Standard
350
D8
  0
DICTIONARY
  5
17
102
{ACAD_REACTORS
330
C
102
}
330
C
100
AcDbDictionary
281
     1
  3
Standard
350
18
  0
DICTIONARY
  5
19
102
{ACAD_REACTORS
330
C
102
}
330
C
100
AcDbDictionary
281
     1
  0
ACDBDICTIONARYWDFLT
  5
E
102
{ACAD_REACTORS
330
C
102
}
330
C
100
AcDbDictionary
281
     1
  3
Normal
350
F
100
AcDbDictionaryWithDefault
340
F
  0
RAPIDRTRENDERSETTINGS
  5
256
102
{ACAD_REACTORS
330
C
102
}
330
C
100
AcDbRenderSettings
 90
        2
  1
Medium
290
     1
290
     0
290
     1
290
     1
  1

  1
Applies 5 rendering levels
 90
        0
100
AcDbRapidRTRenderSettings
 90
        3
 70
     0
 90
        5
 90
        1
 70
     1
 70
     2
 40
3.0
 40
3.0
290
     1
  0
DICTIONARY
  5
24F
102
{ACAD_REACTORS
330
C
102
}
330
C
100
AcDbDictionary
281
     1
  3
Coffee-Break Quality
350
253
  3
High
350
252
  3
Low
350
250
  3
Lunch Quality
350
254
  3
Medium
350
251
  3
Overnight Quality
350
255
  0
DICTIONARY
  5
B6
102
{ACAD_REACTORS
330
C
102
}
330
C
100
AcDbDictionary
281
     1
  3
A0
350
B7
  3
A1
350
124
  3
A2
350
125
  3
A3
350
126
  3
A4
350
127
  3
A5
350
128
  3
A6
350
129
  3
A7
350
12A
  3
A8
350
12B
  3
A9
350
12C
  3
B0
350
12D
  3
B1
350
12E
  3
B2
350
12F
  3
B3
350
130
  3
B4
350
131
  3
B5
350
132
  3
B6
350
133
  3
B7
350
134
  3
B8
350
135
  3
B9
350
136
  3
C0
350
137
  3
C1
350
138
  3
C2
350
139
  3
C3
350
13A
  3
C4
350
13B
  3
C5
350
13C
  3
C6
350
13D
  3
C7
350
13E
  3
C8
350
13F
  3
C9
350
140
  3
D0
350
141
  3
D1
350
142
  3
D2
350
143
  0
DICTIONARY
  5
1A8
102
{ACAD_REACTORS
330
C
102
}
330
C
100
AcDbDictionary
281
     1
  3
Imperial24
350
1AA
  3
Metric50
350
259
  0
DICTIONARY
  5
86
102
{ACAD_REACTORS
330
C
102
}
330
C
100
AcDbDictionary
281
     1
  3
Standard
350
87
  0
DICTIONARY
  5
99
102
{ACAD_REACTORS
330
C
102
}
330
C
100
AcDbDictionary
281
     1
  3
2dWireframe
350
9F
  3
Basic
350
9E
  3
Brighten
350
A5
  3
ColorChange
350
A9
  3
Conceptual
350
A2
  3
Dim
350
A4
  3
EdgeColorOff
350
175
  3
Facepattern
350
A8
  3
Flat
350
9A
  3
FlatWithEdges
350
9B
  3
Gouraud
350
9C
  3
GouraudWithEdges
350
9D
  3
Hidden
350
A1
  3
JitterOff
350
173
  3
Linepattern
350
A7
  3
OverhangOff
350
174
  3
Realistic
350
A3
  3
Shaded
350
182
  3
Shaded with edges
350
181
  3
Shades of Gray
350
17E
  3
Sketchy
350
17F
  3
Thicken
350
A6
  3
Wireframe
350
A0
  3
X-Ray
350
180
  0
XRECORD
  5
696
102
{ACAD_REACTORS
330
C
102
}
330
C
100
AcDbXrecord
280
     1
 90
        1
330
87
  0
DICTIONARY
  5
66
102
{ACAD_REACTORS
330
C
102
}
330
C
100
AcDbDictionary
281
     1
  3
CANNOSCALE
350
F0
  3
CMLEADERSTYLE
350
EF
  3
CTABLESTYLE
350
89
  3
CVIEWDETAILSTYLE
350
1B7
  3
CVIEWSECTIONSTYLE
350
1B8
  3
DIMASSOC
350
67
  3
HIDETEXT
350
6B
  3
LAYEREVAL
350
14D
  3
LAYERNOTIFY
350
14E
  0
DICTIONARY
  5
18F
102
{ACAD_REACTORS
330
18E
102
}
330
18E
100
AcDbDictionary
281
     1
  0
ACDBDETAILVIEWSTYLE
  5
1AC
102
{ACAD_REACTORS
330
1AB
102
}
330
1AB
100
AcDbModelDocViewStyle
 70
     0
  3
Imperial24
290
     0
300
Imperial24
 90
        0
100
AcDbDetailViewStyle
 70
     0
 71
     0
 90
        3
 71
     1
340
11
 62
   256
 40
0.24
340
0
 62
   256
 40
0.24
300

 40
0.36
280
     3
 71
     2
340
16
 90
       25
 62
   256
 71
     3
340
11
 62
   256
 40
0.24
 90
        1
 40
0.75
 90
        1
300
%<\AcVar ViewType \f "%tc1">% %<\AcVar ViewDetailId>%\PSCALE %<\AcVar ViewScale \f "%sn">%
 71
     4
340
16
 90
       25
 62
   256
340
16
 90
       25
 62
   256
280
     0
  0
ACDBDETAILVIEWSTYLE
  5
25A
102
{ACAD_REACTORS
330
1AB
102
}
330
1AB
100
AcDbModelDocViewStyle
 70
     0
  3
Metric50
290
     0
300
Metric50
 90
        0
100
AcDbDetailViewStyle
 70
     0
 71
     0
 90
        3
 71
     1
340
11
 62
   256
 40
5.0
340
0
 62
   256
 40
5.0
300

 40
0.0
280
     1
 71
     2
340
16
 90
       25
 62
   256
 71
     3
340
11
 62
   256
 40
5.0
 90
        0
 40
15.0
 90
        1
300
%<\AcVar ViewDetailId>% (%<\AcVar ViewScale \f "%sn">%)
 71
     4
340
16
 90
       25
 62
   256
340
16
 90
       25
 62
   256
280
     0
  0
LAYOUT
  5
59
102
{ACAD_REACTORS
330
1A
102
}
330
1A
100
AcDbPlotSettings
  1

  2
None
  4

  6

 40
0.0
 41
0.0
 42
0.0
 43
0.0
 44
0.0
 45
0.0
 46
0.0
 47
0.0
 48
0.0
 49
0.0
140
0.0
141
0.0
142
1.0
143
1.0
 70
   688
 72
     0
 73
     0
 74
     5
  7

 75
    16
147
1.0
 76
     0
 77
     2
 78
   300
148
0.0
149
0.0
100
AcDbLayout
  1
Layout1
 70
     1
 71
     1
 10
0.0
 20
0.0
 11
12.0
 21
9.0
 12
0.0
 22
0.0
 32
0.0
 14
0.0
 24
0.0
 34
0.0
 15
0.0
 25
0.0
 35
0.0
146
0.0
 13
0.0
 23
0.0
 33
0.0
 16
1.0
 26
0.0
 36
0.0
 17
0.0
 27
1.0
 37
0.0
 76
     0
330
58
  0
LAYOUT
  5
5E
102
{ACAD_REACTORS
330
1A
102
}
330
1A
100
AcDbPlotSettings
  1

  2
None
  4

  6

 40
0.0
 41
0.0
 42
0.0
 43
0.0
 44
0.0
 45
0.0
 46
0.0
 47
0.0
 48
0.0
 49
0.0
140
0.0
141
0.0
142
1.0
143
1.0
 70
   688
 72
     0
 73
     0
 74
     5
  7

 75
    16
147
1.0
 76
     0
 77
     2
 78
   300
148
0.0
149
0.0
100
AcDbLayout
  1
Layout2
 70
     1
 71
     2
 10
0.0
 20
0.0
 11
12.0
 21
9.0
 12
0.0
 22
0.0
 32
0.0
 14
0.0
 24
0.0
 34
0.0
 15
0.0
 25
0.0
 35
0.0
146
0.0
 13
0.0
 23
0.0
 33
0.0
 16
1.0
 26
0.0
 36
0.0
 17
0.0
 27
1.0
 37
0.0
 76
     0
330
5D
  0
LAYOUT
  5
22
102
{ACAD_XDICTIONARY
360
194
102
}
102
{ACAD_REACTORS
330
1A
102
}
330
1A
100
AcDbPlotSettings
  1

  2
none_device
  4
ANSI_A_(8.50_x_11.00_Inches)
  6

 40
6.349999904632567
 41
19.04999923706055
 42
6.350006103515625
 43
19.04998779296875
 44
215.8999938964844
 45
279.3999938964844
 46
0.0
 47
0.0
 48
0.0
 49
0.0
140
0.0
141
0.0
142
1.0
143
2.584895464708373
 70
 11952
 72
     0
 73
     1
 74
     0
  7

 75
     0
147
0.3868628397755418
 76
     0
 77
     2
 78
   300
148
0.0
149
0.0
100
AcDbLayout
  1
Model
 70
     1
 71
     0
 10
0.0
 20
0.0
 11
12.0
 21
9.0
 12
0.0
 22
0.0
 32
0.0
 14
0.0
 24
0.0
 34
0.0
 15
0.0
 25
0.0
 35
0.0
146
0.0
 13
0.0
 23
0.0
 33
0.0
 16
1.0
 26
0.0
 36
0.0
 17
0.0
 27
1.0
 37
0.0
 76
     0
330
1F
331
94
  0
MATERIAL
  5
97
102
{ACAD_XDICTIONARY
360
188
102
}
102
{ACAD_REACTORS
330
72
102
}
330
72
100
AcDbMaterial
  1
ByBlock
 94
       63
  0
MATERIAL
  5
96
102
{ACAD_XDICTIONARY
360
186
102
}
102
{ACAD_REACTORS
330
72
102
}
330
72
100
AcDbMaterial
  1
ByLayer
 94
       63
  0
MATERIAL
  5
98
102
{ACAD_XDICTIONARY
360
110
102
}
102
{ACAD_REACTORS
330
72
102
}
330
72
100
AcDbMaterial
  1
Global
 43
0.0208000000566244
 43
0.0
 43
0.0
 43
0.0
 43
0.0
 43
0.0208000000566244
 43
0.0
 43
0.0
 43
0.0
 43
0.0
 43
1.0
 43
0.0
 43
0.0
 43
0.0
 43
0.0
 43
1.0
 49
0.0208000000566244
 49
0.0
 49
0.0
 49
0.0
 49
0.0
 49
0.0208000000566244
 49
0.0
 49
0.0
 49
0.0
 49
0.0
 49
1.0
 49
0.0
 49
0.0
 49
0.0
 49
0.0
 49
1.0
142
0.0208000000566244
142
0.0
142
0.0
142
0.0
142
0.0
142
0.0208000000566244
142
0.0
142
0.0
142
0.0
142
0.0
142
1.0
142
0.0
142
0.0
142
0.0
142
0.0
142
1.0
144
0.0208000000566244
144
0.0
144
0.0
144
0.0
144
0.0
144
0.0208000000566244
144
0.0
144
0.0
144
0.0
144
0.0
144
1.0
144
0.0
144
0.0
144
0.0
144
0.0
144
1.0
 94
       63
1001
ACAD
1070
    -1
1070
     3
1070
     0
1000

1071
        0
1070
     0
  0
MLEADERSTYLE
  5
E5
102
{ACAD_REACTORS
330
D7
102
}
330
D7
100
AcDbMLeaderStyle
179
     2
170
     2
171
     1
172
     0
 90
        2
 40
0.0
 41
0.0
173
     1
 91
-1056964608
340
14
 92
       -2
290
     1
 42
0.09
291
     1
 43
0.36
  3
Standard
 44
0.18
300

342
11
174
     1
178
     1
175
     1
176
     0
 93
-1056964608
 45
0.18
292
     0
297
     0
 46
0.18
 94
-1056964608
 47
1.0
 49
1.0
140
1.0
293
     1
141
0.0
294
     1
177
     0
142
1.0
295
     0
296
     1
143
0.125
271
     0
272
     9
273
     9
298
     0
  0
MLEADERSTYLE
  5
D8
102
{ACAD_REACTORS
330
D7
102
}
330
D7
100
AcDbMLeaderStyle
179
     2
170
     2
171
     1
172
     0
 90
        2
 40
0.0
 41
0.0
173
     1
 91
-1056964608
340
14
 92
       -2
290
     1
 42
0.09
291
     1
 43
0.36
  3
Standard
 44
0.18
300

342
11
174
     1
178
     1
175
     1
176
     0
 93
-1056964608
 45
0.18
292
     0
297
     0
 46
0.18
 94
-1056964608
 47
1.0
 49
1.0
140
1.0
293
     1
141
0.0
294
     1
177
     0
142
1.0
295
     0
296
     0
143
0.125
271
     0
272
     9
273
     9
298
     0
  0
MLINESTYLE
  5
18
102
{ACAD_REACTORS
330
17
102
}
330
17
100
AcDbMlineStyle
  2
STANDARD
 70
     0
  3

 62
   256
 51
90.0
 52
90.0
 71
     2
 49
0.5
 62
   256
  6
BYLAYER
 49
-0.5
 62
   256
  6
BYLAYER
  0
ACDBPLACEHOLDER
  5
F
102
{ACAD_REACTORS
330
E
102
}
330
E
  0
RAPIDRTRENDERSETTINGS
  5
253
102
{ACAD_REACTORS
330
24F
102
}
330
24F
100
AcDbRenderSettings
 90
        2
  1
Coffee-Break Quality
290
     1
290
     0
290
     1
290
     1
  1

  1
Renders for 10 minutes
 90
        3
100
AcDbRapidRTRenderSettings
 90
        3
 70
     1
 90
        1
 90
       10
 70
     1
 70
     2
 40
3.0
 40
3.0
290
     1
  0
RAPIDRTRENDERSETTINGS
  5
252
102
{ACAD_REACTORS
330
24F
102
}
330
24F
100
AcDbRenderSettings
 90
        2
  1
High
290
     1
290
     0
290
     1
290
     1
  1

  1
Applies 10 rendering levels
 90
        2
100
AcDbRapidRTRenderSettings
 90
        3
 70
     0
 90
       10
 90
        1
 70
     2
 70
     2
 40
3.0
 40
3.0
290
     1
  0
RAPIDRTRENDERSETTINGS
  5
250
102
{ACAD_REACTORS
330
24F
102
}
330
24F
100
AcDbRenderSettings
 90
        2
  1
Low
290
     1
290
     0
290
     1
290
     1
  1

  1
Applies 1 rendering level
 90
        0
100
AcDbRapidRTRenderSettings
 90
        3
 70
     0
 90
        1
 90
        1
 70
     0
 70
     2
 40
3.0
 40
3.0
290
     1
  0
RAPIDRTRENDERSETTINGS
  5
254
102
{ACAD_REACTORS
330
24F
102
}
330
24F
100
AcDbRenderSettings
 90
        2
  1
Lunch Quality
290
     1
290
     0
290
     1
290
     1
  1

  1
Renders for 60 minutes
 90
        4
100
AcDbRapidRTRenderSettings
 90
        3
 70
     1
 90
        1
 90
       60
 70
     2
 70
     2
 40
3.0
 40
3.0
290
     1
  0
RAPIDRTRENDERSETTINGS
  5
251
102
{ACAD_REACTORS
330
24F
102
}
330
24F
100
AcDbRenderSettings
 90
        2
  1
Medium
290
     1
290
     0
290
     1
290
     1
  1

  1
Applies 5 rendering levels
 90
        1
100
AcDbRapidRTRenderSettings
 90
        3
 70
     0
 90
        5
 90
        1
 70
     1
 70
     2
 40
3.0
 40
3.0
290
     1
  0
RAPIDRTRENDERSETTINGS
  5
255
102
{ACAD_REACTORS
330
24F
102
}
330
24F
100
AcDbRenderSettings
 90
        2
  1
Overnight Quality
290
     1
290
     0
290
     1
290
     1
  1

  1
Renders for 12 hours
 90
        5
100
AcDbRapidRTRenderSettings
 90
        3
 70
     1
 90
        1
 90
      720
 70
     2
 70
     2
 40
3.0
 40
3.0
290
     1
  0
SCALE
  5
B7
102
{ACAD_REACTORS
330
B6
102
}
330
B6
100
AcDbScale
 70
     0
300
1:1
140
1.0
141
1.0
290
     1
  0
SCALE
  5
124
102
{ACAD_REACTORS
330
B6
102
}
330
B6
100
AcDbScale
 70
     0
300
1:2
140
1.0
141
2.0
290
     0
  0
SCALE
  5
125
102
{ACAD_REACTORS
330
B6
102
}
330
B6
100
AcDbScale
 70
     0
300
1:4
140
1.0
141
4.0
290
     0
  0
SCALE
  5
126
102
{ACAD_REACTORS
330
B6
102
}
330
B6
100
AcDbScale
 70
     0
300
1:5
140
1.0
141
5.0
290
     0
  0
SCALE
  5
127
102
{ACAD_REACTORS
330
B6
102
}
330
B6
100
AcDbScale
 70
     0
300
1:8
140
1.0
141
8.0
290
     0
  0
SCALE
  5
128
102
{ACAD_REACTORS
330
B6
102
}
330
B6
100
AcDbScale
 70
     0
300
1:10
140
1.0
141
10.0
290
     0
  0
SCALE
  5
129
102
{ACAD_REACTORS
330
B6
102
}
330
B6
100
AcDbScale
 70
     0
300
1:16
140
1.0
141
16.0
290
     0
  0
SCALE
  5
12A
102
{ACAD_REACTORS
330
B6
102
}
330
B6
100
AcDbScale
 70
     0
300
1:20
140
1.0
141
20.0
290
     0
  0
SCALE
  5
12B
102
{ACAD_REACTORS
330
B6
102
}
330
B6
100
AcDbScale
 70
     0
300
1:30
140
1.0
141
30.0
290
     0
  0
SCALE
  5
12C
102
{ACAD_REACTORS
330
B6
102
}
330
B6
100
AcDbScale
 70
     0
300
1:40
140
1.0
141
40.0
290
     0
  0
SCALE
  5
12D
102
{ACAD_REACTORS
330
B6
102
}
330
B6
100
AcDbScale
 70
     0
300
1:50
140
1.0
141
50.0
290
     0
  0
SCALE
  5
12E
102
{ACAD_REACTORS
330
B6
102
}
330
B6
100
AcDbScale
 70
     0
300
1:100
140
1.0
141
100.0
290
     0
  0
SCALE
  5
12F
102
{ACAD_REACTORS
330
B6
102
}
330
B6
100
AcDbScale
 70
     0
300
2:1
140
2.0
141
1.0
290
     0
  0
SCALE
  5
130
102
{ACAD_REACTORS
330
B6
102
}
330
B6
100
AcDbScale
 70
     0
300
4:1
140
4.0
141
1.0
290
     0
  0
SCALE
  5
131
102
{ACAD_REACTORS
330
B6
102
}
330
B6
100
AcDbScale
 70
     0
300
8:1
140
8.0
141
1.0
290
     0
  0
SCALE
  5
132
102
{ACAD_REACTORS
330
B6
102
}
330
B6
100
AcDbScale
 70
     0
300
10:1
140
10.0
141
1.0
290
     0
  0
SCALE
  5
133
102
{ACAD_REACTORS
330
B6
102
}
330
B6
100
AcDbScale
 70
     0
300
100:1
140
100.0
141
1.0
290
     0
  0
SCALE
  5
134
102
{ACAD_REACTORS
330
B6
102
}
330
B6
100
AcDbScale
 70
     0
300
1/128" = 1'-0"
140
0.0078125
141
12.0
290
     0
  0
SCALE
  5
135
102
{ACAD_REACTORS
330
B6
102
}
330
B6
100
AcDbScale
 70
     0
300
1/64" = 1'-0"
140
0.015625
141
12.0
290
     0
  0
SCALE
  5
136
102
{ACAD_REACTORS
330
B6
102
}
330
B6
100
AcDbScale
 70
     0
300
1/32" = 1'-0"
140
0.03125
141
12.0
290
     0
  0
SCALE
  5
137
102
{ACAD_REACTORS
330
B6
102
}
330
B6
100
AcDbScale
 70
     0
300
1/16" = 1'-0"
140
0.0625
141
12.0
290
     0
  0
SCALE
  5
138
102
{ACAD_REACTORS
330
B6
102
}
330
B6
100
AcDbScale
 70
     0
300
3/32" = 1'-0"
140
0.09375
141
12.0
290
     0
  0
SCALE
  5
139
102
{ACAD_REACTORS
330
B6
102
}
330
B6
100
AcDbScale
 70
     0
300
1/8" = 1'-0"
140
0.125
141
12.0
290
     0
  0
SCALE
  5
13A
102
{ACAD_REACTORS
330
B6
102
}
330
B6
100
AcDbScale
 70
     0
300
3/16" = 1'-0"
140
0.1875
141
12.0
290
     0
  0
SCALE
  5
13B
102
{ACAD_REACTORS
330
B6
102
}
330
B6
100
AcDbScale
 70
     0
300
1/4" = 1'-0"
140
0.25
141
12.0
290
     0
  0
SCALE
  5
13C
102
{ACAD_REACTORS
330
B6
102
}
330
B6
100
AcDbScale
 70
     0
300
3/8" = 1'-0"
140
0.375
141
12.0
290
     0
  0
SCALE
  5
13D
102
{ACAD_REACTORS
330
B6
102
}
330
B6
100
AcDbScale
 70
     0
300
1/2" = 1'-0"
140
0.5
141
12.0
290
     0
  0
SCALE
  5
13E
102
{ACAD_REACTORS
330
B6
102
}
330
B6
100
AcDbScale
 70
     0
300
3/4" = 1'-0"
140
0.75
141
12.0
290
     0
  0
SCALE
  5
13F
102
{ACAD_REACTORS
330
B6
102
}
330
B6
100
AcDbScale
 70
     0
300
1" = 1'-0"
140
1.0
141
12.0
290
     0
  0
SCALE
  5
140
102
{ACAD_REACTORS
330
B6
102
}
330
B6
100
AcDbScale
 70
     0
300
1-1/2" = 1'-0"
140
1.5
141
12.0
290
     0
  0
SCALE
  5
141
102
{ACAD_REACTORS
330
B6
102
}
330
B6
100
AcDbScale
 70
     0
300
3" = 1'-0"
140
3.0
141
12.0
290
     0
  0
SCALE
  5
142
102
{ACAD_REACTORS
330
B6
102
}
330
B6
100
AcDbScale
 70
     0
300
6" = 1'-0"
140
6.0
141
12.0
290
     0
  0
SCALE
  5
143
102
{ACAD_REACTORS
330
B6
102
}
330
B6
100
AcDbScale
 70
     0
300
1'-0" = 1'-0"
140
12.0
141
12.0
290
     0
  0
ACDBSECTIONVIEWSTYLE
  5
1AA
102
{ACAD_REACTORS
330
1A8
102
}
330
1A8
100
AcDbModelDocViewStyle
 70
     0
  3
Imperial24
290
     0
300
Imperial24
 90
        0
100
AcDbSectionViewStyle
 70
     0
 71
     0
 90
       78
 71
     1
340
11
 62
   256
 40
0.24
340
0
340
0
 62
   256
 40
0.24
300
I, O, Q, S, X, Z
 40
0.48
 90
        3
 40
0.18
 90
        1
 71
     2
340
16
 90
       25
 62
   256
340
16
 90
       50
 62
   256
 40
0.24
 40
0.0
 40
0.24
 71
     3
340
11
 62
   256
 40
0.24
 90
        1
 40
0.75
 90
        1
300
%<\AcVar ViewType \f "%tc1">% %<\AcVar ViewSectionStartId>%-%<\AcVar ViewSectionEndId>%\PSCALE %<\AcVar ViewScale \f "%sn">%
 71
     4
 62
   256
 62
   257
300
ANSI31
 40
1.0
 90
        0
290
     0
290
     0
 90
        6
 40
0.0
 40
1.570796326794896
 40
0.2617993877991494
 40
1.308996938995747
 40
-0.2617993877991494
 40
1.832595714594045
  0
ACDBSECTIONVIEWSTYLE
  5
259
102
{ACAD_REACTORS
330
1A8
102
}
330
1A8
100
AcDbModelDocViewStyle
 70
     0
  3
Metric50
290
     0
300
Metric50
 90
        0
100
AcDbSectionViewStyle
 70
     0
 71
     0
 90
      102
 71
     1
340
11
 62
   256
 40
5.0
340
0
340
0
 62
   256
 40
5.0
300
I, O, Q, S, X, Z
 40
10.0
 90
        0
 40
2.5
 90
        0
 71
     2
340
16
 90
       25
 62
   256
340
16
 90
       50
 62
   256
 40
5.0
 40
2.5
 40
5.0
 71
     3
340
11
 62
   256
 40
5.0
 90
        0
 40
15.0
 90
        1
300
%<\AcVar ViewSectionStartId>%-%<\AcVar ViewSectionEndId>% (%<\AcVar ViewScale \f "%sn">%)
 71
     4
 62
   256
 62
   257
300
ANSI31
 40
1.0
 90
        0
290
     0
290
     0
 90
        6
 40
0.0
 40
1.570796326794896
 40
0.2617993877991494
 40
1.308996938995747
 40
-0.2617993877991494
 40
1.832595714594045
  0
TABLESTYLE
  5
87
102
{ACAD_XDICTIONARY
360
104
102
}
102
{ACAD_REACTORS
330
86
102
}
330
86
100
AcDbTableStyle
280
     0
  3
Standard
 70
     0
 71
     0
 40
0.06
 41
0.06
280
     0
281
     0
  7
Standard
140
0.18
170
     2
 62
     0
 63
     7
283
     0
 90
      512
 91
        0
  1

274
    -2
284
     1
 64
     0
275
    -2
285
     1
 65
     0
276
    -2
286
     1
 66
     0
277
    -2
287
     1
 67
     0
278
    -2
288
     1
 68
     0
279
    -2
289
     1
 69
     0
  7
Standard
140
0.25
170
     5
 62
     0
 63
     7
283
     0
 90
      512
 91
        0
  1

274
    -2
284
     1
 64
     0
275
    -2
285
     1
 65
     0
276
    -2
286
     1
 66
     0
277
    -2
287
     1
 67
     0
278
    -2
288
     1
 68
     0
279
    -2
289
     1
 69
     0
  7
Standard
140
0.18
170
     5
 62
     0
 63
     7
283
     0
 90
      512
 91
        0
  1

274
    -2
284
     1
 64
     0
275
    -2
285
     1
 65
     0
276
    -2
286
     1
 66
     0
277
    -2
287
     1
 67
     0
278
    -2
288
     1
 68
     0
279
    -2
289
     1
 69
     0
  0
VISUALSTYLE
  5
9F
102
{ACAD_REACTORS
330
99
102
}
330
99
100
AcDbVisualStyle
  2
2dWireframe
 70
     4
177
     3
291
     0
 70
    58
 90
        0
176
     1
 90
        2
176
     1
 90
        1
176
     1
 90
        0
176
     1
 40
0.6
176
     1
 40
30.0
176
     1
 62
     7
420
 16777215
176
     1
 90
        1
176
     1
 90
        4
176
     1
 62
     7
176
     1
 62
   257
176
     1
 90
        1
176
     1
 90
        1
176
     1
 40
1.0
176
     1
 90
        0
176
     1
 62
   257
176
     1
 40
1.0
176
     1
 90
        1
176
     1
 90
        6
176
     1
 90
        2
176
     1
 62
     7
176
     1
 90
        5
176
     1
 90
        0
176
     1
 90
        0
176
     1
290
     0
176
     1
 90
        1
176
     1
 40
0.0
176
     1
 90
        0
176
     1
290
     1
176
     1
290
     1
176
     1
290
     0
176
     1
290
     0
176
     1
290
     0
176
     1
290
     0
176
     1
290
     0
176
     1
290
     0
176
     1
290
     0
176
     1
 90
       50
176
     1
 40
0.0
176
     1
 40
1.0
176
     1
 90
        0
176
     1
 62
    18
176
     1
 90
       50
176
     1
 90
        3
176
     1
 62
     5
420
      255
176
     1
290
     0
176
     1
 90
       50
176
     1
 90
       50
176
     1
 90
       50
176
     1
290
     0
176
     1
 90
       50
176
     1
 62
   256
176
     0
 40
1.0
176
     0
 90
        2
176
     1
  1
strokes_ogs.tif
176
     1
290
     0
176
     1
 40
1.0
176
     1
 40
1.0
176
     1
  0
VISUALSTYLE
  5
9E
102
{ACAD_REACTORS
330
99
102
}
330
99
100
AcDbVisualStyle
  2
Basic
 70
     7
177
     3
291
     1
 70
    58
 90
        1
176
     1
 90
        0
176
     1
 90
        1
176
     1
 90
        0
176
     1
 40
0.6
176
     1
 40
30.0
176
     1
 62
     7
420
 16777215
176
     1
 90
        0
176
     1
 90
        4
176
     1
 62
     7
176
     1
 62
   257
176
     1
 90
        1
176
     1
 90
        1
176
     1
 40
1.0
176
     1
 90
        8
176
     1
 62
     7
176
     1
 40
1.0
176
     1
 90
        1
176
     1
 90
        6
176
     1
 90
        2
176
     1
 62
     7
176
     1
 90
        5
176
     1
 90
        0
176
     1
 90
        0
176
     1
290
     0
176
     1
 90
        1
176
     1
 40
0.0
176
     1
 90
        0
176
     1
290
     0
176
     1
290
     1
176
     1
290
     1
176
     1
290
     0
176
     1
290
     0
176
     1
290
     0
176
     1
290
     0
176
     1
290
     0
176
     1
290
     0
176
     1
 90
       50
176
     1
 40
0.0
176
     1
 40
1.0
176
     1
 90
        0
176
     1
 62
    18
176
     1
 90
       50
176
     1
 90
        3
176
     1
 62
     5
420
      255
176
     1
290
     0
176
     1
 90
       50
176
     1
 90
       50
176
     1
 90
       50
176
     1
290
     0
176
     1
 90
       50
176
     1
 62
   256
176
     0
 40
1.0
176
     0
 90
        2
176
     1
  1
strokes_ogs.tif
176
     1
290
     0
176
     1
 40
1.0
176
     1
 40
1.0
176
     1
  0
VISUALSTYLE
  5
A5
102
{ACAD_REACTORS
330
99
102
}
330
99
100
AcDbVisualStyle
  2
Brighten
 70
    12
177
     3
291
     1
 70
    58
 90
        2
176
     1
 90
        2
176
     1
 90
        1
176
     1
 90
        0
176
     1
 40
0.6
176
     1
 40
30.0
176
     1
 62
     7
420
 16777215
176
     1
 90
        1
176
     1
 90
        4
176
     1
 62
     7
176
     1
 62
   257
176
     1
 90
        1
176
     1
 90
        1
176
     1
 40
1.0
176
     1
 90
        8
176
     1
 62
     7
176
     1
 40
1.0
176
     1
 90
        1
176
     1
 90
        6
176
     1
 90
        2
176
     1
 62
     7
176
     1
 90
        5
176
     1
 90
        0
176
     1
 90
        0
176
     1
290
     0
176
     1
 90
        1
176
     1
 40
50.0
176
     1
 90
        0
176
     1
290
     0
176
     1
290
     1
176
     1
290
     1
176
     1
290
     0
176
     1
290
     0
176
     1
290
     0
176
     1
290
     0
176
     1
290
     0
176
     1
290
     0
176
     1
 90
       50
176
     1
 40
0.0
176
     1
 40
1.0
176
     1
 90
        0
176
     1
 62
    18
176
     1
 90
       50
176
     1
 90
        3
176
     1
 62
     5
420
      255
176
     1
290
     0
176
     1
 90
       50
176
     1
 90
       50
176
     1
 90
       50
176
     1
290
     0
176
     1
 90
       50
176
     1
 62
   256
176
     0
 40
1.0
176
     0
 90
        2
176
     1
  1
strokes_ogs.tif
176
     1
290
     0
176
     1
 40
1.0
176
     1
 40
1.0
176
     1
  0
VISUALSTYLE
  5
A9
102
{ACAD_REACTORS
330
99
102
}
330
99
100
AcDbVisualStyle
  2
ColorChange
 70
    16
177
     3
291
     1
 70
    58
 90
        2
176
     1
 90
        2
176
     1
 90
        3
176
     1
 90
        0
176
     1
 40
0.6
176
     1
 40
30.0
176
     1
 62
     8
420
  8421504
176
     1
 90
        1
176
     1
 90
        4
176
     1
 62
     7
176
     1
 62
   257
176
     1
 90
        1
176
     1
 90
        1
176
     1
 40
1.0
176
     1
 90
        8
176
     1
 62
     8
420
  8421504
176
     1
 40
1.0
176
     1
 90
        1
176
     1
 90
        6
176
     1
 90
        2
176
     1
 62
     7
176
     1
 90
        5
176
     1
 90
        0
176
     1
 90
        0
176
     1
290
     0
176
     1
 90
        1
176
     1
 40
0.0
176
     1
 90
        0
176
     1
290
     0
176
     1
290
     1
176
     1
290
     1
176
     1
290
     0
176
     1
290
     0
176
     1
290
     0
176
     1
290
     0
176
     1
290
     0
176
     1
290
     0
176
     1
 90
       50
176
     1
 40
0.0
176
     1
 40
1.0
176
     1
 90
        0
176
     1
 62
    18
176
     1
 90
       50
176
     1
 90
        3
176
     1
 62
     5
420
      255
176
     1
290
     0
176
     1
 90
       50
176
     1
 90
       50
176
     1
 90
       50
176
     1
290
     0
176
     1
 90
       50
176
     1
 62
   256
176
     0
 40
1.0
176
     0
 90
        2
176
     1
  1
strokes_ogs.tif
176
     1
290
     0
176
     1
 40
1.0
176
     1
 40
1.0
176
     1
  0
VISUALSTYLE
  5
A2
102
{ACAD_REACTORS
330
99
102
}
330
99
100
AcDbVisualStyle
  2
Conceptual
 70
     9
177
     3
291
     0
 70
    58
 90
        3
176
     1
 90
        2
176
     1
 90
        1
176
     1
 90
        0
176
     1
 40
0.6
176
     1
 40
30.0
176
     1
 62
     7
420
 16777215
176
     1
 90
        2
176
     1
 90
        2
176
     1
 62
     7
176
     1
 62
   257
176
     1
 90
        1
176
     1
 90
        1
176
     1
 40
40.0
176
     1
 90
        8
176
     1
 62
     7
176
     1
 40
1.0
176
     1
 90
        1
176
     1
 90
        6
176
     1
 90
        2
176
     1
 62
     7
176
     1
 90
        3
176
     1
 90
        0
176
     1
 90
        0
176
     1
290
     0
176
     1
 90
        1
176
     1
 40
0.0
176
     1
 90
        0
176
     1
290
     0
176
     1
290
     1
176
     1
290
     1
176
     1
290
     0
176
     1
290
     0
176
     1
290
     0
176
     1
290
     0
176
     1
290
     0
176
     1
290
     0
176
     1
 90
       50
176
     1
 40
0.0
176
     1
 40
1.0
176
     1
 90
        0
176
     1
 62
    18
176
     1
 90
       50
176
     1
 90
        3
176
     1
 62
     5
420
      255
176
     1
290
     0
176
     1
 90
       50
176
     1
 90
       50
176
     1
 90
       50
176
     1
290
     0
176
     1
 90
       50
176
     1
 62
   256
176
     0
 40
1.0
176
     0
 90
        2
176
     1
  1
strokes_ogs.tif
176
     1
290
     0
176
     1
 40
1.0
176
     1
 40
1.0
176
     1
  0
VISUALSTYLE
  5
A4
102
{ACAD_REACTORS
330
99
102
}
330
99
100
AcDbVisualStyle
  2
Dim
 70
    11
177
     3
291
     1
 70
    58
 90
        2
176
     1
 90
        2
176
     1
 90
        1
176
     1
 90
        0
176
     1
 40
0.6
176
     1
 40
30.0
176
     1
 62
     7
420
 16777215
176
     1
 90
        1
176
     1
 90
        4
176
     1
 62
     7
176
     1
 62
   257
176
     1
 90
        1
176
     1
 90
        1
176
     1
 40
1.0
176
     1
 90
        8
176
     1
 62
     7
176
     1
 40
1.0
176
     1
 90
        1
176
     1
 90
        6
176
     1
 90
        2
176
     1
 62
     7
176
     1
 90
        5
176
     1
 90
        0
176
     1
 90
        0
176
     1
290
     0
176
     1
 90
        1
176
     1
 40
-50.0
176
     1
 90
        0
176
     1
290
     0
176
     1
290
     1
176
     1
290
     1
176
     1
290
     0
176
     1
290
     0
176
     1
290
     0
176
     1
290
     0
176
     1
290
     0
176
     1
290
     0
176
     1
 90
       50
176
     1
 40
0.0
176
     1
 40
1.0
176
     1
 90
        0
176
     1
 62
    18
176
     1
 90
       50
176
     1
 90
        3
176
     1
 62
     5
420
      255
176
     1
290
     0
176
     1
 90
       50
176
     1
 90
       50
176
     1
 90
       50
176
     1
290
     0
176
     1
 90
       50
176
     1
 62
   256
176
     0
 40
1.0
176
     0
 90
        2
176
     1
  1
strokes_ogs.tif
176
     1
290
     0
176
     1
 40
1.0
176
     1
 40
1.0
176
     1
  0
VISUALSTYLE
  5
175
102
{ACAD_REACTORS
330
99
102
}
330
99
100
AcDbVisualStyle
  2
EdgeColorOff
 70
    22
177
     3
291
     1
 70
    58
 90
        2
176
     0
 90
        2
176
     0
 90
        0
176
     0
 90
        0
176
     0
 40
0.6
176
     0
 40
30.0
176
     0
 62
     7
420
 16777215
176
     0
 90
        1
176
     0
 90
        4
176
     0
 62
     7
176
     0
 62
   257
176
     0
 90
        1
176
     0
 90
        1
176
     0
 40
1.0
176
     0
 90
        8
176
     2
 62
     7
176
     0
 40
1.0
176
     0
 90
        1
176
     0
 90
        6
176
     0
 90
        2
176
     0
 62
     7
176
     0
 90
        5
176
     0
 90
        0
176
     0
 90
        0
176
     0
290
     0
176
     0
 90
        1
176
     0
 40
0.0
176
     0
 90
        0
176
     0
290
     0
176
     1
290
     1
176
     1
290
     1
176
     1
290
     0
176
     1
290
     0
176
     1
290
     0
176
     1
290
     0
176
     1
290
     0
176
     1
290
     0
176
     1
 90
       50
176
     1
 40
0.0
176
     1
 40
1.0
176
     1
 90
        0
176
     1
 62
    18
176
     1
 90
       50
176
     1
 90
        3
176
     1
 62
     5
420
      255
176
     1
290
     0
176
     1
 90
       50
176
     1
 90
       50
176
     1
 90
       50
176
     1
290
     0
176
     1
 90
       50
176
     1
 62
   256
176
     0
 40
1.0
176
     0
 90
        2
176
     1
  1
strokes_ogs.tif
176
     1
290
     0
176
     1
 40
1.0
176
     1
 40
1.0
176
     1
  0
VISUALSTYLE
  5
A8
102
{ACAD_REACTORS
330
99
102
}
330
99
100
AcDbVisualStyle
  2
Facepattern
 70
    15
177
     3
291
     1
 70
    58
 90
        2
176
     1
 90
        2
176
     1
 90
        1
176
     1
 90
        0
176
     1
 40
0.6
176
     1
 40
30.0
176
     1
 62
     7
420
 16777215
176
     1
 90
        1
176
     1
 90
        4
176
     1
 62
     7
176
     1
 62
   257
176
     1
 90
        1
176
     1
 90
        1
176
     1
 40
1.0
176
     1
 90
        8
176
     1
 62
     7
176
     1
 40
1.0
176
     1
 90
        1
176
     1
 90
        6
176
     1
 90
        2
176
     1
 62
     7
176
     1
 90
        5
176
     1
 90
        0
176
     1
 90
        0
176
     1
290
     0
176
     1
 90
        1
176
     1
 40
0.0
176
     1
 90
        0
176
     1
290
     0
176
     1
290
     1
176
     1
290
     1
176
     1
290
     0
176
     1
290
     0
176
     1
290
     0
176
     1
290
     0
176
     1
290
     0
176
     1
290
     0
176
     1
 90
       50
176
     1
 40
0.0
176
     1
 40
1.0
176
     1
 90
        0
176
     1
 62
    18
176
     1
 90
       50
176
     1
 90
        3
176
     1
 62
     5
420
      255
176
     1
290
     0
176
     1
 90
       50
176
     1
 90
       50
176
     1
 90
       50
176
     1
290
     0
176
     1
 90
       50
176
     1
 62
   256
176
     0
 40
1.0
176
     0
 90
        2
176
     1
  1
strokes_ogs.tif
176
     1
290
     0
176
     1
 40
1.0
176
     1
 40
1.0
176
     1
  0
VISUALSTYLE
  5
9A
102
{ACAD_REACTORS
330
99
102
}
330
99
100
AcDbVisualStyle
  2
Flat
 70
     0
177
     3
291
     1
 70
    58
 90
        2
176
     1
 90
        1
176
     1
 90
        1
176
     1
 90
        2
176
     1
 40
0.6
176
     1
 40
30.0
176
     1
 62
     7
420
 16777215
176
     1
 90
        0
176
     1
 90
        0
176
     1
 62
     7
176
     1
 62
   257
176
     1
 90
        1
176
     1
 90
        1
176
     1
 40
1.0
176
     1
 90
        8
176
     1
 62
     7
176
     1
 40
1.0
176
     1
 90
        1
176
     1
 90
        6
176
     1
 90
        2
176
     1
 62
     7
176
     1
 90
        5
176
     1
 90
        0
176
     1
 90
        0
176
     1
290
     0
176
     1
 90
       13
176
     1
 40
0.0
176
     1
 90
        0
176
     1
290
     0
176
     1
290
     1
176
     1
290
     1
176
     1
290
     0
176
     1
290
     0
176
     1
290
     0
176
     1
290
     0
176
     1
290
     0
176
     1
290
     0
176
     1
 90
       50
176
     1
 40
0.0
176
     1
 40
1.0
176
     1
 90
        0
176
     1
 62
    18
176
     1
 90
       50
176
     1
 90
        3
176
     1
 62
     5
420
      255
176
     1
290
     0
176
     1
 90
       50
176
     1
 90
       50
176
     1
 90
       50
176
     1
290
     0
176
     1
 90
       50
176
     1
 62
   256
176
     0
 40
1.0
176
     0
 90
        2
176
     1
  1
strokes_ogs.tif
176
     1
290
     0
176
     1
 40
1.0
176
     1
 40
1.0
176
     1
  0
VISUALSTYLE
  5
9B
102
{ACAD_REACTORS
330
99
102
}
330
99
100
AcDbVisualStyle
  2
FlatWithEdges
 70
     1
177
     3
291
     1
 70
    58
 90
        2
176
     1
 90
        1
176
     1
 90
        1
176
     1
 90
        2
176
     1
 40
0.6
176
     1
 40
30.0
176
     1
 62
     7
420
 16777215
176
     1
 90
        1
176
     1
 90
        0
176
     1
 62
     7
176
     1
 62
   257
176
     1
 90
        1
176
     1
 90
        1
176
     1
 40
1.0
176
     1
 90
        0
176
     1
 62
   257
176
     1
 40
1.0
176
     1
 90
        1
176
     1
 90
        6
176
     1
 90
        2
176
     1
 62
     7
176
     1
 90
        5
176
     1
 90
        0
176
     1
 90
        0
176
     1
290
     0
176
     1
 90
       13
176
     1
 40
0.0
176
     1
 90
        0
176
     1
290
     0
176
     1
290
     1
176
     1
290
     1
176
     1
290
     0
176
     1
290
     0
176
     1
290
     0
176
     1
290
     0
176
     1
290
     0
176
     1
290
     0
176
     1
 90
       50
176
     1
 40
0.0
176
     1
 40
1.0
176
     1
 90
        0
176
     1
 62
    18
176
     1
 90
       50
176
     1
 90
        3
176
     1
 62
     5
420
      255
176
     1
290
     0
176
     1
 90
       50
176
     1
 90
       50
176
     1
 90
       50
176
     1
290
     0
176
     1
 90
       50
176
     1
 62
   256
176
     0
 40
1.0
176
     0
 90
        2
176
     1
  1
strokes_ogs.tif
176
     1
290
     0
176
     1
 40
1.0
176
     1
 40
1.0
176
     1
  0
VISUALSTYLE
  5
9C
102
{ACAD_REACTORS
330
99
102
}
330
99
100
AcDbVisualStyle
  2
Gouraud
 70
     2
177
     3
291
     1
 70
    58
 90
        2
176
     1
 90
        2
176
     1
 90
        1
176
     1
 90
        2
176
     1
 40
0.6
176
     1
 40
30.0
176
     1
 62
     7
420
 16777215
176
     1
 90
        0
176
     1
 90
        0
176
     1
 62
     7
176
     1
 62
   257
176
     1
 90
        1
176
     1
 90
        1
176
     1
 40
1.0
176
     1
 90
        0
176
     1
 62
     7
176
     1
 40
1.0
176
     1
 90
        1
176
     1
 90
        6
176
     1
 90
        2
176
     1
 62
     7
176
     1
 90
        5
176
     1
 90
        0
176
     1
 90
        0
176
     1
290
     0
176
     1
 90
       13
176
     1
 40
0.0
176
     1
 90
        0
176
     1
290
     0
176
     1
290
     1
176
     1
290
     1
176
     1
290
     0
176
     1
290
     0
176
     1
290
     0
176
     1
290
     0
176
     1
290
     0
176
     1
290
     0
176
     1
 90
       50
176
     1
 40
0.0
176
     1
 40
1.0
176
     1
 90
        0
176
     1
 62
    18
176
     1
 90
       50
176
     1
 90
        3
176
     1
 62
     5
420
      255
176
     1
290
     0
176
     1
 90
       50
176
     1
 90
       50
176
     1
 90
       50
176
     1
290
     0
176
     1
 90
       50
176
     1
 62
   256
176
     0
 40
1.0
176
     0
 90
        2
176
     1
  1
strokes_ogs.tif
176
     1
290
     0
176
     1
 40
1.0
176
     1
 40
1.0
176
     1
  0
VISUALSTYLE
  5
9D
102
{ACAD_REACTORS
330
99
102
}
330
99
100
AcDbVisualStyle
  2
GouraudWithEdges
 70
     3
177
     3
291
     1
 70
    58
 90
        2
176
     1
 90
        2
176
     1
 90
        1
176
     1
 90
        2
176
     1
 40
0.6
176
     1
 40
30.0
176
     1
 62
     7
420
 16777215
176
     1
 90
        1
176
     1
 90
        0
176
     1
 62
     7
176
     1
 62
   257
176
     1
 90
        1
176
     1
 90
        1
176
     1
 40
1.0
176
     1
 90
        0
176
     1
 62
   257
176
     1
 40
1.0
176
     1
 90
        1
176
     1
 90
        6
176
     1
 90
        2
176
     1
 62
     7
176
     1
 90
        5
176
     1
 90
        0
176
     1
 90
        0
176
     1
290
     0
176
     1
 90
       13
176
     1
 40
0.0
176
     1
 90
        0
176
     1
290
     0
176
     1
290
     1
176
     1
290
     1
176
     1
290
     0
176
     1
290
     0
176
     1
290
     0
176
     1
290
     0
176
     1
290
     0
176
     1
290
     0
176
     1
 90
       50
176
     1
 40
0.0
176
     1
 40
1.0
176
     1
 90
        0
176
     1
 62
    18
176
     1
 90
       50
176
     1
 90
        3
176
     1
 62
     5
420
      255
176
     1
290
     0
176
     1
 90
       50
176
     1
 90
       50
176
     1
 90
       50
176
     1
290
     0
176
     1
 90
       50
176
     1
 62
   256
176
     0
 40
1.0
176
     0
 90
        2
176
     1
  1
strokes_ogs.tif
176
     1
290
     0
176
     1
 40
1.0
176
     1
 40
1.0
176
     1
  0
VISUALSTYLE
  5
A1
102
{ACAD_REACTORS
330
99
102
}
330
99
100
AcDbVisualStyle
  2
Hidden
 70
     6
177
     3
291
     0
 70
    58
 90
        1
176
     1
 90
        2
176
     1
 90
        2
176
     1
 90
        0
176
     1
 40
0.6
176
     1
 40
30.0
176
     1
 62
     7
420
 16777215
176
     1
 90
        2
176
     1
 90
        2
176
     1
 62
     7
176
     1
 62
   257
176
     1
 90
        2
176
     1
 90
        1
176
     1
 40
40.0
176
     1
 90
        0
176
     1
 62
   257
176
     1
 40
1.0
176
     1
 90
        1
176
     1
 90
        6
176
     1
 90
        2
176
     1
 62
     7
176
     1
 90
        3
176
     1
 90
        0
176
     1
 90
        0
176
     1
290
     0
176
     1
 90
        1
176
     1
 40
0.0
176
     1
 90
        0
176
     1
290
     0
176
     1
290
     1
176
     1
290
     1
176
     1
290
     0
176
     1
290
     0
176
     1
290
     0
176
     1
290
     0
176
     1
290
     0
176
     1
290
     0
176
     1
 90
       50
176
     1
 40
0.0
176
     1
 40
1.0
176
     1
 90
        0
176
     1
 62
    18
176
     1
 90
       50
176
     1
 90
        3
176
     1
 62
     5
420
      255
176
     1
290
     0
176
     1
 90
       50
176
     1
 90
       50
176
     1
 90
       50
176
     1
290
     0
176
     1
 90
       50
176
     1
 62
   256
176
     0
 40
1.0
176
     0
 90
        2
176
     1
  1
strokes_ogs.tif
176
     1
290
     0
176
     1
 40
1.0
176
     1
 40
1.0
176
     1
  0
VISUALSTYLE
  5
173
102
{ACAD_REACTORS
330
99
102
}
330
99
100
AcDbVisualStyle
  2
JitterOff
 70
    20
177
     3
291
     1
 70
    58
 90
        2
176
     0
 90
        2
176
     0
 90
        0
176
     0
 90
        0
176
     0
 40
0.6
176
     0
 40
30.0
176
     0
 62
     7
420
 16777215
176
     0
 90
        1
176
     0
 90
        4
176
     0
 62
     7
176
     0
 62
   257
176
     0
 90
        1
176
     0
 90
        1
176
     0
 40
1.0
176
     0
 90
       10
176
     2
 62
     7
176
     0
 40
1.0
176
     0
 90
        1
176
     0
 90
        6
176
     0
 90
        2
176
     0
 62
     7
176
     0
 90
        5
176
     0
 90
        0
176
     0
 90
        0
176
     0
290
     0
176
     0
 90
        1
176
     0
 40
0.0
176
     0
 90
        0
176
     0
290
     0
176
     1
290
     1
176
     1
290
     1
176
     1
290
     0
176
     1
290
     0
176
     1
290
     0
176
     1
290
     0
176
     1
290
     0
176
     1
290
     0
176
     1
 90
       50
176
     1
 40
0.0
176
     1
 40
1.0
176
     1
 90
        0
176
     1
 62
    18
176
     1
 90
       50
176
     1
 90
        3
176
     1
 62
     5
420
      255
176
     1
290
     0
176
     1
 90
       50
176
     1
 90
       50
176
     1
 90
       50
176
     1
290
     0
176
     1
 90
       50
176
     1
 62
   256
176
     0
 40
1.0
176
     0
 90
        2
176
     1
  1
strokes_ogs.tif
176
     1
290
     0
176
     1
 40
1.0
176
     1
 40
1.0
176
     1
  0
VISUALSTYLE
  5
A7
102
{ACAD_REACTORS
330
99
102
}
330
99
100
AcDbVisualStyle
  2
Linepattern
 70
    14
177
     3
291
     1
 70
    58
 90
        2
176
     1
 90
        2
176
     1
 90
        1
176
     1
 90
        0
176
     1
 40
0.6
176
     1
 40
30.0
176
     1
 62
     7
420
 16777215
176
     1
 90
        1
176
     1
 90
        4
176
     1
 62
     7
176
     1
 62
   257
176
     1
 90
        7
176
     1
 90
        7
176
     1
 40
1.0
176
     1
 90
        8
176
     1
 62
     7
176
     1
 40
1.0
176
     1
 90
        1
176
     1
 90
        6
176
     1
 90
        2
176
     1
 62
     7
176
     1
 90
        5
176
     1
 90
        0
176
     1
 90
        0
176
     1
290
     0
176
     1
 90
        1
176
     1
 40
0.0
176
     1
 90
        0
176
     1
290
     0
176
     1
290
     1
176
     1
290
     1
176
     1
290
     0
176
     1
290
     0
176
     1
290
     0
176
     1
290
     0
176
     1
290
     0
176
     1
290
     0
176
     1
 90
       50
176
     1
 40
0.0
176
     1
 40
1.0
176
     1
 90
        0
176
     1
 62
    18
176
     1
 90
       50
176
     1
 90
        3
176
     1
 62
     5
420
      255
176
     1
290
     0
176
     1
 90
       50
176
     1
 90
       50
176
     1
 90
       50
176
     1
290
     0
176
     1
 90
       50
176
     1
 62
   256
176
     0
 40
1.0
176
     0
 90
        2
176
     1
  1
strokes_ogs.tif
176
     1
290
     0
176
     1
 40
1.0
176
     1
 40
1.0
176
     1
  0
VISUALSTYLE
  5
174
102
{ACAD_REACTORS
330
99
102
}
330
99
100
AcDbVisualStyle
  2
OverhangOff
 70
    21
177
     3
291
     1
 70
    58
 90
        2
176
     0
 90
        2
176
     0
 90
        0
176
     0
 90
        0
176
     0
 40
0.6
176
     0
 40
30.0
176
     0
 62
     7
420
 16777215
176
     0
 90
        1
176
     0
 90
        4
176
     0
 62
     7
176
     0
 62
   257
176
     0
 90
        1
176
     0
 90
        1
176
     0
 40
1.0
176
     0
 90
        9
176
     2
 62
     7
176
     0
 40
1.0
176
     0
 90
        1
176
     0
 90
        6
176
     0
 90
        2
176
     0
 62
     7
176
     0
 90
        5
176
     0
 90
        0
176
     0
 90
        0
176
     0
290
     0
176
     0
 90
        1
176
     0
 40
0.0
176
     0
 90
        0
176
     0
290
     0
176
     1
290
     1
176
     1
290
     1
176
     1
290
     0
176
     1
290
     0
176
     1
290
     0
176
     1
290
     0
176
     1
290
     0
176
     1
290
     0
176
     1
 90
       50
176
     1
 40
0.0
176
     1
 40
1.0
176
     1
 90
        0
176
     1
 62
    18
176
     1
 90
       50
176
     1
 90
        3
176
     1
 62
     5
420
      255
176
     1
290
     0
176
     1
 90
       50
176
     1
 90
       50
176
     1
 90
       50
176
     1
290
     0
176
     1
 90
       50
176
     1
 62
   256
176
     0
 40
1.0
176
     0
 90
        2
176
     1
  1
strokes_ogs.tif
176
     1
290
     0
176
     1
 40
1.0
176
     1
 40
1.0
176
     1
  0
VISUALSTYLE
  5
A3
102
{ACAD_REACTORS
330
99
102
}
330
99
100
AcDbVisualStyle
  2
Realistic
 70
     8
177
     3
291
     0
 70
    58
 90
        2
176
     1
 90
        3
176
     1
 90
        0
176
     1
 90
        2
176
     1
 40
0.6
176
     1
 40
30.0
176
     1
 62
     7
420
 16777215
176
     1
 90
        0
176
     1
 90
        0
176
     1
 62
     7
176
     1
 62
   257
176
     1
 90
        1
176
     1
 90
        1
176
     1
 40
1.0
176
     1
 90
        8
176
     1
 62
   257
176
     1
 40
1.0
176
     1
 90
        1
176
     1
 90
        6
176
     1
 90
        2
176
     1
 62
     7
176
     1
 90
        3
176
     1
 90
        0
176
     1
 90
        0
176
     1
290
     0
176
     1
 90
       13
176
     1
 40
0.0
176
     1
 90
        0
176
     1
290
     0
176
     1
290
     1
176
     1
290
     1
176
     1
290
     0
176
     1
290
     0
176
     1
290
     0
176
     1
290
     0
176
     1
290
     0
176
     1
290
     0
176
     1
 90
       50
176
     1
 40
0.0
176
     1
 40
1.0
176
     1
 90
        0
176
     1
 62
    18
176
     1
 90
       50
176
     1
 90
        3
176
     1
 62
     5
420
      255
176
     1
290
     0
176
     1
 90
       50
176
     1
 90
       50
176
     1
 90
       50
176
     1
290
     0
176
     1
 90
       50
176
     1
 62
   256
176
     0
 40
1.0
176
     0
 90
        2
176
     1
  1
strokes_ogs.tif
176
     1
290
     0
176
     1
 40
1.0
176
     1
 40
1.0
176
     1
  0
VISUALSTYLE
  5
182
102
{ACAD_REACTORS
330
99
102
}
330
99
100
AcDbVisualStyle
  2
Shaded
 70
    27
177
     3
291
     0
 70
    58
 90
        2
176
     1
 90
        2
176
     1
 90
        1
176
     1
 90
        2
176
     1
 40
0.6
176
     1
 40
30.0
176
     1
 62
     7
420
 16777215
176
     1
 90
        0
176
     1
 90
        4
176
     1
 62
     7
176
     1
 62
   257
176
     1
 90
        1
176
     1
 90
        1
176
     1
 40
1.0
176
     1
 90
        8
176
     1
 62
   257
176
     1
 40
1.0
176
     1
 90
        1
176
     1
 90
        6
176
     1
 90
        2
176
     1
 62
     8
420
  7895160
176
     1
 90
        3
176
     1
 90
        0
176
     1
 90
        0
176
     1
290
     0
176
     1
 90
        5
176
     1
 40
0.0
176
     1
 90
        0
176
     1
290
     0
176
     1
290
     1
176
     1
290
     1
176
     1
290
     0
176
     1
290
     0
176
     1
290
     0
176
     1
290
     0
176
     1
290
     0
176
     1
290
     0
176
     1
 90
       50
176
     1
 40
0.0
176
     1
 40
1.0
176
     1
 90
        0
176
     1
 62
    18
176
     1
 90
       50
176
     1
 90
        3
176
     1
 62
     5
420
      255
176
     1
290
     0
176
     1
 90
       50
176
     1
 90
       50
176
     1
 90
       50
176
     1
290
     0
176
     1
 90
       50
176
     1
 62
   256
176
     0
 40
1.0
176
     0
 90
        2
176
     1
  1
strokes_ogs.tif
176
     1
290
     0
176
     1
 40
1.0
176
     1
 40
1.0
176
     1
  0
VISUALSTYLE
  5
181
102
{ACAD_REACTORS
330
99
102
}
330
99
100
AcDbVisualStyle
  2
Shaded with edges
 70
    26
177
     3
291
     0
 70
    58
 90
        2
176
     1
 90
        2
176
     1
 90
        1
176
     1
 90
        2
176
     1
 40
0.6
176
     1
 40
30.0
176
     1
 62
     7
420
 16777215
176
     1
 90
        1
176
     1
 90
        2
176
     1
 62
     7
176
     1
 62
   257
176
     1
 90
        2
176
     1
 90
        1
176
     1
 40
1.0
176
     1
 90
        8
176
     1
 62
   257
176
     1
 40
1.0
176
     1
 90
        1
176
     1
 90
        6
176
     1
 90
        2
176
     1
 62
     7
176
     1
 90
        3
176
     1
 90
        0
176
     1
 90
        0
176
     1
290
     0
176
     1
 90
        5
176
     1
 40
0.0
176
     1
 90
        0
176
     1
290
     0
176
     1
290
     1
176
     1
290
     1
176
     1
290
     0
176
     1
290
     0
176
     1
290
     0
176
     1
290
     0
176
     1
290
     0
176
     1
290
     0
176
     1
 90
       50
176
     1
 40
0.0
176
     1
 40
1.0
176
     1
 90
        0
176
     1
 62
    18
176
     1
 90
       50
176
     1
 90
        3
176
     1
 62
     5
420
      255
176
     1
290
     0
176
     1
 90
       50
176
     1
 90
       50
176
     1
 90
       50
176
     1
290
     0
176
     1
 90
       50
176
     1
 62
   256
176
     0
 40
1.0
176
     0
 90
        2
176
     1
  1
strokes_ogs.tif
176
     1
290
     0
176
     1
 40
1.0
176
     1
 40
1.0
176
     1
  0
VISUALSTYLE
  5
17E
102
{ACAD_REACTORS
330
99
102
}
330
99
100
AcDbVisualStyle
  2
Shades of Gray
 70
    23
177
     3
291
     0
 70
    58
 90
        2
176
     1
 90
        2
176
     1
 90
        3
176
     1
 90
        0
176
     1
 40
0.6
176
     1
 40
30.0
176
     1
 62
     7
420
 16777215
176
     1
 90
        2
176
     1
 90
        2
176
     1
 62
     7
176
     1
 62
     7
176
     1
 90
        1
176
     1
 90
        1
176
     1
 40
40.0
176
     1
 90
        8
176
     1
 62
     7
176
     1
 40
1.0
176
     1
 90
        1
176
     1
 90
        6
176
     1
 90
        2
176
     1
 62
     7
176
     1
 90
        3
176
     1
 90
        0
176
     1
 90
        0
176
     1
290
     0
176
     1
 90
        1
176
     1
 40
0.0
176
     1
 90
        0
176
     1
290
     0
176
     1
290
     1
176
     1
290
     1
176
     1
290
     0
176
     1
290
     0
176
     1
290
     0
176
     1
290
     0
176
     1
290
     0
176
     1
290
     0
176
     1
 90
       50
176
     1
 40
0.0
176
     1
 40
1.0
176
     1
 90
        0
176
     1
 62
    18
176
     1
 90
       50
176
     1
 90
        3
176
     1
 62
     5
420
      255
176
     1
290
     0
176
     1
 90
       50
176
     1
 90
       50
176
     1
 90
       50
176
     1
290
     0
176
     1
 90
       50
176
     1
 62
   256
176
     0
 40
1.0
176
     0
 90
        2
176
     1
  1
strokes_ogs.tif
176
     1
290
     0
176
     1
 40
1.0
176
     1
 40
1.0
176
     1
  0
VISUALSTYLE
  5
17F
102
{ACAD_REACTORS
330
99
102
}
330
99
100
AcDbVisualStyle
  2
Sketchy
 70
    24
177
     3
291
     0
 70
    58
 90
        1
176
     1
 90
        2
176
     1
 90
        2
176
     1
 90
        0
176
     1
 40
0.6
176
     1
 40
30.0
176
     1
 62
     7
420
 16777215
176
     1
 90
        2
176
     1
 90
        2
176
     1
 62
     7
176
     1
 62
     7
176
     1
 90
        1
176
     1
 90
        1
176
     1
 40
40.0
176
     1
 90
       11
176
     1
 62
     7
176
     1
 40
1.0
176
     1
 90
        1
176
     1
 90
        6
176
     1
 90
        2
176
     1
 62
     7
176
     1
 90
        6
176
     1
 90
        0
176
     1
 90
        0
176
     1
290
     0
176
     1
 90
        1
176
     1
 40
0.0
176
     1
 90
        0
176
     1
290
     0
176
     1
290
     1
176
     1
290
     1
176
     1
290
     0
176
     1
290
     0
176
     1
290
     0
176
     1
290
     0
176
     1
290
     0
176
     1
290
     0
176
     1
 90
       50
176
     1
 40
0.0
176
     1
 40
1.0
176
     1
 90
        0
176
     1
 62
    18
176
     1
 90
       50
176
     1
 90
        3
176
     1
 62
     5
420
      255
176
     1
290
     0
176
     1
 90
       50
176
     1
 90
       50
176
     1
 90
       50
176
     1
290
     0
176
     1
 90
       50
176
     1
 62
   256
176
     0
 40
1.0
176
     0
 90
        2
176
     1
  1
strokes_ogs.tif
176
     1
290
     0
176
     1
 40
1.0
176
     1
 40
1.0
176
     1
  0
VISUALSTYLE
  5
A6
102
{ACAD_REACTORS
330
99
102
}
330
99
100
AcDbVisualStyle
  2
Thicken
 70
    13
177
     3
291
     1
 70
    58
 90
        2
176
     1
 90
        2
176
     1
 90
        1
176
     1
 90
        0
176
     1
 40
0.6
176
     1
 40
30.0
176
     1
 62
     7
420
 16777215
176
     1
 90
        1
176
     1
 90
        4
176
     1
 62
     7
176
     1
 62
   257
176
     1
 90
        1
176
     1
 90
        1
176
     1
 40
1.0
176
     1
 90
       12
176
     1
 62
     7
176
     1
 40
1.0
176
     1
 90
        1
176
     1
 90
        6
176
     1
 90
        2
176
     1
 62
     7
176
     1
 90
        5
176
     1
 90
        0
176
     1
 90
        0
176
     1
290
     0
176
     1
 90
        1
176
     1
 40
0.0
176
     1
 90
        0
176
     1
290
     0
176
     1
290
     1
176
     1
290
     1
176
     1
290
     0
176
     1
290
     0
176
     1
290
     0
176
     1
290
     0
176
     1
290
     0
176
     1
290
     0
176
     1
 90
       50
176
     1
 40
0.0
176
     1
 40
1.0
176
     1
 90
        0
176
     1
 62
    18
176
     1
 90
       50
176
     1
 90
        3
176
     1
 62
     5
420
      255
176
     1
290
     0
176
     1
 90
       50
176
     1
 90
       50
176
     1
 90
       50
176
     1
290
     0
176
     1
 90
       50
176
     1
 62
   256
176
     0
 40
1.0
176
     0
 90
        2
176
     1
  1
strokes_ogs.tif
176
     1
290
     0
176
     1
 40
1.0
176
     1
 40
1.0
176
     1
  0
VISUALSTYLE
  5
A0
102
{ACAD_REACTORS
330
99
102
}
330
99
100
AcDbVisualStyle
  2
Wireframe
 70
     5
177
     3
291
     0
 70
    58
 90
        0
176
     1
 90
        2
176
     1
 90
        0
176
     1
 90
        0
176
     1
 40
0.6
176
     1
 40
30.0
176
     1
 62
     7
420
 16777215
176
     1
 90
        1
176
     1
 90
        4
176
     1
 62
     7
176
     1
 62
   257
176
     1
 90
        1
176
     1
 90
        1
176
     1
 40
1.0
176
     1
 90
        0
176
     1
 62
   257
176
     1
 40
1.0
176
     1
 90
        1
176
     1
 90
        6
176
     1
 90
        2
176
     1
 62
     7
176
     1
 90
        3
176
     1
 90
        0
176
     1
 90
        0
176
     1
290
     0
176
     1
 90
        1
176
     1
 40
0.0
176
     1
 90
        0
176
     1
290
     0
176
     1
290
     1
176
     1
290
     1
176
     1
290
     0
176
     1
290
     0
176
     1
290
     0
176
     1
290
     0
176
     1
290
     0
176
     1
290
     0
176
     1
 90
       50
176
     1
 40
0.0
176
     1
 40
1.0
176
     1
 90
        0
176
     1
 62
    18
176
     1
 90
       50
176
     1
 90
        3
176
     1
 62
     5
420
      255
176
     1
290
     0
176
     1
 90
       50
176
     1
 90
       50
176
     1
 90
       50
176
     1
290
     0
176
     1
 90
       50
176
     1
 62
   256
176
     0
 40
1.0
176
     0
 90
        2
176
     1
  1
strokes_ogs.tif
176
     1
290
     0
176
     1
 40
1.0
176
     1
 40
1.0
176
     1
  0
VISUALSTYLE
  5
180
102
{ACAD_REACTORS
330
99
102
}
330
99
100
AcDbVisualStyle
  2
X-Ray
 70
    25
177
     3
291
     0
 70
    58
 90
        2
176
     1
 90
        2
176
     1
 90
        1
176
     1
 90
        1
176
     1
 40
0.5
176
     1
 40
30.0
176
     1
 62
     7
420
 16777215
176
     1
 90
        1
176
     1
 90
        0
176
     1
 62
     7
176
     1
 62
   257
176
     1
 90
        1
176
     1
 90
        1
176
     1
 40
1.0
176
     1
 90
        8
176
     1
 62
     7
176
     1
 40
1.0
176
     1
 90
        1
176
     1
 90
        6
176
     1
 90
        2
176
     1
 62
     7
176
     1
 90
        3
176
     1
 90
        0
176
     1
 90
        0
176
     1
290
     0
176
     1
 90
       13
176
     1
 40
0.0
176
     1
 90
        0
176
     1
290
     0
176
     1
290
     1
176
     1
290
     1
176
     1
290
     0
176
     1
290
     0
176
     1
290
     0
176
     1
290
     0
176
     1
290
     0
176
     1
290
     0
176
     1
 90
       50
176
     1
 40
0.0
176
     1
 40
1.0
176
     1
 90
        0
176
     1
 62
    18
176
     1
 90
       50
176
     1
 90
        3
176
     1
 62
     5
420
      255
176
     1
290
     0
176
     1
 90
       50
176
     1
 90
       50
176
     1
 90
       50
176
     1
290
     0
176
     1
 90
       50
176
     1
 62
   256
176
     0
 40
1.0
176
     0
 90
        2
176
     1
  1
strokes_ogs.tif
176
     1
290
     0
176
     1
 40
1.0
176
     1
 40
1.0
176
     1
  0
DICTIONARYVAR
  5
F0
102
{ACAD_REACTORS
330
66
102
}
330
66
100
DictionaryVariables
280
     0
  1
1:1
  0
DICTIONARYVAR
  5
EF
102
{ACAD_REACTORS
330
66
102
}
330
66
100
DictionaryVariables
280
     0
  1
STANDARD
  0
DICTIONARYVAR
  5
89
102
{ACAD_REACTORS
330
66
102
}
330
66
100
DictionaryVariables
280
     0
  1
STANDARD
  0
DICTIONARYVAR
  5
1B7
102
{ACAD_REACTORS
330
66
102
}
330
66
100
DictionaryVariables
280
     0
  1
Imperial24
  0
DICTIONARYVAR
  5
1B8
102
{ACAD_REACTORS
330
66
102
}
330
66
100
DictionaryVariables
280
     0
  1
Imperial24
  0
DICTIONARYVAR
  5
67
102
{ACAD_REACTORS
330
66
102
}
330
66
100
DictionaryVariables
280
     0
  1
2
  0
DICTIONARYVAR
  5
6B
102
{ACAD_REACTORS
330
66
102
}
330
66
100
DictionaryVariables
280
     0
  1
1
  0
DICTIONARYVAR
  5
14D
102
{ACAD_REACTORS
330
66
102
}
330
66
100
DictionaryVariables
280
     0
  1
0
  0
DICTIONARYVAR
  5
14E
102
{ACAD_REACTORS
330
66
102
}
330
66
100
DictionaryVariables
280
     0
  1
0
  0
DICTIONARY
  5
194
330
22
100
AcDbDictionary
280
     1
281
     1
  0
DICTIONARY
  5
188
330
97
100
AcDbDictionary
280
     1
281
     1
  3
FBXASSET
360
189
  0
DICTIONARY
  5
186
330
96
100
AcDbDictionary
280
     1
281
     1
  3
FBXASSET
360
187
  0
DICTIONARY
  5
110
330
98
100
AcDbDictionary
280
     1
281
     1
  3
BUMPTILE
360
112
  3
DIFFUSETILE
360
111
  3
FBXASSET
360
18A
  3
OPACITYTILE
360
113
  3
REFLECTIONTILE
360
114
  0
DICTIONARY
  5
104
330
87
100
AcDbDictionary
280
     1
281
     1
  3
ACAD_ROUNDTRIP_2008_TABLESTYLE_CELLSTYLEMAP
360
695
  0
XRECORD
  5
189
102
{ACAD_REACTORS
330
188
102
}
330
188
100
AcDbXrecord
280
     1
 70
     1
 90
429727718
  1
508B35C9-AEE7-456F-BE74-D52651303AC6
310
504B03040A0000080000B670623B3DEE336E79000000790000001B0000006175746F6465736B2D64657369676E2D7061636B6167652E786D6C3C3F786D6C2076657273696F6E3D22312E302220656E636F64696E673D227574662D3822203F3E3C666F726D6174733E3C666F726D61743E687474703A2F2F736368656D612E
310
6175746F6465736B2E636F6D2F64657369676E2D7061636B6167652F323030393C2F666F726D61743E3C2F666F726D6174733E504B0304140006080800B670623BD486FD9CA0000000F4000000130000005B436F6E74656E745F54797065735D2E786D6C7D8EC10E82300C865F65E91D8A1E8C310C0EEA1BF002731658846E
310
D98AC1B77784ABF1D8FE5FBFBF75BBCE937A534CCEB38643598122B6FEE978D0B0485F9C41B54DDD7D022595594E1A469170414C76A4D9A4D207E29CF43ECE46F218070CC6BECC4078ACAA135ACF422C856C0E68EA1BF5669944DDD7BCDE7B1F8E415D77AECB980613C2E4AC91FC167A2B244592486606FC29C8FD7F045B9A
310
EF7053A7E60B504B0304140006080800B670623B28ED286BEB0000007C01000008000000636F72652E786D6C8D90416EC3201045AF82665B6183218D6D61A254764FD00B204C5C94182C03558F5F9C3852BBEB6A467FFE9B197D71FA9E6FE8CBACC17AD7012D0820E3B41FAD9B3A48F1826B40272956EFE32F1B20A766D3C1
310
268314D3EAD3B24BDABB685CCCAAF3A3D94515828980F42D371D04FD696655A814B3235C8B45E9AB9A4C419F5D8653B2237A1CB163DE672FD6AC209BF3C08E0D1B30EB19C3FC9D72FCC6EB231EFA33EDE96BDD341517E5064B11EDFCBCAF57A3A2194156843498524CAA0FCA5B7268F9E185D42D21A2DCEC7FA0B48CFF8492
310
759155FBBB0F2C80A4F991FB408A72CB22977B50B96EB9C91F504B0304140006080800B670623B55019EA25F0000007C00000007000000636E782E786D6C4DCB3B0E80201045D1AD90E915ED2CF8AC45050C11660C8261F98AB1B07AC9C97D42D718D865D3E909258CFD00CCE24AC6E326A164D74DC0B4128928FF32603847
310
2BA13128B1252AC747C6BAB984FC68F0B87FE8960A5C09FE86CFB69FBA01504B0304140006080800B670623B7BC41AC871010000D40300000C0000006662782F636F72652E786D6CC553ED6E8320147D15C2DF4501B56B6D90A64BBB27D80B50A5CE54C120983EFEAE1F4DD7A56BBA5FF3879273EEE59E7310BE393735EA95
310
ED2AA333CC428A91D2B9292A5D66D8BB63B0C26823B835C67D2BC348CB46657880B1E0A535BE9DA1DC68A7B403549B42CDA0EC3AE530CA6B5864B8CB3F552343E91D5474A7B095F949962A6421D0502778E72C0840D390E18DC5F170E664C205F7BE2A66B62A605A75AC94C522DDEEE3651AEF837817C741F2CE92E02D592D
310
83FD6ECB76EC7595A651C2C9D02CB8AB9A8BBADC2AE954814544691A3016D0E883256BBA58278B17BA5A53CAC9507ED3E4DBE2C9265F691747B3DCA9ADC382819091F8E1162272A8933DE82182932144F88C09DF060D8140C84E1EEA8B8F1340BDCA9DB1093085F157AA97B557309586747CD0EF0B4EA64E983A6E0EAEEFCE
310
889E9EF17847386AA94B30211D2C0FDE0D3AF9A4610EAD5536E8DD1969631B593F67E381C33F5157F17725E5A636F6BF1491F980C8FC7B90E13E8A2F504B0304140006080800B670623B70102A487D0000009D0000000B0000006662782F636E782E786D6C4DCCD10A83201886E15B91FFDC95A5C30335ACCDFB886521330D
310
A76397BF1A1DECE883878F57749FD5A3B74D2F17830472A901D9F088930B8B849267CC01754AA418F3DF0D5018572BE160506249B16C274D761E8BCFBB7A179E27F65CB39A0F14D396184C9921B81F34C3ACA1B4B99ABB6E6F062A25AA5F69DF23ACBE504B0304140006080800B670623B3610CA3329010000120200003100
310
00006662782F42384135303843342D343331462D343546312D424341352D3532343432364645413344462F636F72652E786D6C8D515B6EC32010BC0AE22B55850D0E446E848992B43E412FE000495162B07854397EA176A4F62F3F2C9A9D991D58BEBB8F37F0AD7D30CE76905418026DA553C65E3A98E219B510EC04F7CEC5
310
3F3408EC30EA0E16180A7EF12E4D0B249D8DDAC68C5AA7F4020E21E80881BCE54B0783FCD2E3500D296646B856D320AFC34557A4CAEDCC133C449F0380794839A138B47B86DB2345744D7A44594FD0E1B867883594369BFE63BF7EEF793D0B054FC9A8456E548E63CE46FB674D8A58F068C6477CE9F510B582A2C1F80D1182
310
70F349E816B32D65AFB8DD62CCEB42FF274A937A52948C8DEB66893BCB021484D7734370E5D2E9F608A3EF93F3119479ABA0E50B14B8C298119A43CCC4FCFCECB8A18B6388CEE7EF5D5D4F994BD86CBBA182D76543B9FCAE2FD7B24DF103504B0304140006080800B670623B1B8617914E0100003303000030000000666278
310
2F42384135303843342D343331462D343546312D424341352D3532343432364645413344462F636E782E786D6CD593C16EC32010447F0571AD6CE3D489D20813A9877E410FBD62D82434182CC055F3F75D1292E692438FBD206B7698593D61BEFD1E2DF982108D773D6D6B460938E5B571FB9ECE6957AD29D90A1EBC4F7736
310
4A9C1CA1A759A682EF839FA72269D8C9D92654AD71C72206887E0E0A22CAF926B15E498B01E0AA19451807D01A34B919F16B070157417138917400F2F6FA41FCF0092A45DEE414C19BDC21783E4BD39D891265658C3D8DEA00A3ACE59CBC8678ACB54CB26EEB6BD7839D7E9348BE70AD9C8321B9BCA7F9A4A26C542347DEE0
310
50F09802D22BA6749A800A394DD62899107273365E3C82CFC6A55557BC06C10774B7ABE7AEC3B0F34CF06446280E154026D0542C187BA9DAB6628BF7B6DBB0E5A65B3EB1F58631DE64BBE083F7B65CC218087E22CABB042E51D1F2268F1FE12B3EA24D40D63E9CFE00120194D60B9D5BC67FE6D39CDF37E20AF817881F504B
310
0304140006080800B670623BBFEF2E3B690500003C100000340000006662782F42384135303843342D343331462D343546312D424341352D3532343432364645413344462F6F626A656374732E786D6CAD575D739B3814FD2B0CFB0C98D84E931D4227B6938EA793B6534F3BFB90198F0099B001899144EAECAFDF231018B0
310
D37A3FFC609090EEE7B94757C1FB7D915B2F54C88CB31BDB7727B64559CC938CA53776A576CE956DBD0F03C1B9EA2DB32D460A7A63EB693B0C52C1ABD24C257447AA5C8D66EF177F5832A68CDA569C13296F6C193FD182B8A4523CA1F2D94D88226EBADBBBBEDB2C1C8A4D05299F46424B222853B014F30C52ACC6287F389C
310
D85E1878FA7B18E87FB36AFAF62AAFF667A83F635211161F291B8999FAB3D5DDC5FCDA99CF6653677679E13B8BFBC5CAF1DF4D27CBCBE5F2FAF6EE1A8AA51290642C117467871F101B91C581D77CEA2C36869F3229E68CD1B8F61F1ED6361B89092D294B90C78C4A68EB793D190E7D1D9BDEE7A91E1B95FDE9F3BCEAEFE809
310
6A6D6F9F7D4B79F4275C90E7A04248AA51D5C4C738DAE06F72885AC4796EBE65D22A88A22223B995679120E2D50EB1542F098381188D4EA111AE3DB043FF20AF6F2B4AE3D7D83D65E5AECA730D4D3BAC91BD05FEA992B565D95F549CD6069B90AB2A63EACA38A45E4B6A87D781574F86817E4C2FCCC72690D62E2729520E37
310
9BAF234797BAF6D62B3BFC781FED37BA1E4F2B2F052FA9501A3E80569BB8F6A9A364D4FA67654E6F803383981F82F21591FF84F23D9882BC896C3FDBCF8C162508933B2E0AE4C69DD43F6BD2BE38DDDBF10BF86CB4FA784D37F3AF16075E67EC9030DECA1FC0A55373F5DFF3378C591FA9BDF485C10B0A8C8BA909E5262639
310
A8E72163488806A595734C81CB77D1DE0ED7604A303B76913CEC0272F412782FF88EFF4636D8AA56DF7B322474C4B767303F625997056C7B032C473C592B36CEBD15F3F9FF5233B7ABCDC74D257624A60F8658567497B14CE1EC3C80B76FD02011038F9EE9EB0F2E12387A9C844D3F09855125116D1D731DF8B43D2CF4E0A0
310
79A020C6BE946BCE0B7EA1E1219331CD73C228AF5A2DDD31A4B1DA918CE91350854D40A71723140BFA92E94E62B0626016CEFA5864A50E5977E8753CEDBEE1CBB7F52780D20E17AF0BA0F5F9B02A3AD07DCC732EB6D1EBB661421BE0C39E21BABF0FE16D22EA6929407C8DE596724C88B749B6DB5512BC7B228ADFD7CB7EA6
310
3A22397E690BA8D5D8D4E40CEC8CDA23C2C0B7D5898640101CEC9C6D331CE328CB93CAFBBAC70A642DF70DF95155945B52F08AA973C23469FD69ADEF84F7BB18F983A8F8C90E37F5D35980B2139A1C523540813E824EF83448CF7C72B598CE97D7CEEDDDDD3B6736BFBC771677EF66CE6A7E7139F7A793E9EDF2B2B3A8B624
310
0CDA13AA5F8388264EC4A0129909F3B7F5A16CEDF08128E97D680ACA4B9BE7B7B58BB638F0B00700EF36AE8B32A705658A68F83EE897FC2B41573190D1CCAF0B92D233A47CFEB019D9809933F67DD1A5467F8CF69AD9A5AE859342D45355448C64F968A371DC2D596ADC6E43D93D1B466F877A64E2893E54F23C4B40388995
310
525E5005DA3983ED45412510D3EFCA13737B3863F74BD30F2A12E5B4B5E489A025CE25500DB855B11ACE5BBFA185D35DD48D8DC3CE7DC69F2944DB42AA6F6CF09BCA622ADD08C7A36E7C6AE18000BAB08E040135C2D21C9D75B3A91B77BB746C403F38018DFE6EC939DD92F16B40BC05294B9CDA035AAD6D330AE27FE4786B
310
8E45145EA34A75BE1C263A676A35A8ACC6297337400BF16C54EF515F3F77CB77EB3583889C754FFA29081AA98E2222ADEF05DA3E63D2EDEA8B8756C05A7FB6CABC4A91CBF325398202CC952E70A008A830324BA200D5E5EF8F5F04C75DB4B0EE3340E071C98B823333B83577596BF3849B69F2085AA0FAFA212F26BEFF5877
310
FDE622B28D88A42E49E43326DA82D31E8CB006401E1DA726059ECEC168F97A6599036306A135688F9AD2E61A6EA178F4CD51974A9F2CCB9F36FE5EBD14601068D9C3BF01504B0304140006080000B670623B000000000000000000000000350000006662782F42384135303843342D343331462D343546312D424341352D35
310
32343432364645413344462F76657274696365732E62696E504B0304140006080800B670623BF270F1330600000004000000360000006662782F42384135303843342D343331462D343546312D424341352D3532343432364645413344462F747269616E676C65732E62696E636660600000504B0304140006080000B67062
310
3B000000000000000000000000370000006662782F42384135303843342D343331462D343546312D424341352D3532343432364645413344462F617474726962757465732E62696E504B0304140006080800B670623B08DA0BD19000000041010000360000006662782F42384135303843342D343331462D343546312D4243
310
41352D3532343432364645413344462F6469726563746F72792E786D6C858F410AC3201045AF22B36F53E9A60B35CBEEBAE80D244E44489C6234F4F835464A48035D0DF398FF9F8AF63D0E6CC63039F212F8F9020C7D47C6792B21C5FE7403D62A1188E2E60C98D7234A5830286103A55745067B9D86B8A3CF9C7F90C11DE6
310
07FB144396D7B6A82D282E9A152AD114D5EF2CB866EEE831B8EEA07A7BB5A8D7D61A2BAAEB7FD5F70921FF497D00504B0304140006080800B670623B3B4606F3FE000000A00100003B0000006662782F42384135303843342D343331462D343546312D424341352D3532343432364645413344462F7265736F75726365732F
310
636F72652E786D6C8D504B6E833010BD0A9A6D65B08134808CA354A427E8052C332156828DFCA97AFC9A40A576D7CDCCE87D344F8F9FBEE647F689CE6B6B7A6039850C8DB2A336530F315C4903D94970676DF82583CCC8197B5861107C72362E3BA4AC096842428D1D7107A5F71820538F74F4E0D50D6799CB1892C2DFF345
310
AABB9C306779A2934E701F5C0A906D4FD609C2A1B7D129F4BCD858C163D4E3AED163FAA9AF1A1D88F67CA98E6D35906AA82A52BFB39ABCD5CD915C86331BD86BD3B665CD8BD52C78D0F34F46E550061C419494B6843142CB0F5677F4D0D58717DA7494F26295FF31C565FCA7296A13AA728FBBD93C0896823C09C18BB5AFB4
310
9E65A6BD762BBE01504B010214000A0000080000B670623B3DEE336E79000000790000001B00000000000000000000000000000000006175746F6465736B2D64657369676E2D7061636B6167652E786D6C504B01021400140006080800B670623BD486FD9CA0000000F40000001300000000000000000000000000B2000000
310
5B436F6E74656E745F54797065735D2E786D6C504B01021400140006080800B670623B28ED286BEB0000007C010000080000000000000000000000000083010000636F72652E786D6C504B01021400140006080800B670623B55019EA25F0000007C000000070000000000000000000000000094020000636E782E786D6C50
310
4B01021400140006080800B670623B7BC41AC871010000D40300000C00000000000000000000000000180300006662782F636F72652E786D6C504B01021400140006080800B670623B70102A487D0000009D0000000B00000000000000000000000000B30400006662782F636E782E786D6C504B01021400140006080800B6
310
70623B3610CA3329010000120200003100000000000000000000000000590500006662782F42384135303843342D343331462D343546312D424341352D3532343432364645413344462F636F72652E786D6C504B01021400140006080800B670623B1B8617914E010000330300003000000000000000000000000000D10600
310
006662782F42384135303843342D343331462D343546312D424341352D3532343432364645413344462F636E782E786D6C504B01021400140006080800B670623BBFEF2E3B690500003C10000034000000000000000000000000006D0800006662782F42384135303843342D343331462D343546312D424341352D35323434
310
32364645413344462F6F626A656374732E786D6C504B01021400140006080000B670623B0000000000000000000000003500000000000000000000000000280E00006662782F42384135303843342D343331462D343546312D424341352D3532343432364645413344462F76657274696365732E62696E504B010214001400
310
06080800B670623BF270F133060000000400000036000000000000000000000000007B0E00006662782F42384135303843342D343331462D343546312D424341352D3532343432364645413344462F747269616E676C65732E62696E504B01021400140006080000B670623B00000000000000000000000037000000000000
310
00000000000000D50E00006662782F42384135303843342D343331462D343546312D424341352D3532343432364645413344462F617474726962757465732E62696E504B01021400140006080800B670623B08DA0BD1900000004101000036000000000000000000000000002A0F00006662782F42384135303843342D3433
310
31462D343546312D424341352D3532343432364645413344462F6469726563746F72792E786D6C504B01021400140006080800B670623B3B4606F3FE000000A00100003B000000000000000000000000000E1000006662782F42384135303843342D343331462D343546312D424341352D3532343432364645413344462F72
310
65736F75726365732F636F72652E786D6C504B0506000000000E000E0080040000651100000000
  0
XRECORD
  5
187
102
{ACAD_REACTORS
330
186
102
}
330
186
100
AcDbXrecord
280
     1
 70
     1
 90
429727718
  1
887D55A9-D0DD-414E-B741-A7DCD4DA2B4C
310
504B03040A0000080000B670623B3DEE336E79000000790000001B0000006175746F6465736B2D64657369676E2D7061636B6167652E786D6C3C3F786D6C2076657273696F6E3D22312E302220656E636F64696E673D227574662D3822203F3E3C666F726D6174733E3C666F726D61743E687474703A2F2F736368656D612E
310
6175746F6465736B2E636F6D2F64657369676E2D7061636B6167652F323030393C2F666F726D61743E3C2F666F726D6174733E504B0304140006080800B670623BD486FD9CA0000000F4000000130000005B436F6E74656E745F54797065735D2E786D6C7D8EC10E82300C865F65E91D8A1E8C310C0EEA1BF002731658846E
310
D98AC1B77784ABF1D8FE5FBFBF75BBCE937A534CCEB38643598122B6FEE978D0B0485F9C41B54DDD7D022595594E1A469170414C76A4D9A4D207E29CF43ECE46F218070CC6BECC4078ACAA135ACF422C856C0E68EA1BF5669944DDD7BCDE7B1F8E415D77AECB980613C2E4AC91FC167A2B244592486606FC29C8FD7F045B9A
310
EF7053A7E60B504B0304140006080800B670623BBC1638F5EC0000007C01000008000000636F72652E786D6C8D90416EC3201045AF82665B61836BE2D8C24471DB9CA01740401C94182C03558F5F9C3852BBEB6A467FFE9B197D7EF89E6EE8CB2CC17AD7032D0820E394D7D68D3DA478C67B4007C117EFE32F1B202727D3C3
310
2A83E0E3E2D3BC49CABB685CCCAAF3DA6CA20CC14440EA969B1E82BA98491632C5EC08D76296EA2A4753D06797E194AC468F2356E77DF66CCD02825543D50CACC62D39ED70FDC68EB8FD68F6F8787A6784342D1DDA1D2F5758F068A7E77DB518198D065111D2624A31A93E69DD11D6D5EC85EC3B4278B9DAFF4069D6FF8492
310
75F1B5DADE7D600104CD8FDC0782976B16B9DC83CA75CD4DFC00504B0304140006080800B670623B55019EA25F0000007C00000007000000636E782E786D6C4DCB3B0E80201045D1AD90E915ED2CF8AC45050C11660C8261F98AB1B07AC9C97D42D718D865D3E909258CFD00CCE24AC6E326A164D74DC0B4128928FF326038
310
472BA13128B1252AC747C6BAB984FC68F0B87FE8960A5C09FE86CFB69FBA01504B0304140006080800B670623B3586FFB671010000D40300000C0000006662782F636F72652E786D6CC553ED6E8320147D15C2DF4541A76D6D90A6DDD627D80B50A4CE54C120983EFEAE1F4DD7A55BBA5FF3879273EEE59E7310B6393735EA
310
95ED2AA3731C851423A5A5292A5DE6D8BB63B0C268C39935C67D29C3488B46E578803167A535BE9D2169B453DA01AA4DA16650749D7218C91A1639EEE4876A4428BC838AEE14B6429E44A9C228041AEA38EB9C0501681A32BC313F1ECE8C4C3867DE57C5CC56054CAB8E95B298A7F12E5EEED224C8E87E11242FE936C8DE96
310
AB60BB7F4D295D66D12E5B30323473E6AAE6A24E5A259C2A308F29CD82280A68FC1E256B9AAE93F489AED694323294DF34F9B678B0C957DA3DC7B3DCA9ADC33C022123F1CD2D44E450277AD04338234388F01913BE0D1A0281909D38D4171F27807A259DB1093085F157AA17B557309586747CD0CF0B46A64E983A6E0EAEEF
310
CE881F9EF1FB8E70D44297604238581EBC1B74B249C31C5AAB6CD0BB33D2C636A27ECCC62F0EFF445DC5DF95244D6DEC7F2922F30191F9F720C37DE49F504B0304140006080800B670623B4220A0FF7D0000009D0000000B0000006662782F636E782E786D6C4DCCD10A83201886E15B91FFDCE542CB0335D0EC3E6259C84A
310
C3E9D8E5AF46073BFAE0E1E315DD675BD1DBA5978F41C2FD4600B9F088930F8B849267CC01754AA418F3DF0D50183727E164506249B1EC174D6E1ECB9A0F5D7D785E68DB8151CD286E5A5363CA6B8A39E90D36D40E96B086F55A43A544F52B1D7B86D517504B0304140006080800B670623B2FA3FEDE290100001202000031
310
0000006662782F45374635344235342D363743322D343832342D383044432D4334454645303536354442422F636F72652E786D6C8D515B6EC32010BC0AE22B55850D2E386E848994D7097A0117488A1283C5A3CAF10BB523B57FF961D1ECCCECC0F2ED7DBC816FED8371B687A4C210682B9D32F6D2C314CFA883602BB8772E
310
FEA141608751F7B0C050F08B77695A20E96CD43666D43AA5177008414708E42D5F7A18E4971E876A483133C2B59A06791D2EBA22556E679EE021FA1C00CC43CA09C5717D6274C7286AD7FB06D1AEA1A8C3873DDAD3E3E98859CB0EBB1DAF67A1E02919B5C88DCA71CCD968FFAC49110B1ECDF8882FBD1EA256503418BF2342
310
106E3E08DD60B6A1EC15771B8C795DE8FF4469524F8A92B1F1AD59E2CEB20005E1F5DC105CB9F4797B84D1F7C9F908CABC55D0F2050A5C61CC1AD2F27A26E6E767C7962E8E213A9FBF7775FDCC5CC266DB960A5E970DE5F2BBBE5CCB36C50F504B0304140006080800B670623B1B8617914E01000033030000300000006662
310
782F45374635344235342D363743322D343832342D383044432D4334454645303536354442422F636E782E786D6CD593C16EC32010447F0571AD6CE3D489D20813A9877E410FBD62D82434182CC055F3F75D1292E692438FBD206B7698593D61BEFD1E2DF982108D773D6D6B460938E5B571FB9ECE6957AD29D90A1EBC4F77
310
364A9C1CA1A759A682EF839FA72269D8C9D92654AD71C72206887E0E0A22CAF926B15E498B01E0AA19451807D01A34B919F16B070157417138917400F2F6FA41FCF0092A45DEE414C19BDC21783E4BD39D891265658C3D8DEA00A3ACE59CBC8678ACB54CB26EEB6BD7839D7E9348BE70AD9C8321B9BCA7F9A4A26C542347DE
310
E050F09802D22BA6749A800A394DD62899107273365E3C82CFC6A55557BC06C10774B7ABE7AEC3B0F34CF06446280E154026D0542C187BA9DAB6628BF7B6DBB0E5A65B3EB1F58631DE64BBE083F7B65CC218087E22CABB042E51D1F2268F1FE12B3EA24D40D63E9CFE00120194D60B9D5BC67FE6D39CDF37E20AF817881F50
310
4B0304140006080800B670623B29652116630500003C100000340000006662782F45374635344235342D363743322D343832342D383044432D4334454645303536354442422F6F626A656374732E786D6CAD575D739B3814FD2B0CFB0C989834C90EA1639B24E3E9A6EDD4D3CE3E64C623834CD8006224913AFDF57B040203
310
B65BEF871F0C12D2FD3CF7E8CA7FBFCB33E3957291B2E2D674ED8969D02262715A24B76625B7D6B569BC0F7CCE98EC2D338D82E4F4D654D366E0279C55A59E8AE99654991CCDDECFFF3444440B6A1A514684B83545F44C7362934AB2988A173B2692D8C97667BB76B3702836E1A47C1E092D09A78584A5982F20C5688C7287
310
C389E904BEA3BE07BEFAD7ABA6A75739B53F43FD69212429A20365233153D70BEF2E2E6FAC4BCF9B5ADEBB0BD79ADFCF43CBBD9A4E16EF168B9BD9DD0D140BC921495BC2E9D60C1E101B9E46BED37CEA2CD6861F3329624541A3DA7F7858DBAC25C6B4A4458C3CA654405BCFEBC970E8AAD8F43E4FD558ABEC4F9FE7557F47
310
4F506B7BFBEC5BCA367FC105710E2AB8A00A554D7CB4A30DFE26FBA86D18CBF4B75418399194A72433B274C3097F33032C554B027F2046A1932B842B0FCCC0DDCBEBDB8AD2F835768F59B9ADB24C41D30C6A64AF817F2A456D59FA83F2E3DA60137255A585BCD60EC9B7929AC18DEFD49381AF1ED30BFDB109A4B1CD488294
310
C3CDE6EBC8D185AABD6568061FEE37BB95AAC7E3CA4BCE4ACAA5820FA0D526AE7DAA2869B5EE5999531BE0CC20E6FBA07C41E43FA27CF7A6206F3CDD793B4F6B919C1462CB788EDCD893FA674CDA17AB7B3B7C019F8D561FAEE966FED562DFE98C1D12C6A9FC015C2A35D7FF3D7FC398F591DA4B5FE0BFA2C0189FEA50AE22
310
92817A1ED3020951A03432862970F976B33383259812CC8E5D240BBA801CBCF8CE2BBEE3BF910DB6AAD5F79E05123AE2DB33981FB1ACCB02B69D00CB014FD68AB573A7627EF9BFD4CC2C5C7D58557C4B22FAA88925A4DBB44825CECE3D78FB060D1231F0E885BE7D673C86A3874958F593906B5502D1563157814FDAC3420D
310
F69A070A22EC4B98E23CFF171A1E5311D12C23056555ABA53B8614563B92D17D02AAB009E8F46284624E5F53D5490C560CCCC2591FF1B45421EB0EBD8EA7ED13BE7C5D7E0428CD60FEF60779EB13E6664FF711CB185F6FDED60D139A001FF60CD1FD6D086F1D51474901E26B2CB794A343BC8ED3EDB612E0DD2351FCB65CF4
310
33D511C9E14B5B40ADC6A6263DB0336A8F700DDF56271A024E70B0B3629DE21847591E55DED73D56206AB927E46FAABC5C939C55853C274C93D69FD6FA4E78BF8B11DF898C9ECD60553FAD39283BA6F18984AA23E8884F83F45C5F5F859797B31B2B9C84A1E5B9DE9D35BFF25C6B76152E422F9C5DCC3D847F5801ED09D5AF
310
41441327A25FF15487F9EB725FB666F048A4701E9A827292E6F97569A32DF61DEC01C0BB8DCBBCCC684E0B49147C1FD54BF685A0AB18C868E6973949E819523E3DAC463660E68C7D9F55A9D1EFA3BD7A76A16AE1A810F95CE59B82A4D968A376DC2E8B44BBDD86B27B368CDE0ED548C7137DA860591A83706223A12CA712B4
310
7306DBF39C0A20A6DF95C7FAF670C6EED7A61F946493D1D6926782963813403548A78AE470DEF80D2D9CEAA26E4D1C76F60BFE74219A06527D6B82DF641A51616F703CAAC6A7160E08A00BEB4810A0274592A1B36E3675E36E978A0DE80727A0D6DF2D39A75BD27E0D8837276589537B40ABB56D5A41F48F1C6FCD3188C4EB
310
A6929D2FFB89CE995A4D00AE813BDD032DC48B56BD437DFDDC2DD7AED70C2272D63DE9A72068A45A92F0A4BE17A8A06B9366E16707AD80B1FC649459952097E74BB23805982B55E0401150A165964402AA8BDF9F3E7386BB686EDCA780C0D382E5392BF460A6EFB2C6EA1937D3F809B440D5F5435C4C5CF7A9EEFAF54564BD
310
2182DA24162F98680B4E7930C21A0079709CEAEB99A372305ABE0C0D7D6078105A83F6A0296DAEE1068A47DD1C55A9F4C9B2FC69E3EFD44B81028E963DF81B504B0304140006080000B670623B000000000000000000000000350000006662782F45374635344235342D363743322D343832342D383044432D433445464530
310
3536354442422F76657274696365732E62696E504B0304140006080800B670623BF270F1330600000004000000360000006662782F45374635344235342D363743322D343832342D383044432D4334454645303536354442422F747269616E676C65732E62696E636660600000504B0304140006080000B670623B00000000
310
0000000000000000370000006662782F45374635344235342D363743322D343832342D383044432D4334454645303536354442422F617474726962757465732E62696E504B0304140006080800B670623B08DA0BD19000000041010000360000006662782F45374635344235342D363743322D343832342D383044432D4334
310
454645303536354442422F6469726563746F72792E786D6C858F410AC3201045AF22B36F53E9A60B35CBEEBAE80D244E44489C6234F4F835464A48035D0DF398FF9F8AF63D0E6CC63039F212F8F9020C7D47C6792B21C5FE7403D62A1188E2E60C98D7234A5830286103A55745067B9D86B8A3CF9C7F90C11DE607FB144396
310
D7B6A82D282E9A152AD114D5EF2CB866EEE831B8EEA07A7BB5A8D7D61A2BAAEB7FD5F70921FF497D00504B0304140006080800B670623B6378F24DFF000000A00100003B0000006662782F45374635344235342D363743322D343832342D383044432D4334454645303536354442422F7265736F75726365732F636F72652E
310
786D6C8D504B6E833010BD0A9A6D65B0094E42641C85B639412F6099496225D8C89FAAC7AF09546A77DDCC8CDE47F3F4C4F16B7C149FE88371B603565228D06A37187BED20C50BD9437194C23B177FC9A0B06AC40E6618A4B87A97A615D2CE46B431A3D60DB8822A048C50E8473E3A08FA86A32A558A5911EEE5A4F45D5DB1
310
6465A6B34E8A107D0E502C4FE609D26370C96B0CA25A58295232C3AA3143FE692E063D485EF7F5AEE71BD2D2F39634AFFC44DAF7DD9E9CCE6F9CD25DCBFA762BAAD92C4534E34F46ED51451C40D694B6843142EB0FD61C283F34FC85EE0F948A6A96FF31A569F8A729191B37F51A77B105902C0779125254735F793DCBCC7B
310
EE567E03504B010214000A0000080000B670623B3DEE336E79000000790000001B00000000000000000000000000000000006175746F6465736B2D64657369676E2D7061636B6167652E786D6C504B01021400140006080800B670623BD486FD9CA0000000F40000001300000000000000000000000000B20000005B436F6E
310
74656E745F54797065735D2E786D6C504B01021400140006080800B670623BBC1638F5EC0000007C010000080000000000000000000000000083010000636F72652E786D6C504B01021400140006080800B670623B55019EA25F0000007C000000070000000000000000000000000095020000636E782E786D6C504B010214
310
00140006080800B670623B3586FFB671010000D40300000C00000000000000000000000000190300006662782F636F72652E786D6C504B01021400140006080800B670623B4220A0FF7D0000009D0000000B00000000000000000000000000B40400006662782F636E782E786D6C504B01021400140006080800B670623B2F
310
A3FEDE290100001202000031000000000000000000000000005A0500006662782F45374635344235342D363743322D343832342D383044432D4334454645303536354442422F636F72652E786D6C504B01021400140006080800B670623B1B8617914E010000330300003000000000000000000000000000D2060000666278
310
2F45374635344235342D363743322D343832342D383044432D4334454645303536354442422F636E782E786D6C504B01021400140006080800B670623B29652116630500003C10000034000000000000000000000000006E0800006662782F45374635344235342D363743322D343832342D383044432D4334454645303536
310
354442422F6F626A656374732E786D6C504B01021400140006080000B670623B0000000000000000000000003500000000000000000000000000230E00006662782F45374635344235342D363743322D343832342D383044432D4334454645303536354442422F76657274696365732E62696E504B01021400140006080800
310
B670623BF270F13306000000040000003600000000000000000000000000760E00006662782F45374635344235342D363743322D343832342D383044432D4334454645303536354442422F747269616E676C65732E62696E504B01021400140006080000B670623B0000000000000000000000003700000000000000000000
310
000000D00E00006662782F45374635344235342D363743322D343832342D383044432D4334454645303536354442422F617474726962757465732E62696E504B01021400140006080800B670623B08DA0BD190000000410100003600000000000000000000000000250F00006662782F45374635344235342D363743322D34
310
3832342D383044432D4334454645303536354442422F6469726563746F72792E786D6C504B01021400140006080800B670623B6378F24DFF000000A00100003B00000000000000000000000000091000006662782F45374635344235342D363743322D343832342D383044432D4334454645303536354442422F7265736F75
310
726365732F636F72652E786D6C504B0506000000000E000E0080040000611100000000
  0
XRECORD
  5
112
102
{ACAD_REACTORS
330
110
102
}
330
110
100
AcDbXrecord
280
     1
270
     1
271
     1
  0
XRECORD
  5
111
102
{ACAD_REACTORS
330
110
102
}
330
110
100
AcDbXrecord
280
     1
270
     1
271
     1
  0
XRECORD
  5
18A
102
{ACAD_REACTORS
330
110
102
}
330
110
100
AcDbXrecord
280
     1
 70
     0
 90
1778669749
  1
9BF507EE-FAF7-4A99-A33D-4EE51894BC40
310
504B03040A0000080000B670623B3DEE336E79000000790000001B0000006175746F6465736B2D64657369676E2D7061636B6167652E786D6C3C3F786D6C2076657273696F6E3D22312E302220656E636F64696E673D227574662D3822203F3E3C666F726D6174733E3C666F726D61743E687474703A2F2F736368656D612E
310
6175746F6465736B2E636F6D2F64657369676E2D7061636B6167652F323030393C2F666F726D61743E3C2F666F726D6174733E504B0304140006080800B670623BD486FD9CA0000000F4000000130000005B436F6E74656E745F54797065735D2E786D6C7D8EC10E82300C865F65E91D8A1E8C310C0EEA1BF002731658846E
310
D98AC1B77784ABF1D8FE5FBFBF75BBCE937A534CCEB38643598122B6FEE978D0B0485F9C41B54DDD7D022595594E1A469170414C76A4D9A4D207E29CF43ECE46F218070CC6BECC4078ACAA135ACF422C856C0E68EA1BF5669944DDD7BCDE7B1F8E415D77AECB980613C2E4AC91FC167A2B244592486606FC29C8FD7F045B9A
310
EF7053A7E60B504B0304140006080800B670623BCA089DFFEC0000007C01000008000000636F72652E786D6C8D90416E83301045AF62CDB632D8402020E32882F604BD80653BC44AB011B6AB1EBF262152BBEB6A467FFE9B197D76FA9EEFE84BAFDE38DB03CD08206DA553C64E3DC470C1474027CE56E7C22F1B202B66DDC3
310
260367D3EAE2B24BD2D9A06D48AA754AEFA2F05E0740F29E9A1EBCBCEA59642286E4F0B76C11F226269DD15797E0188D42CF2346A57DE662F40ABCAEC77628C6120F654571D50C04B7F5B9C1E3997CD4F550BE3745C3F20DE62C98F9755FAE5A04AD801784B498524C8A4F5A75E4D055873772EC0861F966FF03C545FD138A
310
C686B2D8DF7D621E384D8F3C069CE55B16A93C824A75CB8DFF00504B0304140006080800B670623B55019EA25F0000007C00000007000000636E782E786D6C4DCB3B0E80201045D1AD90E915ED2CF8AC45050C11660C8261F98AB1B07AC9C97D42D718D865D3E909258CFD00CCE24AC6E326A164D74DC0B4128928FF326038
310
472BA13128B1252AC747C6BAB984FC68F0B87FE8960A5C09FE86CFB69FBA01504B0304140006080800B670623B68FC0B7272010000D40300000C0000006662782F636F72652E786D6CC5535B6E833010BC8AE5DF0A6C1E8124328E22D29EA01770C0A128602363A31CBFCB234A53A555FA553EC09AD9F5CE8C31DB5DDA060D
310
D2F4B556190E7C8A9154852E6B5565D8D993B7C668C799D1DA7E29C3488956667884316795D1AE5BA0422B2B950554E9522EA0E87B69312A1A5864B82F3E642B7CE12C54F467BF13C55954D20F7CA0A18EB3DE1A1080E621E31BF3D3F1C2C88C73E65C5D2E6C5DC2B4FA544B8379921C36797888BC3C8A032F4E73EA6D927D
310
EA1DF6F42D49F2E8350D5346C666CE6CDD5ED515460A2B4BCC434A375E1078347C0FE22D5D6DE3D50B5D6F2965642CBF6B725DF96493AB958DC245EEDCD6631E809089F8E61622B2A81703E8219C913144F84C09DF070D8140C8561C9BAB8F3340832CAC363130A576376A108D933095FA747AD0CF0B46E64E983A6D0EAE1F
310
CE089F9EF1FB8E70D44255604258581E9D1D75B259C3125A278D37D80B52DAB4A279CEC62F0EFF44DDC43F9454E8469BFF5244960322CBEF41C6FBC83F01504B0304140006080800B670623B0F71DDB67E0000009D0000000B0000006662782F636E782E786D6C4DCCD10A83201886E15B91FFDCA54DB73F502386BB8F5816
310
32D3703976F9ABD1C18E3E78F87855FB990379BBFCF2296AE02706C4C5471A7C9C349475A408A4352AA7B4FEDD80C47E761A7606A3A69CCA72D0E0C6BE8475D3E0E3F3409428EA6B27A84079A782899AA2EC1A7AE3ECCC2FD858CB2D544655BFD2B67BD87C01504B0304140006080800B670623BE134B4FB28010000120200
310
00310000006662782F38353834323741342D343835462D343034322D383541392D4331303331363839454531452F636F72652E786D6C8D515B6EC32010BC0AE22B55850D0EA424C24451959EA0172086A42831583CAA1CBF503B52FB971F16CDCECC0EACD8DFC71BF836215AEF7A481A0C817183D7D65D7A98D3197108F652
310
04EFD31F1A044E8DA6871586525C82CFD3020DDE25E352419DD76601558C264130DCCAA58771F832A36A544E8511AFCDA486ABBA988634A55D7852C4144A00300FA927949C71DABD1D28A29C7D208A6987383B6CD13BC16BB2E1DBE3911C453B0BA5C8D9EA456E758963CFD684674DAA588A64C747FC2118958C86B2C3788B
310
0841B8FB247487D98EB257CC77188BB6D2FF89F2A49F1465EBD2BA5BE2CEB2082511EDDC9042FB7CBA3DC298FBE4430275DE2A9AE1054ADC60CC08E3A29D89E5F9C5714317C7987C28DFBBBA9E0A97B0D97643A568EB864AF95D5FA9759BF207504B0304140006080800B670623B1B8617914E010000330300003000000066
310
62782F38353834323741342D343835462D343034322D383541392D4331303331363839454531452F636E782E786D6CD593C16EC32010447F0571AD6CE3D489D20813A9877E410FBD62D82434182CC055F3F75D1292E692438FBD206B7698593D61BEFD1E2DF982108D773D6D6B460938E5B571FB9ECE6957AD29D90A1EBC4F
310
77364A9C1CA1A759A682EF839FA72269D8C9D92654AD71C72206887E0E0A22CAF926B15E498B01E0AA19451807D01A34B919F16B070157417138917400F2F6FA41FCF0092A45DEE414C19BDC21783E4BD39D891265658C3D8DEA00A3ACE59CBC8678ACB54CB26EEB6BD7839D7E9348BE70AD9C8321B9BCA7F9A4A26C542347
310
DEE050F09802D22BA6749A800A394DD62899107273365E3C82CFC6A55557BC06C10774B7ABE7AEC3B0F34CF06446280E154026D0542C187BA9DAB6628BF7B6DBB0E5A65B3EB1F58631DE64BBE083F7B65CC218087E22CABB042E51D1F2268F1FE12B3EA24D40D63E9CFE00120194D60B9D5BC67FE6D39CDF37E20AF817881F
310
504B0304140006080800B670623B5933D422630500003B100000340000006662782F38353834323741342D343835462D343034322D383541392D4331303331363839454531452F6F626A656374732E786D6CAD575B6FA33814FE2B887D0642934E9B156594264D158D3A534DD4D13E548A0C38942D60649B4EBABF7E3F8321
310
40924EF6928780CDF1B97EE762EFF32E4B8D37CA45C2F21BD3B547A641F39045491EDF98A5DC5AD7A6F1D9F73863B243661A39C9E88DA9B64DDF8B392B0BBD15D12D295339D85DDEFE618890E6D434C2940871638AF08566C426A5641115AF764424B1E3EDCE76ED9AB0CF36E6A47819302D08A7B984A6D8CFC1C5A89572FB
310
CB91E9F89EA3BEFB9EFAD754E3D3544E654F5F7E920B49F2F040D880CDD89D2CEE2E2EA7D6E56432B6269F2E5CEB7679BBB0DCABF168FE693E9FCEEEA6102C240727AD09A75BD3BF876F78127A4EFDA9D5582B7E4CA590E5390D2BFB6161A5B3E618D182E611E2985001691DAB47FDA5AB7CD3F93C566B2DB2BB7D9E55DD13
310
1D468DEECDB3AB290BFE8409E21C54704115AA6AFF68436BFC8DF65E0B184BF5B74418199194272435D224E084BF9B3E481589EFF5D828747285706581E9BB7B7E5D5D911ABFC6EE312DB7659A2A689A7E85EC0DF04FA5A8344BFEA2FCB834E8845895492EAFB541F2BDA0A63FF59C6AD3F7D4637CA13FD68E34B629891172
310
98597F1D183A57B9B75A98FE9765B05BAB7C3C2EBCE0ACA05C2AF8005A4DE09AA7F29216EB9E15397500C6F47CBE77CA7778FE2BD277AF0AE2C693DD6437D1522427B9D8329E2136F6A8FA19A3E6C56ADF0E5F50CF06D48734EDCEBF22F69C56D97EC138153F804B85E6FABFC7AFEFB32E523BE1F3BD372418E363EDCA7548
310
52949E8724474014288D94610BB57C1BEC4C7F854A89CA8E5324F55B871CBC78CE1BBEE3BFE68D6A5589EF3C730474506FCFA8FCF0659516D0ED04580EEA6425581B77CAE797FF4BCECC16EB2FEB926F49481F746159D06D922712BD730FDEAE42BD40F42C7AA5EF3F198F60E86110D6DD20645A9480B795CF95E3E3A659A8
310
C55E724F408873315335CFFB8584874484344D494E59D94869DB90C26A5B64F49C802CAC1D3ABE18A098D3B7444D123D8A9E5AE8F5214F0AE5B2B6E9B575DA3E61CBD3EA2B4009FA940524DD1305FB6A1FB294F14DF0BEA90BA109ECE1481FDC3FFAE8D60E75141700BE82725371B4873751B2DD960265F788137FACE6DD40
310
B575E4F0A5C99F46629D92131467A41EE11ABD8D4CCC039CA0AFB37C93A08B232B8F0AEFCA1E0A1015DF13FC83322B362463652ECF71D3A8B1A7D1BE65DE1D62C44F22C317D35F574FEB16153BA2D13E543D10A80E74C4A65E78A6B7CBCBD1D5DD9DB59C2DAFACC96C3AB566E3F1C29ADCDD5DBAD7D3C9ED7C822ED74F80A6
310
41755310DE4443F44A9E68373FADF6596BFA0F440AE7BECE2727AE9F4F2B1B53B1E7E00CF0DD1E5C65454A339A4BA2D0FBA05ED2EF0443458F47BDBFCA484CCFE0F2ED7E3DD0013B679C7B5499467F0ECEEADDB9CA85A34CE44B99053949D2C1416DB85DE4B136BB7165FBAC0B7AB3542BED4F8CA182A549847A1319316519
310
95A83A67147B9E5101C47487F2485F1ECE38FD568F839204296D3479219888530154036E6528FBFBC66F98E0D4107563A2D7D9AFF8D389681A08F58D89F22693900A3B407754734FC51C10C010D6D640809EE4718AC1BA3ED4AEDB53CA37283F68805A7E4B72CEB0A4EDEAD5DD8C14059A76AFAA56BA6901E13F32BC51C720
310
12AF41295B5BF61BAD3195181FB506E6B40F4C10AF5AF40EF9F5B159AE5DD1F43C72D635E94310D45C2D49785C5D0B94D3B54AB3C5A38349C0587D338AB48C11CBF339599C02CCA54A70A008A8D03C0B2201D5F9EFCF8F9CE12A9A19CB0410789EB32C63B95ECCF455D658BFE0621A3DA32C5075FB101723D77DAE867E7D0F
310
D90444509B44E2151B4DC2290B065803200FBAA9BE9D392A0603F2D5C2D00D6302A615680F66D2FA166E2079D4C551A54AB758161FCEFD4E450A14704CECFEDF504B0304140006080000B670623B000000000000000000000000350000006662782F38353834323741342D343835462D343034322D383541392D4331303331
310
363839454531452F76657274696365732E62696E504B0304140006080800B670623BF270F1330600000004000000360000006662782F38353834323741342D343835462D343034322D383541392D4331303331363839454531452F747269616E676C65732E62696E636660600000504B0304140006080000B670623B000000
310
000000000000000000370000006662782F38353834323741342D343835462D343034322D383541392D4331303331363839454531452F617474726962757465732E62696E504B0304140006080800B670623B08DA0BD19000000041010000360000006662782F38353834323741342D343835462D343034322D383541392D43
310
31303331363839454531452F6469726563746F72792E786D6C858F410AC3201045AF22B36F53E9A60B35CBEEBAE80D244E44489C6234F4F835464A48035D0DF398FF9F8AF63D0E6CC63039F212F8F9020C7D47C6792B21C5FE7403D62A1188E2E60C98D7234A5830286103A55745067B9D86B8A3CF9C7F90C11DE607FB1443
310
96D7B6A82D282E9A152AD114D5EF2CB866EEE831B8EEA07A7BB5A8D7D61A2BAAEB7FD5F70921FF497D00504B0304140006080800B670623BD9A3B367FE000000A00100003B0000006662782F38353834323741342D343835462D343034322D383541392D4331303331363839454531452F7265736F75726365732F636F7265
310
2E786D6C8D504B6E833010BD0A9A6D65B01D0201194711694FD00B586642AD043BF2A7EAF16B122AB5BB6E6646EFA3797AE2F8B5DC8A4FF4C1383B002B291468B59B8C9D0748F1420E501CA5F0CEC55F3228AC5A708015062966EFD27D83B4B3116DCCA875136EA00A012314FA968F0182FEC045952AC5AC08D7F2AEF455CD
310
58B232D3592745883E07289E4FD609D26370C96B0CA27AB252A464A64D63A6FCD35C0C7A904D73EE467EE664DCD58CD4ED4849D79C5A723ED1B7A61977AF2D6F45B59AA58866F9C9A83DAA8813484E6947182394BFB3BAA7FBBEDEBFD0434FA9A856F91F53BA4FFF342563E38E6F719FB60092E5200F428A6AED2BAF479979
310
AFDDCA6F504B010214000A0000080000B670623B3DEE336E79000000790000001B00000000000000000000000000000000006175746F6465736B2D64657369676E2D7061636B6167652E786D6C504B01021400140006080800B670623BD486FD9CA0000000F40000001300000000000000000000000000B20000005B436F6E
310
74656E745F54797065735D2E786D6C504B01021400140006080800B670623BCA089DFFEC0000007C010000080000000000000000000000000083010000636F72652E786D6C504B01021400140006080800B670623B55019EA25F0000007C000000070000000000000000000000000095020000636E782E786D6C504B010214
310
00140006080800B670623B68FC0B7272010000D40300000C00000000000000000000000000190300006662782F636F72652E786D6C504B01021400140006080800B670623B0F71DDB67E0000009D0000000B00000000000000000000000000B50400006662782F636E782E786D6C504B01021400140006080800B670623BE1
310
34B4FB280100001202000031000000000000000000000000005C0500006662782F38353834323741342D343835462D343034322D383541392D4331303331363839454531452F636F72652E786D6C504B01021400140006080800B670623B1B8617914E010000330300003000000000000000000000000000D3060000666278
310
2F38353834323741342D343835462D343034322D383541392D4331303331363839454531452F636E782E786D6C504B01021400140006080800B670623B5933D422630500003B10000034000000000000000000000000006F0800006662782F38353834323741342D343835462D343034322D383541392D4331303331363839
310
454531452F6F626A656374732E786D6C504B01021400140006080000B670623B0000000000000000000000003500000000000000000000000000240E00006662782F38353834323741342D343835462D343034322D383541392D4331303331363839454531452F76657274696365732E62696E504B01021400140006080800
310
B670623BF270F13306000000040000003600000000000000000000000000770E00006662782F38353834323741342D343835462D343034322D383541392D4331303331363839454531452F747269616E676C65732E62696E504B01021400140006080000B670623B0000000000000000000000003700000000000000000000
310
000000D10E00006662782F38353834323741342D343835462D343034322D383541392D4331303331363839454531452F617474726962757465732E62696E504B01021400140006080800B670623B08DA0BD190000000410100003600000000000000000000000000260F00006662782F38353834323741342D343835462D34
310
3034322D383541392D4331303331363839454531452F6469726563746F72792E786D6C504B01021400140006080800B670623BD9A3B367FE000000A00100003B000000000000000000000000000A1000006662782F38353834323741342D343835462D343034322D383541392D4331303331363839454531452F7265736F75
310
726365732F636F72652E786D6C504B0506000000000E000E0080040000611100000000
  0
XRECORD
  5
113
102
{ACAD_REACTORS
330
110
102
}
330
110
100
AcDbXrecord
280
     1
270
     1
271
     1
  0
XRECORD
  5
114
102
{ACAD_REACTORS
330
110
102
}
330
110
100
AcDbXrecord
280
     1
270
     1
271
     1
  0
CELLSTYLEMAP
  5
695
102
{ACAD_REACTORS
330
104
102
}
330
104
100
AcDbCellStyleMap
 90
        3
300
CELLSTYLE
  1
TABLEFORMAT_BEGIN
 90
        5
170
     1
 91
        0
 92
    32768
 62
   257
 93
        1
300
CONTENTFORMAT
  1
CONTENTFORMAT_BEGIN
 90
        0
 91
        0
 92
      512
 93
        0
300

 40
0.0
140
1.0
 94
        5
 62
     0
340
11
144
0.25
309
CONTENTFORMAT_END
171
     1
301
MARGIN
  1
CELLMARGIN_BEGIN
 40
0.06
 40
0.06
 40
0.06
 40
0.06
 40
0.18
 40
0.18
309
CELLMARGIN_END
 94
        6
 95
        1
302
GRIDFORMAT
  1
GRIDFORMAT_BEGIN
 90
        0
 91
        1
 62
     0
 92
       -2
340
0
 93
        0
 40
0.045
309
GRIDFORMAT_END
 95
        2
302
GRIDFORMAT
  1
GRIDFORMAT_BEGIN
 90
        0
 91
        1
 62
     0
 92
       -2
340
0
 93
        0
 40
0.045
309
GRIDFORMAT_END
 95
        4
302
GRIDFORMAT
  1
GRIDFORMAT_BEGIN
 90
        0
 91
        1
 62
     0
 92
       -2
340
0
 93
        0
 40
0.045
309
GRIDFORMAT_END
 95
        8
302
GRIDFORMAT
  1
GRIDFORMAT_BEGIN
 90
        0
 91
        1
 62
     0
 92
       -2
340
0
 93
        0
 40
0.045
309
GRIDFORMAT_END
 95
       16
302
GRIDFORMAT
  1
GRIDFORMAT_BEGIN
 90
        0
 91
        1
 62
     0
 92
       -2
340
0
 93
        0
 40
0.045
309
GRIDFORMAT_END
 95
       32
302
GRIDFORMAT
  1
GRIDFORMAT_BEGIN
 90
        0
 91
        1
 62
     0
 92
       -2
340
0
 93
        0
 40
0.045
309
GRIDFORMAT_END
309
TABLEFORMAT_END
  1
CELLSTYLE_BEGIN
 90
        1
 91
        1
300
_TITLE
309
CELLSTYLE_END
300
CELLSTYLE
  1
TABLEFORMAT_BEGIN
 90
        5
170
     1
 91
        0
 92
        0
 62
   257
 93
        1
300
CONTENTFORMAT
  1
CONTENTFORMAT_BEGIN
 90
        0
 91
        0
 92
      512
 93
        0
300

 40
0.0
140
1.0
 94
        5
 62
     0
340
11
144
0.18
309
CONTENTFORMAT_END
171
     1
301
MARGIN
  1
CELLMARGIN_BEGIN
 40
0.06
 40
0.06
 40
0.06
 40
0.06
 40
0.18
 40
0.18
309
CELLMARGIN_END
 94
        6
 95
        1
302
GRIDFORMAT
  1
GRIDFORMAT_BEGIN
 90
        0
 91
        1
 62
     0
 92
       -2
340
0
 93
        0
 40
0.045
309
GRIDFORMAT_END
 95
        2
302
GRIDFORMAT
  1
GRIDFORMAT_BEGIN
 90
        0
 91
        1
 62
     0
 92
       -2
340
0
 93
        0
 40
0.045
309
GRIDFORMAT_END
 95
        4
302
GRIDFORMAT
  1
GRIDFORMAT_BEGIN
 90
        0
 91
        1
 62
     0
 92
       -2
340
0
 93
        0
 40
0.045
309
GRIDFORMAT_END
 95
        8
302
GRIDFORMAT
  1
GRIDFORMAT_BEGIN
 90
        0
 91
        1
 62
     0
 92
       -2
340
0
 93
        0
 40
0.045
309
GRIDFORMAT_END
 95
       16
302
GRIDFORMAT
  1
GRIDFORMAT_BEGIN
 90
        0
 91
        1
 62
     0
 92
       -2
340
0
 93
        0
 40
0.045
309
GRIDFORMAT_END
 95
       32
302
GRIDFORMAT
  1
GRIDFORMAT_BEGIN
 90
        0
 91
        1
 62
     0
 92
       -2
340
0
 93
        0
 40
0.045
309
GRIDFORMAT_END
309
TABLEFORMAT_END
  1
CELLSTYLE_BEGIN
 90
        2
 91
        1
300
_HEADER
309
CELLSTYLE_END
300
CELLSTYLE
  1
TABLEFORMAT_BEGIN
 90
        5
170
     1
 91
        0
 92
        0
 62
   257
 93
        1
300
CONTENTFORMAT
  1
CONTENTFORMAT_BEGIN
 90
        0
 91
        0
 92
      512
 93
        0
300

 40
0.0
140
1.0
 94
        2
 62
     0
340
11
144
0.18
309
CONTENTFORMAT_END
171
     1
301
MARGIN
  1
CELLMARGIN_BEGIN
 40
0.06
 40
0.06
 40
0.06
 40
0.06
 40
0.18
 40
0.18
309
CELLMARGIN_END
 94
        6
 95
        1
302
GRIDFORMAT
  1
GRIDFORMAT_BEGIN
 90
        0
 91
        1
 62
     0
 92
       -2
340
0
 93
        0
 40
0.045
309
GRIDFORMAT_END
 95
        2
302
GRIDFORMAT
  1
GRIDFORMAT_BEGIN
 90
        0
 91
        1
 62
     0
 92
       -2
340
0
 93
        0
 40
0.045
309
GRIDFORMAT_END
 95
        4
302
GRIDFORMAT
  1
GRIDFORMAT_BEGIN
 90
        0
 91
        1
 62
     0
 92
       -2
340
0
 93
        0
 40
0.045
309
GRIDFORMAT_END
 95
        8
302
GRIDFORMAT
  1
GRIDFORMAT_BEGIN
 90
        0
 91
        1
 62
     0
 92
       -2
340
0
 93
        0
 40
0.045
309
GRIDFORMAT_END
 95
       16
302
GRIDFORMAT
  1
GRIDFORMAT_BEGIN
 90
        0
 91
        1
 62
     0
 92
       -2
340
0
 93
        0
 40
0.045
309
GRIDFORMAT_END
 95
       32
302
GRIDFORMAT
  1
GRIDFORMAT_BEGIN
 90
        0
 91
        1
 62
     0
 92
       -2
340
0
 93
        0
 40
0.045
309
GRIDFORMAT_END
309
TABLEFORMAT_END
  1
CELLSTYLE_BEGIN
 90
        3
 91
        2
300
_DATA
309
CELLSTYLE_END
  0
ENDSEC
  0
SECTION
  2
ACDSDATA
 70
     2
 71
     8
  0
ACDSSCHEMA
 90
        0
  1
AcDb_Thumbnail_Schema
  2
AcDbDs::ID
280
    10
 91
        8
  2
Thumbnail_Data
280
    15
 91
        0
101
ACDSRECORD
 95
        0
 90
        1
  2
AcDbDs::TreatedAsObjectData
280
     1
291
     1
101
ACDSRECORD
 95
        0
 90
        2
  2
AcDbDs::Legacy
280
     1
291
     1
101
ACDSRECORD
  1
AcDbDs::ID
 90
        3
  2
AcDs:Indexable
280
     1
291
     1
101
ACDSRECORD
  1
AcDbDs::ID
 90
        4
  2
AcDbDs::HandleAttribute
280
     7
282
     1
  0
ACDSSCHEMA
 90
        1
  1
AcDbDs::TreatedAsObjectDataSchema
  2
AcDbDs::TreatedAsObjectData
280
     1
 91
        0
  0
ACDSSCHEMA
 90
        2
  1
AcDbDs::LegacySchema
  2
AcDbDs::Legacy
280
     1
 91
        0
  0
ACDSSCHEMA
 90
        3
  1
AcDbDs::IndexedPropertySchema
  2
AcDs:Indexable
280
     1
 91
        0
  0
ACDSSCHEMA
 90
        4
  1
AcDbDs::HandleAttributeSchema
  2
AcDbDs::HandleAttribute
280
     7
 91
        1
284
     1
  0
ACDSRECORD
 90
        0
  2
AcDbDs::ID
280
    10
320
22
  2
Thumbnail_Data
280
    15
 94
     1158
310
89504E470D0A1A0A0000000D4948445200000100000000600803000000C52F5CBA00000300504C5445212830FFFFFF2128300000000000000000000000000000000000000000000000000000330000660000990000CC0000FF0033000033330033660033990033CC0033FF0066000066330066660066990066CC0066FF0099
310
000099330099660099990099CC0099FF00CC0000CC3300CC6600CC9900CCCC00CCFF00FF0000FF3300FF6600FF9900FFCC00FFFF3300003300333300663300993300CC3300FF3333003333333333663333993333CC3333FF3366003366333366663366993366CC3366FF3399003399333399663399993399CC3399FF33CC00
310
33CC3333CC6633CC9933CCCC33CCFF33FF0033FF3333FF6633FF9933FFCC33FFFF6600006600336600666600996600CC6600FF6633006633336633666633996633CC6633FF6666006666336666666666996666CC6666FF6699006699336699666699996699CC6699FF66CC0066CC3366CC6666CC9966CCCC66CCFF66FF0066
310
FF3366FF6666FF9966FFCC66FFFF9900009900339900669900999900CC9900FF9933009933339933669933999933CC9933FF9966009966339966669966999966CC9966FF9999009999339999669999999999CC9999FF99CC0099CC3399CC6699CC9999CCCC99CCFF99FF0099FF3399FF6699FF9999FFCC99FFFFCC0000CC00
310
33CC0066CC0099CC00CCCC00FFCC3300CC3333CC3366CC3399CC33CCCC33FFCC6600CC6633CC6666CC6699CC66CCCC66FFCC9900CC9933CC9966CC9999CC99CCCC99FFCCCC00CCCC33CCCC66CCCC99CCCCCCCCCCFFCCFF00CCFF33CCFF66CCFF99CCFFCCCCFFFFFF0000FF0033FF0066FF0099FF00CCFF00FFFF3300FF3333
310
FF3366FF3399FF33CCFF33FFFF6600FF6633FF6666FF6699FF66CCFF66FFFF9900FF9933FF9966FF9999FF99CCFF99FFFFCC00FFCC33FFCC66FFCC99FFCCCCFFCCFFFFFF00FFFF33FFFF66FFFF99FFFFCCFFFFFF0000000D0D0D1A1A1A2828283535354343435050505D5D5D6B6B6B787878868686939393A1A1A1AEAEAEBB
310
BBBBC9C9C9D6D6D6E4E4E4F1F1F1FFFFFF0000000000000000000000000000000000000000000000000000000000002E4550F1000001414944415478DAED9ACB0EC2300C04F3FFFFBB77A4AAB495F2A8A30222EB99130A0891E9D6D881520000E01F5170CD76FF6D32EDBFB9EA77499B97B9BB51D95DD3B6A8622960262A25
310
B380E306507201AD1B217702944D40F5064A23A06B208D807E8B9042C0F65A75D65308B09C05261AA1FE2CB07C0214AD017E8DE03BD88FA686E505C4CA98E728506E0AD9E5A9A315764B804693EEA544488EA340D178D2AD041826602CA0BA050C8BE076D8A548B598FD7A58A806C404188E0225BE0DCB2EE028703359891C
310
20DB8EC3CF7AE6F5054CCC4D8E02BEF0A68B08D847616B011A7CF8FD2CC85A80AA07CD04445B06B3049C1682C727BE4510018905C858806E3720EB045485BFBD400228821441E7468861080108400002520A98F9AB6C76019E87A2737C3C2C4B61F9C30800000000000000000000000000000000000000FC9817A4055DECB2
310
A279F70000000049454E44AE426082
  0
ENDSEC
  0
EOF
