  0
SECTION
  2
HEADER
  9
$ACADVER
  1
AC1015
  9
$ACADMAINTVER
 70
     6
  9
$DWGCODEPAGE
  3
ANSI_1252
  9
$INSBASE
 10
0.0
 20
0.0
 30
0.0
  9
$EXTMIN
 10
-148.0
 20
-171.238770988
 30
0.0
  9
$EXTMAX
 10
148.0
 20
154.0840704497
 30
0.0
  9
$LIMMIN
 10
0.0
 20
0.0
  9
$LIMMAX
 10
420.0
 20
297.0
  9
$ORTHOMODE
 70
     0
  9
$REGENMODE
 70
     1
  9
$FILLMODE
 70
     1
  9
$QTEXTMODE
 70
     0
  9
$MIRRTEXT
 70
     1
  9
$LTSCALE
 40
1.0
  9
$ATTMODE
 70
     1
  9
$TEXTSIZE
 40
3.5
  9
$TRACEWID
 40
1.0
  9
$TEXTSTYLE
  7
Standard
  9
$CLAYER
  8
0
  9
$CELTYPE
  6
ByLayer
  9
$CECOLOR
 62
   256
  9
$CELTSCALE
 40
1.0
  9
$DISPSILH
 70
     0
  9
$DIMSCALE
 40
1.0
  9
$DIMASZ
 40
3.302
  9
$DIMEXO
 40
0.0
  9
$DIMDLI
 40
3.75
  9
$DIMRND
 40
0.0
  9
$DIMDLE
 40
0.0
  9
$DIMEXE
 40
1.0
  9
$DIMTP
 40
0.0
  9
$DIMTM
 40
0.0
  9
$DIMTXT
 40
3.5
  9
$DIMCEN
 40
2.5
  9
$DIMTSZ
 40
0.0
  9
$DIMTOL
 70
     0
  9
$DIMLIM
 70
     0
  9
$DIMTIH
 70
     1
  9
$DIMTOH
 70
     1
  9
$DIMSE1
 70
     0
  9
$DIMSE2
 70
     0
  9
$DIMTAD
 70
     1
  9
$DIMZIN
 70
     1
  9
$DIMBLK
  1

  9
$DIMASO
 70
     1
  9
$DIMSHO
 70
     1
  9
$DIMPOST
  1

  9
$DIMAPOST
  1

  9
$DIMALT
 70
     0
  9
$DIMALTD
 70
     3
  9
$DIMALTF
 40
0.0393700787
  9
$DIMLFAC
 40
1.0
  9
$DIMTOFL
 70
     1
  9
$DIMTVP
 40
0.0
  9
$DIMTIX
 70
     0
  9
$DIMSOXD
 70
     0
  9
$DIMSAH
 70
     0
  9
$DIMBLK1
  1

  9
$DIMBLK2
  1

  9
$DIMSTYLE
  2
ISO-25
  9
$DIMCLRD
 70
     0
  9
$DIMCLRE
 70
     0
  9
$DIMCLRT
 70
     0
  9
$DIMTFAC
 40
1.0
  9
$DIMGAP
 40
1.524
  9
$DIMJUST
 70
     0
  9
$DIMSD1
 70
     0
  9
$DIMSD2
 70
     0
  9
$DIMTOLJ
 70
     0
  9
$DIMTZIN
 70
     1
  9
$DIMALTZ
 70
     0
  9
$DIMALTTZ
 70
     0
  9
$DIMUPT
 70
     0
  9
$DIMDEC
 70
     2
  9
$DIMTDEC
 70
     2
  9
$DIMALTU
 70
     2
  9
$DIMALTTD
 70
     3
  9
$DIMTXSTY
  7
Standard
  9
$DIMAUNIT
 70
     0
  9
$DIMADEC
 70
     2
  9
$DIMALTRND
 40
0.0
  9
$DIMAZIN
 70
     0
  9
$DIMDSEP
 70
    44
  9
$DIMATFIT
 70
     3
  9
$DIMFRAC
 70
     0
  9
$DIMLDRBLK
  1

  9
$DIMLUNIT
 70
     2
  9
$DIMLWD
 70
    -2
  9
$DIMLWE
 70
    -2
  9
$DIMTMOVE
 70
     0
  9
$LUNITS
 70
     2
  9
$LUPREC
 70
     2
  9
$SKETCHINC
 40
1.0
  9
$FILLETRAD
 40
0.0
  9
$AUNITS
 70
     0
  9
$AUPREC
 70
     2
  9
$MENU
  1
.
  9
$ELEVATION
 40
0.0
  9
$PELEVATION
 40
0.0
  9
$THICKNESS
 40
0.0
  9
$LIMCHECK
 70
     0
  9
$CHAMFERA
 40
0.0
  9
$CHAMFERB
 40
0.0
  9
$CHAMFERC
 40
0.0
  9
$CHAMFERD
 40
0.0
  9
$SKPOLY
 70
     0
  9
$TDCREATE
 40
2461163.979442766
  9
$TDUCREATE
 40
2461163.854442766
  9
$TDUPDATE
 40
2461163.979780475
  9
$TDUUPDATE
 40
2461163.854780475
  9
$TDINDWG
 40
0.0000000116
  9
$TDUSRTIMER
 40
0.0000000116
  9
$USRTIMER
 70
     1
  9
$ANGBASE
 50
0.0
  9
$ANGDIR
 70
     0
  9
$PDMODE
 70
     0
  9
$PDSIZE
 40
-1.0
  9
$PLINEWID
 40
0.0
  9
$SPLFRAME
 70
     0
  9
$SPLINETYPE
 70
     6
  9
$SPLINESEGS
 70
     8
  9
$HANDSEED
  5
258
  9
$SURFTAB1
 70
     6
  9
$SURFTAB2
 70
     6
  9
$SURFTYPE
 70
     6
  9
$SURFU
 70
     6
  9
$SURFV
 70
     6
  9
$UCSBASE
  2

  9
$UCSNAME
  2

  9
$UCSORG
 10
0.0
 20
0.0
 30
0.0
  9
$UCSXDIR
 10
1.0
 20
0.0
 30
0.0
  9
$UCSYDIR
 10
0.0
 20
1.0
 30
0.0
  9
$UCSORTHOREF
  2

  9
$UCSORTHOVIEW
 70
     0
  9
$UCSORGTOP
 10
0.0
 20
0.0
 30
0.0
  9
$UCSORGBOTTOM
 10
0.0
 20
0.0
 30
0.0
  9
$UCSORGLEFT
 10
0.0
 20
0.0
 30
0.0
  9
$UCSORGRIGHT
 10
0.0
 20
0.0
 30
0.0
  9
$UCSORGFRONT
 10
0.0
 20
0.0
 30
0.0
  9
$UCSORGBACK
 10
0.0
 20
0.0
 30
0.0
  9
$PUCSBASE
  2

  9
$PUCSNAME
  2

  9
$PUCSORG
 10
0.0
 20
0.0
 30
0.0
  9
$PUCSXDIR
 10
1.0
 20
0.0
 30
0.0
  9
$PUCSYDIR
 10
0.0
 20
1.0
 30
0.0
  9
$PUCSORTHOREF
  2

  9
$PUCSORTHOVIEW
 70
     0
  9
$PUCSORGTOP
 10
0.0
 20
0.0
 30
0.0
  9
$PUCSORGBOTTOM
 10
0.0
 20
0.0
 30
0.0
  9
$PUCSORGLEFT
 10
0.0
 20
0.0
 30
0.0
  9
$PUCSORGRIGHT
 10
0.0
 20
0.0
 30
0.0
  9
$PUCSORGFRONT
 10
0.0
 20
0.0
 30
0.0
  9
$PUCSORGBACK
 10
0.0
 20
0.0
 30
0.0
  9
$USERI1
 70
     0
  9
$USERI2
 70
     0
  9
$USERI3
 70
     0
  9
$USERI4
 70
     0
  9
$USERI5
 70
     0
  9
$USERR1
 40
0.0
  9
$USERR2
 40
0.0
  9
$USERR3
 40
0.0
  9
$USERR4
 40
0.0
  9
$USERR5
 40
0.0
  9
$WORLDVIEW
 70
     1
  9
$SHADEDGE
 70
     3
  9
$SHADEDIF
 70
    70
  9
$TILEMODE
 70
     1
  9
$MAXACTVP
 70
    64
  9
$PINSBASE
 10
0.0
 20
0.0
 30
0.0
  9
$PLIMCHECK
 70
     0
  9
$PEXTMIN
 10
1.0000000000E+20
 20
1.0000000000E+20
 30
1.0000000000E+20
  9
$PEXTMAX
 10
-1.0000000000E+20
 20
-1.0000000000E+20
 30
-1.0000000000E+20
  9
$PLIMMIN
 10
0.0
 20
0.0
  9
$PLIMMAX
 10
420.0
 20
297.0
  9
$UNITMODE
 70
     0
  9
$VISRETAIN
 70
     1
  9
$PLINEGEN
 70
     0
  9
$PSLTSCALE
 70
     1
  9
$TREEDEPTH
 70
  3020
  9
$CMLSTYLE
  2
Standard
  9
$CMLJUST
 70
     0
  9
$CMLSCALE
 40
20.0
  9
$PROXYGRAPHICS
 70
     1
  9
$MEASUREMENT
 70
     1
  9
$CELWEIGHT
370
    -1
  9
$ENDCAPS
280
     0
  9
$JOINSTYLE
280
     0
  9
$LWDISPLAY
290
     1
  9
$INSUNITS
 70
     4
  9
$HYPERLINKBASE
  1

  9
$STYLESHEET
  1

  9
$XEDIT
290
     1
  9
$CEPSNTYPE
380
     0
  9
$PSTYLEMODE
290
     1
  9
$FINGERPRINTGUID
  2
{3140d191-5b21-4b5a-a885-f77a65fd9d1c}
  9
$VERSIONGUID
  2
{FAEB1C32-E019-11D5-929B-00C0DF256EC4}
  9
$EXTNAMES
290
     1
  9
$PSVPSCALE
 40
0.0
  9
$OLESTARTUP
290
     0
  0
ENDSEC
  0
SECTION
  2
CLASSES
  0
CLASS
  1
ACDBDICTIONARYWDFLT
  2
AcDbDictionaryWithDefault
  3
ObjectDBX Classes
 90
        0
280
     0
281
     0
  0
CLASS
  1
VISUALSTYLE
  2
AcDbVisualStyle
  3
ObjectDBX Classes
 90
     4095
280
     0
281
     0
  0
CLASS
  1
MATERIAL
  2
AcDbMaterial
  3
ObjectDBX Classes
 90
     1153
280
     0
281
     0
  0
CLASS
  1
SCALE
  2
AcDbScale
  3
ObjectDBX Classes
 90
     1153
280
     0
281
     0
  0
CLASS
  1
TABLESTYLE
  2
AcDbTableStyle
  3
ObjectDBX Classes
 90
     4095
280
     0
281
     0
  0
CLASS
  1
MLEADERSTYLE
  2
AcDbMLeaderStyle
  3
ACDB_MLEADERSTYLE_CLASS
 90
     4095
280
     0
281
     0
  0
CLASS
  1
SUN
  2
AcDbSun
  3
SCENEOE
 90
     1153
280
     0
281
     0
  0
CLASS
  1
ACDBPLACEHOLDER
  2
AcDbPlaceHolder
  3
ObjectDBX Classes
 90
        0
280
     0
281
     0
  0
CLASS
  1
LAYOUT
  2
AcDbLayout
  3
ObjectDBX Classes
 90
        0
280
     0
281
     0
  0
ENDSEC
  0
SECTION
  2
TABLES
  0
TABLE
  2
VPORT
  5
8
330
0
100
AcDbSymbolTable
 70
     1
  0
VPORT
  5
29
330
8
100
AcDbSymbolTableRecord
100
AcDbViewportTableRecord
  2
*Active
 70
     0
 10
0.0
 20
0.0
 11
1.0
 21
1.0
 12
0.0
 22
-8.5773502692
 13
0.0
 23
0.0
 14
10.0
 24
10.0
 15
10.0
 25
10.0
 16
0.0
 26
0.0
 36
1.0
 17
0.0
 27
0.0
 37
0.0
 40
331.8292982665
 41
0.9098654084
 42
50.0
 43
0.0
 44
0.0
 50
0.0
 51
0.0
 71
     0
 72
   100
 73
     1
 74
     3
 75
     0
 76
     0
 77
     0
 78
     0
281
     0
 65
     1
110
0.0
120
0.0
130
0.0
111
1.0
121
0.0
131
0.0
112
0.0
122
1.0
132
0.0
 79
     0
146
0.0
  0
ENDTAB
  0
TABLE
  2
LTYPE
  5
5
330
0
100
AcDbSymbolTable
 70
     6
  0
LTYPE
  5
14
330
5
100
AcDbSymbolTableRecord
100
AcDbLinetypeTableRecord
  2
ByBlock
 70
     0
  3

 72
    65
 73
     0
 40
0.0
  0
LTYPE
  5
15
330
5
100
AcDbSymbolTableRecord
100
AcDbLinetypeTableRecord
  2
ByLayer
 70
     0
  3

 72
    65
 73
     0
 40
0.0
  0
LTYPE
  5
16
330
5
100
AcDbSymbolTableRecord
100
AcDbLinetypeTableRecord
  2
Continuous
 70
     0
  3
Solid line
 72
    65
 73
     0
 40
0.0
  0
LTYPE
  5
5E
330
5
100
AcDbSymbolTableRecord
100
AcDbLinetypeTableRecord
  2
HIDDEN
 70
     0
  3
Hidden __ __ __ __ __ __ __ __ __ __ __ __ __ __
 72
    65
 73
     2
 40
1.905
 49
1.27
 74
     0
 49
-0.635
 74
     0
  0
LTYPE
  5
5F
330
5
100
AcDbSymbolTableRecord
100
AcDbLinetypeTableRecord
  2
PHANTOM
 70
     0
  3
Phantom ______  __  __  ______  __  __  ______
 72
    65
 73
     6
 40
12.7
 49
6.35
 74
     0
 49
-1.27
 74
     0
 49
1.27
 74
     0
 49
-1.27
 74
     0
 49
1.27
 74
     0
 49
-1.27
 74
     0
  0
LTYPE
  5
60
330
5
100
AcDbSymbolTableRecord
100
AcDbLinetypeTableRecord
  2
CENTER
 70
     0
  3
Center ____ _ ____ _ ____ _ ____ _ ____ _ ____
 72
    65
 73
     4
 40
10.16
 49
6.35
 74
     0
 49
-1.27
 74
     0
 49
1.27
 74
     0
 49
-1.27
 74
     0
  0
LTYPE
  5
61
330
5
100
AcDbSymbolTableRecord
100
AcDbLinetypeTableRecord
  2
CENTERX2
 70
     0
  3
Center (2x) ________  __  ________  __  _____
 72
    65
 73
     4
 40
20.32
 49
12.7
 74
     0
 49
-2.54
 74
     0
 49
2.54
 74
     0
 49
-2.54
 74
     0
  0
LTYPE
  5
62
330
5
100
AcDbSymbolTableRecord
100
AcDbLinetypeTableRecord
  2
DOT2
 70
     0
  3
Dot (.5x) ........................................
 72
    65
 73
     2
 40
0.635
 49
0.0
 74
     0
 49
-0.635
 74
     0
  0
ENDTAB
  0
TABLE
  2
LAYER
  5
2
330
0
100
AcDbSymbolTable
 70
     1
  0
LAYER
  5
10
330
2
100
AcDbSymbolTableRecord
100
AcDbLayerTableRecord
  2
0
 70
     0
 62
     7
  6
Continuous
370
    -3
390
F
  0
ENDTAB
  0
TABLE
  2
STYLE
  5
3
330
0
100
AcDbSymbolTable
 70
     1
  0
STYLE
  5
11
330
3
100
AcDbSymbolTableRecord
100
AcDbTextStyleTableRecord
  2
Standard
 70
     0
 40
0.0
 41
1.0
 50
0.0
 71
     0
 42
3.5
  3
txt
  4

  0
ENDTAB
  0
TABLE
  2
VIEW
  5
6
330
0
100
AcDbSymbolTable
 70
     0
  0
ENDTAB
  0
TABLE
  2
UCS
  5
7
330
0
100
AcDbSymbolTable
 70
     0
  0
ENDTAB
  0
TABLE
  2
APPID
  5
9
330
0
100
AcDbSymbolTable
 70
     1
  0
APPID
  5
12
330
9
100
AcDbSymbolTableRecord
100
AcDbRegAppTableRecord
  2
ACAD
 70
     0
  0
ENDTAB
  0
TABLE
  2
DIMSTYLE
  5
A
330
0
100
AcDbSymbolTable
 70
     1
100
AcDbDimStyleTable
  0
DIMSTYLE
105
27
330
A
100
AcDbSymbolTableRecord
100
AcDbDimStyleTableRecord
  2
ISO-25
 70
     0
 41
2.5
 42
0.625
 43
3.75
 44
1.25
 73
     0
 74
     0
 77
     1
 78
     8
140
2.5
141
2.5
143
0.0393700787
147
0.625
171
     3
172
     1
178
     0
271
     2
272
     2
274
     3
278
    44
283
     0
284
     8
340
11
  0
ENDTAB
  0
TABLE
  2
BLOCK_RECORD
  5
1
330
0
100
AcDbSymbolTable
 70
     1
  0
BLOCK_RECORD
  5
1F
330
1
100
AcDbSymbolTableRecord
100
AcDbBlockTableRecord
  2
*Model_Space
340
22
  0
BLOCK_RECORD
  5
1B
330
1
100
AcDbSymbolTableRecord
100
AcDbBlockTableRecord
  2
*Paper_Space
340
1E
  0
BLOCK_RECORD
  5
23
330
1
100
AcDbSymbolTableRecord
100
AcDbBlockTableRecord
  2
*Paper_Space0
340
26
  0
ENDTAB
  0
ENDSEC
  0
SECTION
  2
BLOCKS
  0
BLOCK
  5
20
330
1F
100
AcDbEntity
  8
0
100
AcDbBlockBegin
  2
*Model_Space
 70
     0
 10
0.0
 20
0.0
 30
0.0
  3
*Model_Space
  1

  0
ENDBLK
  5
21
330
1F
100
AcDbEntity
  8
0
100
AcDbBlockEnd
  0
BLOCK
  5
1C
330
1B
100
AcDbEntity
 67
     1
  8
0
100
AcDbBlockBegin
  2
*Paper_Space
 70
     0
 10
0.0
 20
0.0
 30
0.0
  3
*Paper_Space
  1

  0
ENDBLK
  5
1D
330
1B
100
AcDbEntity
 67
     1
  8
0
100
AcDbBlockEnd
  0
BLOCK
  5
24
330
23
100
AcDbEntity
  8
0
100
AcDbBlockBegin
  2
*Paper_Space0
 70
     0
 10
0.0
 20
0.0
 30
0.0
  3
*Paper_Space0
  1

  0
ENDBLK
  5
25
330
23
100
AcDbEntity
  8
0
100
AcDbBlockEnd
  0
ENDSEC
  0
SECTION
  2
ENTITIES
  0
LINE
  5
63
330
1F
100
AcDbEntity
  8
0
  6
CENTERX2
 62
     7
100
AcDbLine
 10
-148.0
 20
-71.2063646079
 30
0.0
 11
148.0
 21
-71.2063646079
 31
0.0
  0
LINE
  5
64
330
1F
100
AcDbEntity
  8
0
  6
CENTERX2
 62
     7
100
AcDbLine
 10
148.0
 20
73.5210176124
 30
0.0
 11
-148.0
 21
73.5210176124
 31
0.0
  0
LINE
  5
65
330
1F
100
AcDbEntity
  8
0
  6
CENTERX2
 62
     7
100
AcDbLine
 10
-148.0
 20
-108.9594330279
 30
0.0
 11
148.0
 21
-108.9594330279
 31
0.0
  0
LINE
  5
66
330
1F
100
AcDbEntity
  8
0
  6
CENTERX2
 62
     7
100
AcDbLine
 10
148.0
 20
140.5630528373
 30
0.0
 11
-148.0
 21
140.5630528373
 31
0.0
  0
LINE
  5
67
330
1F
100
AcDbEntity
  8
0
  6
CENTERX2
 62
     7
100
AcDbLine
 10
-148.0
 20
-157.7177533756
 30
0.0
 11
148.0
 21
-157.7177533756
 31
0.0
  0
SPLINE
  5
74
330
1F
100
AcDbEntity
  8
0
  6
Continuous
 62
     7
370
    25
100
AcDbSpline
210
0.0
220
0.0
230
1.0
 70
     8
 71
     3
 72
    23
 73
    19
 74
     0
 42
0.00000001
 43
0.00000001
 40
0.0
 40
0.0
 40
0.0
 40
0.0
 40
0.0460195681825918
 40
0.0975152248307862
 40
0.1541340289418655
 40
0.2163088221245079
 40
0.2840684197705903
 40
0.3570175326713061
 40
0.4353386359900023
 40
0.5191205382763565
 40
0.6024149155136375
 40
0.6791523624342093
 40
0.7493347214427257
 40
0.8127173125082954
 40
0.8695472869932538
 40
0.919577573353288
 40
0.9630596167356527
 40
1.0
 40
1.0
 40
1.0
 40
1.0
 10
-112.9528182337431
 20
4.436891911870239
 30
0.0
 10
-112.925903410164
 20
4.470700814539371
 30
0.0
 10
-112.868871039452
 20
4.542341702867173
 30
0.0
 10
-112.7842693870499
 20
4.659803679403093
 30
0.0
 10
-112.6928530683755
 20
4.790979771623262
 30
0.0
 10
-112.5964991689109
 20
4.937282261679308
 30
0.0
 10
-112.49507513608
 20
5.09852613459514
 30
0.0
 10
-112.3868249113013
 20
5.273400425170802
 30
0.0
 10
-112.2762574971253
 20
5.464415074899753
 30
0.0
 10
-112.159651302559
 20
5.663139565136252
 30
0.0
 10
-112.0476255652562
 20
5.862784545105717
 30
0.0
 10
-111.940030273297
 20
6.050255252872564
 30
0.0
 10
-111.840518904624
 20
6.220801872111572
 30
0.0
 10
-111.751292667528
 20
6.375709099836209
 30
0.0
 10
-111.6696415504015
 20
6.51312697599042
 30
0.0
 10
-111.5981955107736
 20
6.634868313383204
 30
0.0
 10
-111.5349258739448
 20
6.739753712114495
 30
0.0
 10
-111.4947223797519
 20
6.803672048166807
 30
0.0
 10
-111.4762557337431
 20
6.833031617752592
 30
0.0
  0
SPLINE
  5
75
330
1F
100
AcDbEntity
  8
0
  6
Continuous
 62
     7
370
    25
100
AcDbSpline
210
0.0
220
0.0
230
1.0
 70
     8
 71
     3
 72
    15
 73
    11
 74
     0
 42
0.00000001
 43
0.00000001
 40
0.0
 40
0.0
 40
0.0
 40
0.0
 40
0.1238535545532204
 40
0.2429426271552753
 40
0.359198368356046
 40
0.4742437719961424
 40
0.5930612909004717
 40
0.7188251373886568
 40
0.8547009986846693
 40
1.0
 40
1.0
 40
1.0
 40
1.0
 10
-114.2984064690372
 20
3.737902941282003
 30
0.0
 10
-114.2335008882699
 20
3.740191120107887
 30
0.0
 10
-114.1061865583297
 20
3.744679454555507
 30
0.0
 10
-113.9197878214469
 20
3.775008766965035
 30
0.0
 10
-113.7435006449811
 20
3.827940947114916
 30
0.0
 10
-113.5750606062221
 20
3.901978419534869
 30
0.0
 10
-113.4138781909437
 20
4.000534074033759
 30
0.0
 10
-113.2553517669997
 20
4.121933688448754
 30
0.0
 10
-113.0997700608844
 20
4.268396546093855
 30
0.0
 10
-113.0028844993015
 20
4.379485795237077
 30
0.0
 10
-112.9528182337431
 20
4.436891911870239
 30
0.0
  0
SPLINE
  5
76
330
1F
100
AcDbEntity
  8
0
  6
Continuous
 62
     7
370
    25
100
AcDbSpline
210
0.0
220
0.0
230
1.0
 70
     8
 71
     3
 72
    15
 73
    11
 74
     0
 42
0.00000001
 43
0.00000001
 40
0.0
 40
0.0
 40
0.0
 40
0.0
 40
0.0821226496569516
 40
0.1683350623371594
 40
0.2707513944078352
 40
0.3931537770088462
 40
0.5304112693103809
 40
0.6767339357224695
 40
0.831887329141337
 40
1.0
 40
1.0
 40
1.0
 40
1.0
 10
-115.333792498449
 20
4.245255882458475
 30
0.0
 10
-115.3298184399978
 20
4.210926921665973
 30
0.0
 10
-115.3216724123196
 20
4.140559394812967
 30
0.0
 10
-115.258700865366
 20
4.043217146135394
 30
0.0
 10
-115.1616888441488
 20
3.956639163058648
 30
0.0
 10
-115.0306842344626
 20
3.880547464676066
 30
0.0
 10
-114.8736663595897
 20
3.817256464448528
 30
0.0
 10
-114.6967140538548
 20
3.770867541824173
 30
0.0
 10
-114.5028578828853
 20
3.743208157046662
 30
0.0
 10
-114.3683542929562
 20
3.73971798521432
 30
0.0
 10
-114.2984064690372
 20
3.737902941282005
 30
0.0
  0
SPLINE
  5
77
330
1F
100
AcDbEntity
  8
0
  6
Continuous
 62
     7
370
    25
100
AcDbSpline
210
0.0
220
0.0
230
1.0
 70
     8
 71
     3
 72
    15
 73
    11
 74
     0
 42
0.00000001
 43
0.00000001
 40
0.0
 40
0.0
 40
0.0
 40
0.0
 40
0.1859593929115185
 40
0.3512989388601329
 40
0.4934162884878048
 40
0.6167846409774996
 40
0.7235784469332464
 40
0.8181607342571579
 40
0.9078286927525558
 40
1.0
 40
1.0
 40
1.0
 40
1.0
 10
-114.8429836749196
 20
4.527884558929062
 30
0.0
 10
-114.8811902525442
 20
4.523788670480323
 30
0.0
 10
-114.9533669249179
 20
4.516051060439746
 30
0.0
 10
-115.0537922411816
 20
4.49766898400281
 30
0.0
 10
-115.1392423730767
 20
4.471891408641711
 30
0.0
 10
-115.2091432739939
 20
4.439007149267597
 30
0.0
 10
-115.2643970217394
 20
4.400353223012032
 30
0.0
 10
-115.3056118507926
 20
4.35548714693144
 30
0.0
 10
-115.3285521128395
 20
4.301847791288987
 30
0.0
 10
-115.3320297446003
 20
4.264292192479698
 30
0.0
 10
-115.333792498449
 20
4.245255882458475
 30
0.0
  0
SPLINE
  5
79
330
1F
100
AcDbEntity
  8
0
  6
Continuous
 62
     7
370
    25
100
AcDbSpline
210
0.0
220
0.0
230
1.0
 70
     8
 71
     3
 72
    15
 73
    11
 74
     0
 42
0.00000001
 43
0.00000001
 40
0.0
 40
0.0
 40
0.0
 40
0.0
 40
0.1245932721159863
 40
0.2428829726523629
 40
0.3637656322280136
 40
0.4919621591975614
 40
0.6211225834005324
 40
0.7452795595769818
 40
0.8710648426812351
 40
1.0
 40
1.0
 40
1.0
 40
1.0
 10
-114.3632042631548
 20
4.964925000105534
 30
0.0
 10
-114.3645143494718
 20
4.93572467412773
 30
0.0
 10
-114.3670682406545
 20
4.878801359927389
 30
0.0
 10
-114.3956047153822
 20
4.797783912162883
 30
0.0
 10
-114.4386773250957
 20
4.723012039578634
 30
0.0
 10
-114.499725152968
 20
4.658363279856994
 30
0.0
 10
-114.5702769656953
 20
4.603367923868088
 30
0.0
 10
-114.6493680237014
 20
4.562787832851049
 30
0.0
 10
-114.7341907314284
 20
4.53541946362666
 30
0.0
 10
-114.793606800231
 20
4.530416814755082
 30
0.0
 10
-114.8236822043313
 20
4.527884558929062
 30
0.0
  0
SPLINE
  5
7A
330
1F
100
AcDbEntity
  8
0
  6
Continuous
 62
     7
370
    25
100
AcDbSpline
210
0.0
220
0.0
230
1.0
 70
     8
 71
     3
 72
    15
 73
    11
 74
     0
 42
0.00000001
 43
0.00000001
 40
0.0
 40
0.0
 40
0.0
 40
0.0
 40
0.1476709667918306
 40
0.2861634195818765
 40
0.4144671496449188
 40
0.5408342784395543
 40
0.660595813137887
 40
0.7728430180290011
 40
0.8842440297531123
 40
1.0
 40
1.0
 40
1.0
 40
1.0
 10
-114.9381123513901
 20
5.414373529517298
 30
0.0
 10
-114.8980364392102
 20
5.412718068304661
 30
0.0
 10
-114.8203755399731
 20
5.409510041352005
 30
0.0
 10
-114.7094333218008
 20
5.386884311355756
 30
0.0
 10
-114.6105775486766
 20
5.345382727643601
 30
0.0
 10
-114.5238193825015
 20
5.291400282501533
 30
0.0
 10
-114.4530475117015
 20
5.22364402420799
 30
0.0
 10
-114.3998591971309
 20
5.146256508152496
 30
0.0
 10
-114.3681229646207
 20
5.058247240422052
 30
0.0
 10
-114.364864652641
 20
4.996427474431984
 30
0.0
 10
-114.3632042631548
 20
4.964925000105534
 30
0.0
  0
SPLINE
  5
7B
330
1F
100
AcDbEntity
  8
0
  6
Continuous
 62
     7
370
    25
100
AcDbSpline
210
0.0
220
0.0
230
1.0
 70
     8
 71
     3
 72
    15
 73
    11
 74
     0
 42
0.00000001
 43
0.00000001
 40
0.0
 40
0.0
 40
0.0
 40
0.0
 40
0.1268023115549051
 40
0.2476400655042674
 40
0.3687337579888393
 40
0.4952160407653927
 40
0.6219828334648236
 40
0.7453788935010648
 40
0.8689709542733374
 40
1.0
 40
1.0
 40
1.0
 40
1.0
 10
-115.7749689690372
 20
4.599575735399651
 30
0.0
 10
-115.7722578072162
 20
4.654609826029599
 30
0.0
 10
-115.7669630118557
 20
4.762089300508008
 30
0.0
 10
-115.7191439354015
 20
4.91622027207443
 30
0.0
 10
-115.6416397866235
 20
5.056792571852334
 30
0.0
 10
-115.5357529300139
 20
5.180951563741921
 30
0.0
 10
-115.4082778904139
 20
5.284314022839929
 30
0.0
 10
-115.2641394316099
 20
5.360135626780179
 30
0.0
 10
-115.1053965564389
 20
5.406129842776063
 30
0.0
 10
-114.9949490714748
 20
5.411572642753116
 30
0.0
 10
-114.9381123513901
 20
5.414373529517298
 30
0.0
  0
SPLINE
  5
7C
330
1F
100
AcDbEntity
  8
0
  6
Continuous
 62
     7
370
    25
100
AcDbSpline
210
0.0
220
0.0
230
1.0
 70
     8
 71
     3
 72
    23
 73
    19
 74
     0
 42
0.00000001
 43
0.00000001
 40
0.0
 40
0.0
 40
0.0
 40
0.0
 40
0.0819636893591114
 40
0.1601901415361199
 40
0.2342403350935093
 40
0.3051963960834586
 40
0.3730938077435132
 40
0.4389068788257212
 40
0.5026649228211875
 40
0.5642454328808281
 40
0.6236694390659115
 40
0.6797745245166762
 40
0.7341115686878983
 40
0.7871466654627214
 40
0.8387009073379854
 40
0.8911596785976195
 40
0.944607376348353
 40
1.0
 40
1.0
 40
1.0
 40
1.0
 10
-114.2391233808019
 20
3.56143235304671
 30
0.0
 10
-114.2956845976188
 20
3.562047653552874
 30
0.0
 10
-114.4062280516554
 20
3.563250199167159
 30
0.0
 10
-114.5672772691848
 20
3.577799924626271
 30
0.0
 10
-114.7199646581027
 20
3.598864172427232
 30
0.0
 10
-114.8632177410328
 20
3.631665652880091
 30
0.0
 10
-114.9996117701674
 20
3.668767135094361
 30
0.0
 10
-115.1263519177217
 20
3.719348988722816
 30
0.0
 10
-115.2451501435606
 20
3.776795395980474
 30
0.0
 10
-115.35458709234
 20
3.842652401843166
 30
0.0
 10
-115.4516256479986
 20
3.917189731308153
 30
0.0
 10
-115.5386633859653
 20
3.9959128523904
 30
0.0
 10
-115.6124892540136
 20
4.081658423239848
 30
0.0
 10
-115.6717140229796
 20
4.174318823056631
 30
0.0
 10
-115.7181137113523
 20
4.272540474376675
 30
0.0
 10
-115.751321469165
 20
4.376286654677253
 30
0.0
 10
-115.7708206188073
 20
4.486255719815955
 30
0.0
 10
-115.7735698100379
 20
4.561355066742937
 30
0.0
 10
-115.7749689690372
 20
4.599575735399651
 30
0.0
  0
SPLINE
  5
7D
330
1F
100
AcDbEntity
  8
0
  6
Continuous
 62
     7
370
    25
100
AcDbSpline
210
0.0
220
0.0
230
1.0
 70
     8
 71
     3
 72
    23
 73
    19
 74
     0
 42
0.00000001
 43
0.00000001
 40
0.0
 40
0.0
 40
0.0
 40
0.0
 40
0.0779970714185005
 40
0.15202386347953
 40
0.2229112326210595
 40
0.2907080516372078
 40
0.3551725266088669
 40
0.4172176819614418
 40
0.47674387713467
 40
0.5340963735748941
 40
0.5902994869243006
 40
0.6463219680934266
 40
0.7025716258603771
 40
0.7591871257503299
 40
0.8170788591119033
 40
0.8762712461704052
 40
0.9371321112634755
 40
1.0
 40
1.0
 40
1.0
 40
1.0
 10
-110.6518072043313
 20
6.248472794223182
 30
0.0
 10
-110.7044558902196
 20
6.135787660499998
 30
0.0
 10
-110.8070732896974
 20
5.916153396369894
 30
0.0
 10
-110.9762517692255
 20
5.603343283427101
 30
0.0
 10
-111.1527437912406
 20
5.313605849430168
 30
0.0
 10
-111.3351689868415
 20
5.045733073653175
 30
0.0
 10
-111.5263382292782
 20
4.801655445068161
 30
0.0
 10
-111.7245727479057
 20
4.580687441616948
 30
0.0
 10
-111.930345749294
 20
4.382738084831972
 30
0.0
 10
-112.1437263790884
 20
4.20718206050121
 30
0.0
 10
-112.3675859805348
 20
4.055049548346002
 30
0.0
 10
-112.6008455251007
 20
3.921075399013707
 30
0.0
 10
-112.8473838477181
 20
3.811826759876892
 30
0.0
 10
-113.1038933593593
 20
3.719918968718441
 30
0.0
 10
-113.3717594005319
 20
3.648209613591207
 30
0.0
 10
-113.6511677653238
 20
3.597614833063339
 30
0.0
 10
-113.941535548771
 20
3.566443578377994
 30
0.0
 10
-114.1388604904509
 20
3.563120728315571
 30
0.0
 10
-114.2391233808019
 20
3.56143235304671
 30
0.0
  0
SPLINE
  5
7E
330
1F
100
AcDbEntity
  8
0
  6
Continuous
 62
     7
370
    25
100
AcDbSpline
210
0.0
220
0.0
230
1.0
 70
     8
 71
     3
 72
    11
 73
     7
 74
     0
 42
0.00000001
 43
0.00000001
 40
0.0
 40
0.0
 40
0.0
 40
0.0
 40
0.3059500862522015
 40
0.5749839303577908
 40
0.8062449336942145
 40
1.0
 40
1.0
 40
1.0
 40
1.0
 10
-110.3333329396254
 20
7.009502205987888
 30
0.0
 10
-110.3645160661586
 20
6.931351748818548
 30
0.0
 10
-110.4231197321177
 20
6.784480546483128
 30
0.0
 10
-110.5062876097327
 20
6.578915343859785
 30
0.0
 10
-110.5826705560144
 20
6.403970327113926
 30
0.0
 10
-110.6301585282691
 20
6.2971635508621
 30
0.0
 10
-110.6518072043313
 20
6.24847279422318
 30
0.0
  0
SPLINE
  5
7F
330
1F
100
AcDbEntity
  8
0
  6
Continuous
 62
     7
370
    25
100
AcDbSpline
210
0.0
220
0.0
230
1.0
 70
     8
 71
     3
 72
    23
 73
    19
 74
     0
 42
0.00000001
 43
0.00000001
 40
0.0
 40
0.0
 40
0.0
 40
0.0
 40
0.044770731070041
 40
0.0906010810751217
 40
0.1380562046764936
 40
0.187466484424788
 40
0.2391248036767479
 40
0.2925248857177352
 40
0.3490170077974284
 40
0.4084086657193469
 40
0.4705483614470182
 40
0.5362206160227441
 40
0.6052301214387082
 40
0.676949742663471
 40
0.7524630843513379
 40
0.8313528054614452
 40
0.9141575369786832
 40
1.0
 40
1.0
 40
1.0
 40
1.0
 10
-108.8071380866843
 20
8.972737500105534
 30
0.0
 10
-108.8427725038862
 20
8.959072757514411
 30
0.0
 10
-108.9148847219539
 20
8.93141985969971
 30
0.0
 10
-109.0201179542575
 20
8.878395294802937
 30
0.0
 10
-109.1237930476698
 20
8.814649629547345
 30
0.0
 10
-109.2259769766905
 20
8.739782441718456
 30
0.0
 10
-109.3262914507841
 20
8.654408276125913
 30
0.0
 10
-109.4247269338166
 20
8.558074976463242
 30
0.0
 10
-109.5225568910089
 20
8.452014215676526
 30
0.0
 10
-109.6191838247821
 20
8.334954856901195
 30
0.0
 10
-109.7125952041969
 20
8.20558427800238
 30
0.0
 10
-109.8064971600508
 20
8.06661286963513
 30
0.0
 10
-109.8986284666931
 20
7.916729622506717
 30
0.0
 10
-109.9879556627258
 20
7.755561575879564
 30
0.0
 10
-110.0782441634609
 20
7.585310907235018
 30
0.0
 10
-110.1641235614094
 20
7.402311929177411
 30
0.0
 10
-110.251626010064
 20
7.21038032937249
 30
0.0
 10
-110.3057721965024
 20
7.077260845155288
 30
0.0
 10
-110.3333329396254
 20
7.009502205987888
 30
0.0
  0
SPLINE
  5
80
330
1F
100
AcDbEntity
  8
0
  6
Continuous
 62
     7
370
    25
100
AcDbSpline
210
0.0
220
0.0
230
1.0
 70
     8
 71
     3
 72
    11
 73
     7
 74
     0
 42
0.00000001
 43
0.00000001
 40
0.0
 40
0.0
 40
0.0
 40
0.0
 40
0.2662196437552251
 40
0.5171835948468176
 40
0.7591878807059014
 40
1.0
 40
1.0
 40
1.0
 40
1.0
 10
-108.5396748513901
 20
8.352333088340828
 30
0.0
 10
-108.5423131536457
 20
8.414381952359552
 30
0.0
 10
-108.547438570484
 20
8.534923975843249
 30
0.0
 10
-108.6027685831252
 20
8.70409296646717
 30
0.0
 10
-108.6860380487202
 20
8.855000461825208
 30
0.0
 10
-108.7668379108296
 20
8.933556477315765
 30
0.0
 10
-108.8071380866843
 20
8.972737500105534
 30
0.0
  0
SPLINE
  5
81
330
1F
100
AcDbEntity
  8
0
  6
Continuous
 62
     7
370
    25
100
AcDbSpline
210
0.0
220
0.0
230
1.0
 70
     8
 71
     3
 72
    23
 73
    19
 74
     0
 42
0.00000001
 43
0.00000001
 40
0.0
 40
0.0
 40
0.0
 40
0.0
 40
0.0422614966246719
 40
0.086329729795436
 40
0.1336652190927299
 40
0.1850658014170672
 40
0.2412746433108408
 40
0.3032615732924379
 40
0.3706588297427731
 40
0.4446532141566182
 40
0.5205129226795476
 40
0.5933520726015603
 40
0.6641573487453174
 40
0.7335899975714483
 40
0.8008529231964084
 40
0.8673247029253093
 40
0.9339195976472934
 40
1.0
 40
1.0
 40
1.0
 40
1.0
 10
-109.8108145572725
 20
6.561432353046709
 30
0.0
 10
-109.7775808666361
 20
6.5635917565827
 30
0.0
 10
-109.7096926998201
 20
6.568002881097221
 30
0.0
 10
-109.6074000361131
 20
6.595329848525344
 30
0.0
 10
-109.5048751889033
 20
6.642108601527069
 30
0.0
 10
-109.401081386247
 20
6.706501239267581
 30
0.0
 10
-109.295633325625
 20
6.788659341933317
 30
0.0
 10
-109.1905036060948
 20
6.89019682782159
 30
0.0
 10
-109.0819960356374
 20
7.007914689687406
 30
0.0
 10
-108.9761876110672
 20
7.142250410988548
 30
0.0
 10
-108.8738109787671
 20
7.284572027548064
 30
0.0
 10
-108.7857805610655
 20
7.433320290162783
 30
0.0
 10
-108.7089409632222
 20
7.582413048236519
 30
0.0
 10
-108.6467934169313
 20
7.733622014336479
 30
0.0
 10
-108.6000387700102
 20
7.886636476843418
 30
0.0
 10
-108.5649429527703
 20
8.04039628617943
 30
0.0
 10
-108.5437516979536
 20
8.195949820958948
 30
0.0
 10
-108.541030282515
 20
8.300340268715546
 30
0.0
 10
-108.5396748513901
 20
8.352333088340828
 30
0.0
  0
SPLINE
  5
82
330
1F
100
AcDbEntity
  8
0
  6
Continuous
 62
     7
370
    25
100
AcDbSpline
210
0.0
220
0.0
230
1.0
 70
     8
 71
     3
 72
    10
 73
     6
 74
     0
 42
0.00000001
 43
0.00000001
 40
0.0
 40
0.0
 40
0.0
 40
0.0
 40
0.5
 40
0.5
 40
1.0
 40
1.0
 40
1.0
 40
1.0
 10
-109.8108145572725
 20
6.561432353046711
 30
0.0
 10
-109.8919153283193
 20
6.564075619313703
 30
0.0
 10
-109.9730102310695
 20
6.568139685991389
 30
0.0
 10
-110.1340498267342
 20
6.588277141720139
 30
0.0
 10
-110.2135658356736
 20
6.605721650934265
 30
0.0
 10
-110.294729998449
 20
6.611064705987886
 30
0.0
  0
SPLINE
  5
83
330
1F
100
AcDbEntity
  8
0
  6
Continuous
 62
     7
370
    25
100
AcDbSpline
210
0.0
220
0.0
230
1.0
 70
     8
 71
     3
 72
    11
 73
     7
 74
     0
 42
0.00000001
 43
0.00000001
 40
0.0
 40
0.0
 40
0.0
 40
0.0
 40
0.1971902166523199
 40
0.4093200571724605
 40
0.6758808575358632
 40
1.0
 40
1.0
 40
1.0
 40
1.0
 10
-110.4808513219784
 20
6.500770588340827
 30
0.0
 10
-110.4784407521169
 20
6.516849696976048
 30
0.0
 10
-110.4734369815939
 20
6.550226107720883
 30
0.0
 10
-110.4283457367153
 20
6.585836508935071
 30
0.0
 10
-110.36831204149
 20
6.609048489229484
 30
0.0
 10
-110.3208005849577
 20
6.610350347548682
 30
0.0
 10
-110.294729998449
 20
6.611064705987886
 30
0.0
  0
SPLINE
  5
84
330
1F
100
AcDbEntity
  8
0
  6
Continuous
 62
     7
370
    25
100
AcDbSpline
210
0.0
220
0.0
230
1.0
 70
     8
 71
     3
 72
    11
 73
     7
 74
     0
 42
0.00000001
 43
0.00000001
 40
0.0
 40
0.0
 40
0.0
 40
0.0
 40
0.3297399477641553
 40
0.602484644430647
 40
0.8221335308375312
 40
1.0
 40
1.0
 40
1.0
 40
1.0
 10
-110.2423402925666
 20
6.373932353046712
 30
0.0
 10
-110.2748362148929
 20
6.375636245260139
 30
0.0
 10
-110.3342111688254
 20
6.378749513462293
 30
0.0
 10
-110.4107661837511
 20
6.403675909311825
 30
0.0
 10
-110.4685851808694
 20
6.443927446236092
 30
0.0
 10
-110.4770595177963
 20
6.483198797666031
 30
0.0
 10
-110.4808513219784
 20
6.500770588340827
 30
0.0
  0
SPLINE
  5
85
330
1F
100
AcDbEntity
  8
0
  6
Continuous
 62
     7
370
    25
100
AcDbSpline
210
0.0
220
0.0
230
1.0
 70
     8
 71
     3
 72
    13
 73
     9
 74
     0
 42
0.00000001
 43
0.00000001
 40
0.0
 40
0.0
 40
0.0
 40
0.0
 40
0.0716311388445566
 40
0.1661101242634794
 40
0.2898794709887446
 40
0.4397951670681355
 40
0.7395027825139169
 40
1.0
 40
1.0
 40
1.0
 40
1.0
 10
-109.819086616096
 20
6.384961764811416
 30
0.0
 10
-109.8291985148809
 20
6.385048955877066
 30
0.0
 10
-109.8526476571225
 20
6.385251148931418
 30
0.0
 10
-109.8935236762313
 20
6.383149270483834
 30
0.0
 10
-109.9454898090403
 20
6.382473060175306
 30
0.0
 10
-110.0263168353592
 20
6.378175865721274
 30
0.0
 10
-110.1265053480645
 20
6.374965113270601
 30
0.0
 10
-110.2055733797569
 20
6.374260159178688
 30
0.0
 10
-110.2423402925666
 20
6.373932353046711
 30
0.0
  0
SPLINE
  5
86
330
1F
100
AcDbEntity
  8
0
  6
Continuous
 62
     7
370
    25
100
AcDbSpline
210
0.0
220
0.0
230
1.0
 70
     8
 71
     3
 72
    15
 73
    11
 74
     0
 42
0.00000001
 43
0.00000001
 40
0.0
 40
0.0
 40
0.0
 40
0.0
 40
0.1500893007776479
 40
0.2921085021454835
 40
0.4275932301339389
 40
0.5594485086104737
 40
0.6836889064072037
 40
0.794287755899558
 40
0.8973371881387869
 40
1.0
 40
1.0
 40
1.0
 40
1.0
 10
-109.4220277925666
 20
5.805917647164358
 30
0.0
 10
-109.4231756295317
 20
5.844630262158807
 30
0.0
 10
-109.4254095858155
 20
5.919973967017
 30
0.0
 10
-109.447808079768
 20
6.02843900672671
 30
0.0
 10
-109.4851884964074
 20
6.127585218864867
 30
0.0
 10
-109.536254303382
 20
6.214925962091524
 30
0.0
 10
-109.59470449622
 20
6.290018833665197
 30
0.0
 10
-109.6639754796553
 20
6.343897166413669
 30
0.0
 10
-109.7393696127977
 20
6.378433651597724
 30
0.0
 10
-109.7925475963098
 20
6.382788455246622
 30
0.0
 10
-109.819086616096
 20
6.384961764811417
 30
0.0
  0
SPLINE
  5
87
330
1F
100
AcDbEntity
  8
0
  6
Continuous
 62
     7
370
    25
100
AcDbSpline
210
0.0
220
0.0
230
1.0
 70
     8
 71
     3
 72
    15
 73
    11
 74
     0
 42
0.00000001
 43
0.00000001
 40
0.0
 40
0.0
 40
0.0
 40
0.0
 40
0.1501285767797031
 40
0.2920238484102162
 40
0.4254173485347948
 40
0.5520172181375459
 40
0.6715889566934631
 40
0.7862753208345342
 40
0.8945942773653984
 40
1.0
 40
1.0
 40
1.0
 40
1.0
 10
-109.9721197043313
 20
4.358307353046708
 30
0.0
 10
-109.9281143095491
 20
4.423512061083979
 30
0.0
 10
-109.8425168502861
 20
4.550345540651625
 30
0.0
 10
-109.731161600367
 20
4.743585006884314
 30
0.0
 10
-109.6364883932247
 20
4.931774575554871
 30
0.0
 10
-109.5593489529103
 20
5.115151206407081
 30
0.0
 10
-109.496956885207
 20
5.29386917680853
 30
0.0
 10
-109.4552463998959
 20
5.46857009001465
 30
0.0
 10
-109.4265281916963
 20
5.638612250063516
 30
0.0
 10
-109.4235142314008
 20
5.750658272994387
 30
0.0
 10
-109.4220277925666
 20
5.805917647164358
 30
0.0
  0
SPLINE
  5
88
330
1F
100
AcDbEntity
  8
0
  6
Continuous
 62
     7
370
    25
100
AcDbSpline
210
0.0
220
0.0
230
1.0
 70
     8
 71
     3
 72
    15
 73
    11
 74
     0
 42
0.00000001
 43
0.00000001
 40
0.0
 40
0.0
 40
0.0
 40
0.0
 40
0.0908242237463343
 40
0.1874553402785737
 40
0.2907863892573557
 40
0.4043652757840411
 40
0.5309116942441106
 40
0.6716810508101569
 40
0.8275099975412553
 40
1.0
 40
1.0
 40
1.0
 40
1.0
 10
-110.8958329396254
 20
3.649667647164357
 30
0.0
 10
-110.8593019046423
 20
3.651931838406223
 30
0.0
 10
-110.7839042044359
 20
3.656604983104774
 30
0.0
 10
-110.6714229995677
 20
3.691851033412848
 30
0.0
 10
-110.5583989986478
 20
3.748295338359048
 30
0.0
 10
-110.4449094182105
 20
3.827441756637762
 30
0.0
 10
-110.3284511119139
 20
3.92716026495824
 30
0.0
 10
-110.2125790349814
 20
4.051828296487529
 30
0.0
 10
-110.0898919304588
 20
4.195043663669691
 30
0.0
 10
-110.012683139764
 20
4.302075622185344
 30
0.0
 10
-109.9721197043313
 20
4.358307353046708
 30
0.0
  0
SPLINE
  5
89
330
1F
100
AcDbEntity
  8
0
  6
Continuous
 62
     7
370
    25
100
AcDbSpline
210
0.0
220
0.0
230
1.0
 70
     8
 71
     3
 72
    15
 73
    11
 74
     0
 42
0.00000001
 43
0.00000001
 40
0.0
 40
0.0
 40
0.0
 40
0.0
 40
0.1403690905264351
 40
0.2685785154417361
 40
0.3888053093639358
 40
0.5091961235451176
 40
0.6289295085704761
 40
0.7461436620819973
 40
0.8684855685896727
 40
1.0
 40
1.0
 40
1.0
 40
1.0
 10
-111.2749689690372
 20
4.049483823634945
 30
0.0
 10
-111.2736809511863
 20
4.020409129139188
 30
0.0
 10
-111.271216491803
 20
3.964778375564401
 30
0.0
 10
-111.2515939651539
 20
3.886192507771547
 30
0.0
 10
-111.219506541232
 20
3.816339857791756
 30
0.0
 10
-111.1734224149511
 20
3.757061946017843
 30
0.0
 10
-111.1172443730887
 20
3.707925169091429
 30
0.0
 10
-111.0500359950905
 20
3.674854476195335
 30
0.0
 10
-110.9757682429803
 20
3.65308760160619
 30
0.0
 10
-110.9231122425903
 20
3.650834765689332
 30
0.0
 10
-110.8958329396254
 20
3.649667647164357
 30
0.0
  0
SPLINE
  5
8A
330
1F
100
AcDbEntity
  8
0
  6
Continuous
 62
     7
370
    25
100
AcDbSpline
210
0.0
220
0.0
230
1.0
 70
     8
 71
     3
 72
    15
 73
    11
 74
     0
 42
0.00000001
 43
0.00000001
 40
0.0
 40
0.0
 40
0.0
 40
0.0
 40
0.1581071238978624
 40
0.305530154654396
 40
0.4402437472606154
 40
0.5654807199157282
 40
0.6823334754102532
 40
0.7911879776773317
 40
0.8962271346920365
 40
1.0
 40
1.0
 40
1.0
 40
1.0
 10
-110.7427998513901
 20
4.853252205987886
 30
0.0
 10
-110.7846467812499
 20
4.82121874960964
 30
0.0
 10
-110.8655128335609
 20
4.759316498527753
 30
0.0
 10
-110.9741787191867
 20
4.660512234925938
 30
0.0
 10
-111.06669486406
 20
4.560843787522552
 30
0.0
 10
-111.1411593941094
 20
4.459541426103088
 30
0.0
 10
-111.2019606400504
 20
4.359265271293218
 30
0.0
 10
-111.2438129157524
 20
4.25694271981455
 30
0.0
 10
-111.2701620286014
 20
4.153759568236707
 30
0.0
 10
-111.2733731465835
 20
4.084101597006744
 30
0.0
 10
-111.2749689690372
 20
4.049483823634946
 30
0.0
  0
SPLINE
  5
8B
330
1F
100
AcDbEntity
  8
0
  6
Continuous
 62
     7
370
    25
100
AcDbSpline
210
0.0
220
0.0
230
1.0
 70
     8
 71
     3
 72
    11
 73
     7
 74
     0
 42
0.00000001
 43
0.00000001
 40
0.0
 40
0.0
 40
0.0
 40
0.0
 40
0.1139317887691841
 40
0.3127713761889403
 40
0.6085770851521973
 40
1.0
 40
1.0
 40
1.0
 40
1.0
 10
-110.592524116096
 20
4.998013235399652
 30
0.0
 10
-110.5953683210684
 20
4.990433704012067
 30
0.0
 10
-110.6031763780909
 20
4.969625986617536
 30
0.0
 10
-110.634765088479
 20
4.939107389219806
 30
0.0
 10
-110.680939026947
 20
4.897720262588215
 30
0.0
 10
-110.7203516896339
 20
4.869388850407601
 30
0.0
 10
-110.7427998513901
 20
4.853252205987886
 30
0.0
  0
SPLINE
  5
8C
330
1F
100
AcDbEntity
  8
0
  6
Continuous
 62
     7
370
    25
100
AcDbSpline
210
0.0
220
0.0
230
1.0
 70
     8
 71
     3
 72
    11
 73
     7
 74
     0
 42
0.00000001
 43
0.00000001
 40
0.0
 40
0.0
 40
0.0
 40
0.0
 40
0.2679189154110656
 40
0.526996822171765
 40
0.7745799040698531
 40
0.9999999999999999
 40
0.9999999999999999
 40
0.9999999999999999
 40
0.9999999999999999
 10
-110.6752447043313
 20
5.061432353046709
 30
0.0
 10
-110.6649113723873
 20
5.060817698149252
 30
0.0
 10
-110.6445856962827
 20
5.05960867124201
 30
0.0
 10
-110.6185161287903
 20
5.044797144487689
 30
0.0
 10
-110.5971357189545
 20
5.024897652736247
 30
0.0
 10
-110.5940125372266
 20
5.006690334463705
 30
0.0
 10
-110.592524116096
 20
4.99801323539965
 30
0.0
  0
SPLINE
  5
8D
330
1F
100
AcDbEntity
  8
0
  6
Continuous
 62
     7
370
    25
100
AcDbSpline
210
0.0
220
0.0
230
1.0
 70
     8
 71
     3
 72
    19
 73
    15
 74
     0
 42
0.00000001
 43
0.00000001
 40
0.0
 40
0.0
 40
0.0
 40
0.0
 40
0.1191250875804681
 40
0.2455835630622233
 40
0.3872421072853355
 40
0.5475708582629657
 40
0.6290054808361166
 40
0.7036145564271792
 40
0.7701565955736603
 40
0.8294094674526804
 40
0.8810484257491444
 40
0.9264086269200531
 40
0.9653357829375075
 40
0.9999999999999999
 40
0.9999999999999999
 40
0.9999999999999999
 40
0.9999999999999999
 10
-111.5396748513901
 20
4.057755882458474
 30
0.0
 10
-111.5350045840363
 20
4.113460767429257
 30
0.0
 10
-111.5253765458078
 20
4.228299752306017
 30
0.0
 10
-111.4562605860546
 20
4.398165740525583
 30
0.0
 10
-111.3454785478854
 20
4.565562366107497
 30
0.0
 10
-111.2253011189563
 20
4.699155725385946
 30
0.0
 10
-111.1177781746562
 20
4.800497393231119
 30
0.0
 10
-111.0399513064556
 20
4.869478793493695
 30
0.0
 10
-110.966461634363
 20
4.927500986748016
 30
0.0
 10
-110.8993761283167
 20
4.976191080085762
 30
0.0
 10
-110.8370199321475
 20
5.014393251211741
 30
0.0
 10
-110.7792066044224
 20
5.040847174507701
 30
0.0
 10
-110.725775363
 20
5.057433927144084
 30
0.0
 10
-110.6914249839649
 20
5.0601520283705
 30
0.0
 10
-110.6752447043313
 20
5.061432353046709
 30
0.0
  0
SPLINE
  5
8E
330
1F
100
AcDbEntity
  8
0
  6
Continuous
 62
     7
370
    25
100
AcDbSpline
210
0.0
220
0.0
230
1.0
 70
     8
 71
     3
 72
    15
 73
    11
 74
     0
 42
0.00000001
 43
0.00000001
 40
0.0
 40
0.0
 40
0.0
 40
0.0
 40
0.1617351051374381
 40
0.3059735679966797
 40
0.4363659952001936
 40
0.555804462103386
 40
0.6666688683215772
 40
0.7735665257017318
 40
0.8819039704473995
 40
1.0
 40
1.0
 40
1.0
 40
1.0
 10
-110.7303917631548
 20
3.473197058929062
 30
0.0
 10
-110.7911983387578
 20
3.474763734090707
 30
0.0
 10
-110.9062333825047
 20
3.477727600152395
 30
0.0
 10
-111.0680738596981
 20
3.507223862982127
 30
0.0
 10
-111.2095165276521
 20
3.552796995999714
 30
0.0
 10
-111.3289188354846
 20
3.618950233797539
 30
0.0
 10
-111.4241045774377
 20
3.7043589055987
 30
0.0
 10
-111.4923781095339
 20
3.807680697840869
 30
0.0
 10
-111.5320823274787
 20
3.928171212874764
 30
0.0
 10
-111.537072325574
 20
4.013337524095339
 30
0.0
 10
-111.5396748513901
 20
4.057755882458474
 30
0.0
  0
SPLINE
  5
8F
330
1F
100
AcDbEntity
  8
0
  6
Continuous
 62
     7
370
    25
100
AcDbSpline
210
0.0
220
0.0
230
1.0
 70
     8
 71
     3
 72
    23
 73
    19
 74
     0
 42
0.00000001
 43
0.00000001
 40
0.0
 40
0.0
 40
0.0
 40
0.0
 40
0.0542623360198708
 40
0.1084254022734833
 40
0.1635280672069999
 40
0.220312357032184
 40
0.2795357296179191
 40
0.3421434568547663
 40
0.4084926544014117
 40
0.4790054430413437
 40
0.5502003631765914
 40
0.6183410249438553
 40
0.6847603780346051
 40
0.7492972514020949
 40
0.8123152445939609
 40
0.8746595823754787
 40
0.9371349254133634
 40
1.0
 40
1.0
 40
1.0
 40
1.0
 10
-108.6279101455078
 20
5.284777941282004
 30
0.0
 10
-108.6302672773518
 20
5.229965506135318
 30
0.0
 10
-108.6349772288051
 20
5.120440911982341
 30
0.0
 10
-108.6659152002737
 20
4.957512038343288
 30
0.0
 10
-108.719180751439
 20
4.79802072158101
 30
0.0
 10
-108.7931043584108
 20
4.641402980034798
 30
0.0
 10
-108.8874883557562
 20
4.48714747652838
 30
0.0
 10
-109.0050981757325
 20
4.337500000317473
 30
0.0
 10
-109.1397977428947
 20
4.18732648979182
 30
0.0
 10
-109.2959042583894
 20
4.046244832568048
 30
0.0
 10
-109.4603871113003
 20
3.912308239981181
 30
0.0
 10
-109.6328925346506
 20
3.795893717857445
 30
0.0
 10
-109.8078184567191
 20
3.69632208303222
 30
0.0
 10
-109.985971936682
 20
3.613942038916258
 30
0.0
 10
-110.1679251077087
 20
3.552382397194725
 30
0.0
 10
-110.3520528811458
 20
3.505573405049208
 30
0.0
 10
-110.5403097720922
 20
3.479515685728178
 30
0.0
 10
-110.666899893681
 20
3.475307629350492
 30
0.0
 10
-110.7303917631548
 20
3.473197058929062
 30
0.0
  0
SPLINE
  5
90
330
1F
100
AcDbEntity
  8
0
  6
Continuous
 62
     7
370
    25
100
AcDbSpline
210
0.0
220
0.0
230
1.0
 70
     8
 71
     3
 72
    15
 73
    11
 74
     0
 42
0.00000001
 43
0.00000001
 40
0.0
 40
0.0
 40
0.0
 40
0.0
 40
0.1447785810593633
 40
0.2778876010866551
 40
0.4007695302425712
 40
0.5174425127292941
 40
0.631722742630173
 40
0.7472234001112988
 40
0.8695194196430441
 40
1.0
 40
1.0
 40
1.0
 40
1.0
 10
-109.591604998449
 20
6.477333088340828
 30
0.0
 10
-109.51551563422
 20
6.451601626462264
 30
0.0
 10
-109.3694699226299
 20
6.402212730939414
 30
0.0
 10
-109.1703466389366
 20
6.301622303399628
 30
0.0
 10
-109.0018037519924
 20
6.18070040713084
 30
0.0
 10
-108.8637502332736
 20
6.039721163040336
 30
0.0
 10
-108.7578677126729
 20
5.878230423828405
 30
0.0
 10
-108.6798750079887
 20
5.698203949977734
 30
0.0
 10
-108.6364532766672
 20
5.497295939576395
 30
0.0
 10
-108.6308186695204
 20
5.35713006717297
 30
0.0
 10
-108.6279101455078
 20
5.284777941282004
 30
0.0
  0
SPLINE
  5
91
330
1F
100
AcDbEntity
  8
0
  6
Continuous
 62
     7
370
    25
100
AcDbSpline
210
0.0
220
0.0
230
1.0
 70
     8
 71
     3
 72
    23
 73
    19
 74
     0
 42
0.00000001
 43
0.00000001
 40
0.0
 40
0.0
 40
0.0
 40
0.0
 40
0.0483136634963236
 40
0.0963530186141912
 40
0.1446666821105154
 40
0.1935948525085095
 40
0.2443360549937205
 40
0.2975074312164961
 40
0.3532531731747039
 40
0.4124554215533386
 40
0.4744175772639073
 40
0.5393810425765636
 40
0.6070605093161177
 40
0.6780162109113984
 40
0.7526885688502378
 40
0.8313607979240059
 40
0.9134078467940283
 40
1.0
 40
1.0
 40
1.0
 40
1.0
 10
-107.7455572043313
 20
8.003527941282004
 30
0.0
 10
-107.7466132446506
 20
7.962038535905855
 30
0.0
 10
-107.7487193294551
 20
7.879295287739549
 30
0.0
 10
-107.7741273892665
 20
7.757375653595772
 30
0.0
 10
-107.8106154530994
 20
7.63807227417699
 30
0.0
 10
-107.8641266612281
 20
7.522594543958185
 30
0.0
 10
-107.9323182829671
 20
7.410439492596274
 30
0.0
 10
-108.0152996836764
 20
7.301218117742689
 30
0.0
 10
-108.1144412349849
 20
7.196310679485115
 30
0.0
 10
-108.2270180183067
 20
7.094372347223696
 30
0.0
 10
-108.3548132108428
 20
6.998542782447742
 30
0.0
 10
-108.4935822062358
 20
6.905696492183706
 30
0.0
 10
-108.6461512866751
 20
6.820503494700054
 30
0.0
 10
-108.8108899181956
 20
6.740973916469665
 30
0.0
 10
-108.9873443386376
 20
6.664210015445954
 30
0.0
 10
-109.1776360941104
 20
6.596671842978335
 30
0.0
 10
-109.3797269949753
 20
6.532241463389886
 30
0.0
 10
-109.5197213048585
 20
6.495961812148239
 30
0.0
 10
-109.591604998449
 20
6.47733308834083
 30
0.0
  0
SPLINE
  5
92
330
1F
100
AcDbEntity
  8
0
  6
Continuous
 62
     7
370
    25
100
AcDbSpline
210
0.0
220
0.0
230
1.0
 70
     8
 71
     3
 72
    15
 73
    11
 74
     0
 42
0.00000001
 43
0.00000001
 40
0.0
 40
0.0
 40
0.0
 40
0.0
 40
0.1497711381496473
 40
0.2895722419713196
 40
0.4207874143990857
 40
0.5469496810403948
 40
0.6664631524386115
 40
0.7796934165075476
 40
0.8892956357751702
 40
1.0
 40
1.0
 40
1.0
 40
1.0
 10
-108.6168807337431
 20
9.038913970693772
 30
0.0
 10
-108.5508525760887
 20
9.010585029370269
 30
0.0
 10
-108.4231916536877
 20
8.95581296077903
 30
0.0
 10
-108.2502443024747
 20
8.851086906792247
 30
0.0
 10
-108.0983388795992
 20
8.735434353955476
 30
0.0
 10
-107.9737467730212
 20
8.603871081713784
 30
0.0
 10
-107.8709916144362
 20
8.46510246958379
 30
0.0
 10
-107.7985344324761
 20
8.317099010490221
 30
0.0
 10
-107.7529633928588
 20
8.162467245615785
 30
0.0
 10
-107.7480341538036
 20
8.05668411257467
 30
0.0
 10
-107.7455572043313
 20
8.003527941282004
 30
0.0
  0
SPLINE
  5
93
330
1F
100
AcDbEntity
  8
0
  6
Continuous
 62
     7
370
    25
100
AcDbSpline
210
0.0
220
0.0
230
1.0
 70
     8
 71
     3
 72
     9
 73
     5
 74
     0
 42
0.00000001
 43
0.00000001
 40
0.0
 40
0.0
 40
0.0
 40
0.0
 40
0.5497065105312611
 40
1.0
 40
1.0
 40
1.0
 40
1.0
 10
-108.2915130866842
 20
9.095439705987886
 30
0.0
 10
-108.3513312644999
 20
9.086220383789167
 30
0.0
 10
-108.4601496551677
 20
9.069449030308547
 30
0.0
 10
-108.56821818041
 20
9.048394630053355
 30
0.0
 10
-108.6168807337431
 20
9.038913970693772
 30
0.0
  0
SPLINE
  5
94
330
1F
100
AcDbEntity
  8
0
  6
Continuous
 62
     7
370
    25
100
AcDbSpline
210
0.0
220
0.0
230
1.0
 70
     8
 71
     3
 72
    11
 73
     7
 74
     0
 42
0.00000001
 43
0.00000001
 40
0.0
 40
0.0
 40
0.0
 40
0.0
 40
0.1188962093404056
 40
0.312383932825734
 40
0.6044647422871479
 40
1.0
 40
1.0
 40
1.0
 40
1.0
 10
-108.0102630866842
 20
9.212627205987888
 30
0.0
 10
-108.0153191195578
 20
9.200781841666645
 30
0.0
 10
-108.0286031716089
 20
9.169659726731693
 30
0.0
 10
-108.0911036050529
 20
9.142135394831366
 30
0.0
 10
-108.1783945156092
 20
9.115780201917161
 30
0.0
 10
-108.2502054853046
 20
9.102867461569714
 30
0.0
 10
-108.2915130866842
 20
9.095439705987886
 30
0.0
  0
SPLINE
  5
95
330
1F
100
AcDbEntity
  8
0
  6
Continuous
 62
     7
370
    25
100
AcDbSpline
210
0.0
220
0.0
230
1.0
 70
     8
 71
     3
 72
    11
 73
     7
 74
     0
 42
0.00000001
 43
0.00000001
 40
0.0
 40
0.0
 40
0.0
 40
0.0
 40
0.3438603353204456
 40
0.6069852597006882
 40
0.8056946695809977
 40
0.9999999999999999
 40
0.9999999999999999
 40
0.9999999999999999
 40
0.9999999999999999
 10
-108.115042498449
 20
9.269152941282004
 30
0.0
 10
-108.0997855622437
 20
9.269005329279157
 30
0.0
 10
-108.072853885532
 20
9.268744763285694
 30
0.0
 10
-108.0382408377962
 20
9.258825966640947
 30
0.0
 10
-108.0143613963436
 20
9.239076311474074
 30
0.0
 10
-108.0116189460397
 20
9.221377464044785
 30
0.0
 10
-108.0102630866842
 20
9.212627205987888
 30
0.0
  0
SPLINE
  5
96
330
1F
100
AcDbEntity
  8
0
  6
Continuous
 62
     7
370
    25
100
AcDbSpline
210
0.0
220
0.0
230
1.0
 70
     8
 71
     3
 72
    15
 73
    11
 74
     0
 42
0.00000001
 43
0.00000001
 40
0.0
 40
0.0
 40
0.0
 40
0.0
 40
0.1925288710431644
 40
0.3694784790237101
 40
0.5268460659954336
 40
0.6671260719354906
 40
0.7858265728204387
 40
0.8829738556741373
 40
0.9521502983506618
 40
1.0
 40
1.0
 40
1.0
 40
1.0
 10
-108.764399116096
 20
9.127149264811417
 30
0.0
 10
-108.723070005327
 20
9.137842884421088
 30
0.0
 10
-108.6437560982563
 20
9.158364805560662
 30
0.0
 10
-108.5301696837544
 20
9.185677513146054
 30
0.0
 10
-108.4275450742786
 20
9.208962347402663
 30
0.0
 10
-108.3375954847489
 20
9.229735378793597
 30
0.0
 10
-108.2603750385246
 20
9.246275604115388
 30
0.0
 10
-108.1984234231539
 20
9.258716503650163
 30
0.0
 10
-108.1515114524082
 20
9.266422265783884
 30
0.0
 10
-108.1256263929915
 20
9.26836045401916
 30
0.0
 10
-108.115042498449
 20
9.269152941282004
 30
0.0
  0
SPLINE
  5
97
330
1F
100
AcDbEntity
  8
0
  6
Continuous
 62
     7
370
    25
100
AcDbSpline
210
0.0
220
0.0
230
1.0
 70
     8
 71
     3
 72
    15
 73
    11
 74
     0
 42
0.00000001
 43
0.00000001
 40
0.0
 40
0.0
 40
0.0
 40
0.0
 40
0.1336166677170311
 40
0.2623084157571244
 40
0.3874998556312676
 40
0.5094032700049521
 40
0.6303116659392934
 40
0.751509678317149
 40
0.8753668472032984
 40
1.0
 40
1.0
 40
1.0
 40
1.0
 10
-110.2905939690372
 20
9.473197058929061
 30
0.0
 10
-110.2202619433083
 20
9.472009608110742
 30
0.0
 10
-110.0821902299423
 20
9.469678474216558
 30
0.0
 10
-109.8785547882106
 20
9.455119470954239
 30
0.0
 10
-109.6826629530982
 20
9.42676564124391
 30
0.0
 10
-109.4923950377527
 20
9.389865985939535
 30
0.0
 10
-109.3069260482552
 20
9.341191168558243
 30
0.0
 10
-109.1236376567281
 20
9.281561061976321
 30
0.0
 10
-108.9424487767499
 20
9.21014859677479
 30
0.0
 10
-108.8238724327846
 20
9.154873246630155
 30
0.0
 10
-108.764399116096
 20
9.127149264811417
 30
0.0
  0
SPLINE
  5
98
330
1F
100
AcDbEntity
  8
0
  6
Continuous
 62
     7
370
    25
100
AcDbSpline
210
0.0
220
0.0
230
1.0
 70
     8
 71
     3
 72
    15
 73
    11
 74
     0
 42
0.00000001
 43
0.00000001
 40
0.0
 40
0.0
 40
0.0
 40
0.0
 40
0.1189146500730529
 40
0.2401182548023975
 40
0.3646252508090725
 40
0.4930459014924689
 40
0.6223021071330261
 40
0.7493945105993967
 40
0.8754017826124613
 40
1.0
 40
1.0
 40
1.0
 40
1.0
 10
-113.5442704396254
 20
8.593601470693768
 30
0.0
 10
-113.4271484236238
 20
8.66118410736718
 30
0.0
 10
-113.1906499428734
 20
8.797650259880722
 30
0.0
 10
-112.8132326974183
 20
8.970222009464214
 30
0.0
 10
-112.415329095497
 20
9.121053385270146
 30
0.0
 10
-111.9988863160125
 20
9.24560906090197
 30
0.0
 10
-111.5734783607816
 20
9.348418893830146
 30
0.0
 10
-111.1444009278197
 20
9.418929428286821
 30
0.0
 10
-110.7171939664081
 20
9.465873108062759
 30
0.0
 10
-110.4322599447413
 20
9.470764910190486
 30
0.0
 10
-110.2905939690372
 20
9.473197058929061
 30
0.0
  0
SPLINE
  5
99
330
1F
100
AcDbEntity
  8
0
  6
Continuous
 62
     7
370
    25
100
AcDbSpline
210
0.0
220
0.0
230
1.0
 70
     8
 71
     3
 72
    15
 73
    11
 74
     0
 42
0.00000001
 43
0.00000001
 40
0.0
 40
0.0
 40
0.0
 40
0.0
 40
0.0935615911769873
 40
0.192975024431927
 40
0.3015202520173204
 40
0.4222680114210062
 40
0.553693065942195
 40
0.6922813933034146
 40
0.8411795458432298
 40
1.0
 40
1.0
 40
1.0
 40
1.0
 10
-114.8043807337431
 20
6.991579411870239
 30
0.0
 10
-114.8001764176246
 20
7.057749852915584
 30
0.0
 10
-114.7915048249819
 20
7.194229388126153
 30
0.0
 10
-114.7243333421578
 20
7.398432623017371
 30
0.0
 10
-114.6185450720174
 20
7.605614857346805
 30
0.0
 10
-114.4728803790661
 20
7.815536558298804
 30
0.0
 10
-114.2901198517681
 20
8.02303379238413
 30
0.0
 10
-114.0723487551589
 20
8.223907820931347
 30
0.0
 10
-113.8226504288919
 20
8.417075740048109
 30
0.0
 10
-113.6390372877486
 20
8.533508117180732
 30
0.0
 10
-113.5442704396254
 20
8.593601470693768
 30
0.0
  0
SPLINE
  5
9A
330
1F
100
AcDbEntity
  8
0
  6
Continuous
 62
     7
370
    25
100
AcDbSpline
210
0.0
220
0.0
230
1.0
 70
     8
 71
     3
 72
    23
 73
    19
 74
     0
 42
0.00000001
 43
0.00000001
 40
0.0
 40
0.0
 40
0.0
 40
0.0
 40
0.0756521090917409
 40
0.1476088351139586
 40
0.2170393295316433
 40
0.2845562492063236
 40
0.3494339980271351
 40
0.412757200366226
 40
0.4751176671777118
 40
0.5372181892694544
 40
0.5981458559503955
 40
0.6568009116693463
 40
0.7132810278195819
 40
0.7694567286594606
 40
0.825770481808701
 40
0.8817904671472973
 40
0.9395842499709376
 40
1.0
 40
1.0
 40
1.0
 40
1.0
 10
-113.6118255866843
 20
6.032020588340827
 30
0.0
 10
-113.6550595606555
 20
6.032755133935292
 30
0.0
 10
-113.7394156561015
 20
6.034188344731909
 30
0.0
 10
-113.8628549491574
 20
6.047112623846161
 30
0.0
 10
-113.9807071255479
 20
6.066977675301914
 30
0.0
 10
-114.0918378059914
 20
6.098125384153219
 30
0.0
 10
-114.197858665757
 20
6.134259532029812
 30
0.0
 10
-114.295643871661
 20
6.182520989472216
 30
0.0
 10
-114.3891270803389
 20
6.235436359913319
 30
0.0
 10
-114.4740838759701
 20
6.299150389566299
 30
0.0
 10
-114.5508338651793
 20
6.369178074698365
 30
0.0
 10
-114.6190295542993
 20
6.443397177612233
 30
0.0
 10
-114.6761397121031
 20
6.523120507886561
 30
0.0
 10
-114.7237807977231
 20
6.607398723671269
 30
0.0
 10
-114.7587877426264
 20
6.697318948213961
 30
0.0
 10
-114.7860371931346
 20
6.790788054891507
 30
0.0
 10
-114.8009744728262
 20
6.88953830661674
 30
0.0
 10
-114.8032286470688
 20
6.957066436952992
 30
0.0
 10
-114.8043807337431
 20
6.991579411870241
 30
0.0
  0
SPLINE
  5
9B
330
1F
100
AcDbEntity
  8
0
  6
Continuous
 62
     7
370
    25
100
AcDbSpline
210
0.0
220
0.0
230
1.0
 70
     8
 71
     3
 72
    23
 73
    19
 74
     0
 42
0.00000001
 43
0.00000001
 40
0.0
 40
0.0
 40
0.0
 40
0.0
 40
0.0657601191234583
 40
0.1293566789516267
 40
0.1919102100574316
 40
0.2532669666277063
 40
0.314603130226578
 40
0.3769029250012914
 40
0.4398575287644962
 40
0.5047728564390779
 40
0.5693625211353143
 40
0.6319657447417626
 40
0.6935122649297779
 40
0.7536532822482789
 40
0.814180855344867
 40
0.874592721420213
 40
0.9364416523724981
 40
1.0
 40
1.0
 40
1.0
 40
1.0
 10
-111.6389395572725
 20
8.036616176576121
 30
0.0
 10
-111.6409638147236
 20
7.968060926527063
 30
0.0
 10
-111.6449457299742
 20
7.83320594771543
 30
0.0
 10
-111.6713930614537
 20
7.634533330487275
 30
0.0
 10
-111.7162311888057
 20
7.443864528086683
 30
0.0
 10
-111.7826095779551
 20
7.262168294248517
 30
0.0
 10
-111.8637424300397
 20
7.086934362643203
 30
0.0
 10
-111.9645936029503
 20
6.920110153753704
 30
0.0
 10
-112.0847157521792
 20
6.762053178578046
 30
0.0
 10
-112.2196562854752
 20
6.613230667884537
 30
0.0
 10
-112.3675461366826
 20
6.47779766232022
 30
0.0
 10
-112.5240142422516
 20
6.358058200610885
 30
0.0
 10
-112.6879852171655
 20
6.257240644824329
 30
0.0
 10
-112.8596739254735
 20
6.175297656566069
 30
0.0
 10
-113.037163654752
 20
6.110108556366808
 30
0.0
 10
-113.222476791953
 20
6.064190460875793
 30
0.0
 10
-113.4148481773525
 20
6.038144795861768
 30
0.0
 10
-113.54557248601
 20
6.034080457738088
 30
0.0
 10
-113.6118255866843
 20
6.032020588340827
 30
0.0
  0
SPLINE
  5
9C
330
1F
100
AcDbEntity
  8
0
  6
Continuous
 62
     7
370
    25
100
AcDbSpline
210
0.0
220
0.0
230
1.0
 70
     8
 71
     3
 72
    15
 73
    11
 74
     0
 42
0.00000001
 43
0.00000001
 40
0.0
 40
0.0
 40
0.0
 40
0.0
 40
0.0626103033750928
 40
0.1268080444423975
 40
0.1919071380444613
 40
0.2735409861151581
 40
0.3833444592174096
 40
0.5407981607575167
 40
0.7460926707151914
 40
1.0
 40
1.0
 40
1.0
 40
1.0
 10
-111.7423402925666
 20
8.414373529517297
 30
0.0
 10
-111.733452567649
 20
8.413650117495036
 30
0.0
 10
-111.7154517761563
 20
8.412184951876545
 30
0.0
 10
-111.6911172740479
 20
8.397764124642773
 30
0.0
 10
-111.674140273469
 20
8.37277432882004
 30
0.0
 10
-111.6596456937645
 20
8.339349414104024
 30
0.0
 10
-111.651356117785
 20
8.290510068334873
 30
0.0
 10
-111.6426218689848
 20
8.22441949704407
 30
0.0
 10
-111.639779062941
 20
8.13726429282858
 30
0.0
 10
-111.6392384689281
 20
8.072452617226556
 30
0.0
 10
-111.6389395572725
 20
8.036616176576121
 30
0.0
  0
SPLINE
  5
9D
330
1F
100
AcDbEntity
  8
0
  6
Continuous
 62
     7
370
    25
100
AcDbSpline
210
0.0
220
0.0
230
1.0
 70
     8
 71
     3
 72
    13
 73
     9
 74
     0
 42
0.00000001
 43
0.00000001
 40
0.0
 40
0.0
 40
0.0
 40
0.0
 40
0.3232185213480721
 40
0.6459655634132228
 40
0.7902826453681115
 40
0.8962273581835869
 40
0.9639344713782735
 40
1.0
 40
1.0
 40
1.0
 40
1.0
 10
-112.0001527925666
 20
7.693325735399652
 30
0.0
 10
-111.9649443241333
 20
7.769190856837908
 30
0.0
 10
-111.894578745906
 20
7.92081043516183
 30
0.0
 10
-111.8463111699831
 20
8.119221817649901
 30
0.0
 10
-111.8165954445261
 20
8.265174914057686
 30
0.0
 10
-111.792645185198
 20
8.34157972402615
 30
0.0
 10
-111.7750650722369
 20
8.397051268310678
 30
0.0
 10
-111.7507803091525
 20
8.409905961718156
 30
0.0
 10
-111.7423402925666
 20
8.414373529517297
 30
0.0
  0
SPLINE
  5
9E
330
1F
100
AcDbEntity
  8
0
  6
Continuous
 62
     7
370
    25
100
AcDbSpline
210
0.0
220
0.0
230
1.0
 70
     8
 71
     3
 72
    19
 73
    15
 74
     0
 42
0.00000001
 43
0.00000001
 40
0.0
 40
0.0
 40
0.0
 40
0.0
 40
0.0502131451428943
 40
0.1021573861708178
 40
0.1560026703323489
 40
0.2125225626692056
 40
0.2717309886198603
 40
0.3343872649116199
 40
0.4004674425743916
 40
0.4700300052648976
 40
0.6094475146902714
 40
0.7432079325965162
 40
0.8723314679370233
 40
1.0
 40
1.0
 40
1.0
 40
1.0
 10
-113.8903182337431
 20
6.384961764811416
 30
0.0
 10
-113.8502414101446
 20
6.385781330635252
 30
0.0
 10
-113.7687061162847
 20
6.387448716777263
 30
0.0
 10
-113.6460003769671
 20
6.409311142992523
 30
0.0
 10
-113.5194508895405
 20
6.436723373454633
 30
0.0
 10
-113.3915972671982
 20
6.481231915758109
 30
0.0
 10
-113.2594938276609
 20
6.534146320073922
 30
0.0
 10
-113.1266694193713
 20
6.603707750980778
 30
0.0
 10
-112.9878258815478
 20
6.679391253964072
 30
0.0
 10
-112.8051223066188
 20
6.800916897870893
 30
0.0
 10
-112.5871248846751
 20
6.966217301055975
 30
0.0
 10
-112.3535339047809
 20
7.186879545231013
 30
0.0
 10
-112.1555126557228
 20
7.428767758954701
 30
0.0
 10
-112.0517434255162
 20
7.605473485922977
 30
0.0
 10
-112.0001527925666
 20
7.693325735399652
 30
0.0
  0
SPLINE
  5
9F
330
1F
100
AcDbEntity
  8
0
  6
Continuous
 62
     7
370
    25
100
AcDbSpline
210
0.0
220
0.0
230
1.0
 70
     8
 71
     3
 72
    15
 73
    11
 74
     0
 42
0.00000001
 43
0.00000001
 40
0.0
 40
0.0
 40
0.0
 40
0.0
 40
0.1294669442976304
 40
0.2493036734615778
 40
0.3653231703287768
 40
0.4832748825309942
 40
0.603111611694941
 40
0.7266243170772367
 40
0.8568099308687107
 40
1.0
 40
1.0
 40
1.0
 40
1.0
 10
-114.5396748513901
 20
6.981928676576121
 30
0.0
 10
-114.5378161498842
 20
6.938922252027316
 30
0.0
 10
-114.5342370037491
 20
6.856108374858665
 30
0.0
 10
-114.4993610953636
 20
6.739114773990695
 30
0.0
 10
-114.4455984365266
 20
6.633881820365764
 30
0.0
 10
-114.3666013670052
 20
6.545887284994835
 30
0.0
 10
-114.2708680061964
 20
6.472505595437068
 30
0.0
 10
-114.156779288471
 20
6.422469867907203
 30
0.0
 10
-114.0287203704941
 20
6.388831819652423
 30
0.0
 10
-113.9378925036671
 20
6.386292055209735
 30
0.0
 10
-113.8903182337431
 20
6.384961764811416
 30
0.0
  0
SPLINE
  5
A0
330
1F
100
AcDbEntity
  8
0
  6
Continuous
 62
     7
370
    25
100
AcDbSpline
210
0.0
220
0.0
230
1.0
 70
     8
 71
     3
 72
    19
 73
    15
 74
     0
 42
0.00000001
 43
0.00000001
 40
0.0
 40
0.0
 40
0.0
 40
0.0
 40
0.1557409641608429
 40
0.3038645366953626
 40
0.4459945746874246
 40
0.5827671145810545
 40
0.647651794060115
 40
0.7084920214032084
 40
0.7654697704922657
 40
0.8184890941230992
 40
0.8681869073299375
 40
0.9140178492841993
 40
0.9580199700280934
 40
1.0
 40
1.0
 40
1.0
 40
1.0
 10
-113.358149116096
 20
8.440568382458473
 30
0.0
 10
-113.4432483240051
 20
8.386407796436874
 30
0.0
 10
-113.6092844823387
 20
8.280735653803891
 30
0.0
 10
-113.83622161286
 20
8.101397927612553
 30
0.0
 10
-114.0381329261604
 20
7.912239452811443
 30
0.0
 10
-114.1872561448282
 20
7.746446176362349
 30
0.0
 10
-114.2894278297559
 20
7.6105549996489
 30
0.0
 10
-114.3558071299014
 20
7.512625402860182
 30
0.0
 10
-114.412984016913
 20
7.417829373825562
 30
0.0
 10
-114.4584657416706
 20
7.324888651381127
 30
0.0
 10
-114.4949171649386
 20
7.235754879148415
 30
0.0
 10
-114.5200488963807
 20
7.148864749015236
 30
0.0
 10
-114.5359907013433
 20
7.064773623632711
 30
0.0
 10
-114.5384662073317
 20
7.00910727998664
 30
0.0
 10
-114.5396748513901
 20
6.981928676576121
 30
0.0
  0
SPLINE
  5
A1
330
1F
100
AcDbEntity
  8
0
  6
Continuous
 62
     7
370
    25
100
AcDbSpline
210
0.0
220
0.0
230
1.0
 70
     8
 71
     3
 72
    15
 73
    11
 74
     0
 42
0.00000001
 43
0.00000001
 40
0.0
 40
0.0
 40
0.0
 40
0.0
 40
0.1176550234172396
 40
0.2389972634357536
 40
0.3651747073741463
 40
0.4966880507473146
 40
0.6285365041970841
 40
0.7559804767849906
 40
0.8794130231935986
 40
1.0
 40
1.0
 40
1.0
 40
1.0
 10
-110.3333329396254
 20
9.296726470693766
 30
0.0
 10
-110.4579813646697
 20
9.293479599236987
 30
0.0
 10
-110.7111845991081
 20
9.286884101906235
 30
0.0
 10
-111.0960227944091
 20
9.242603989093638
 30
0.0
 10
-111.4909994818329
 20
9.16880989782318
 30
0.0
 10
-111.8911782948656
 20
9.067141568525763
 30
0.0
 10
-112.2868540921769
 20
8.944321581533309
 30
0.0
 10
-112.6649943013357
 20
8.797400581034545
 30
0.0
 10
-113.0232552587909
 20
8.633402269006645
 30
0.0
 10
-113.247389056138
 20
8.504344687607468
 30
0.0
 10
-113.358149116096
 20
8.440568382458473
 30
0.0
  0
SPLINE
  5
A2
330
1F
100
AcDbEntity
  8
0
  6
Continuous
 62
     7
370
    25
100
AcDbSpline
210
0.0
220
0.0
230
1.0
 70
     8
 71
     3
 72
    15
 73
    11
 74
     0
 42
0.00000001
 43
0.00000001
 40
0.0
 40
0.0
 40
0.0
 40
0.0
 40
0.106188245718606
 40
0.2164132376127815
 40
0.3318574059198792
 40
0.4536632562261866
 40
0.5804617093399659
 40
0.7143805616135156
 40
0.8538312453148245
 40
1.0
 40
1.0
 40
1.0
 40
1.0
 10
-108.9684432337431
 20
9.056836764811415
 30
0.0
 10
-109.0136093040016
 20
9.076991938224522
 30
0.0
 10
-109.1056584326859
 20
9.118068483970793
 30
0.0
 10
-109.2531208543255
 20
9.16474491304214
 30
0.0
 10
-109.4092670715713
 20
9.207060805934985
 30
0.0
 10
-109.5758035550594
 20
9.238881293724445
 30
0.0
 10
-109.7518332875862
 20
9.265897264335617
 30
0.0
 10
-109.9373941958127
 20
9.2827636135916
 30
0.0
 10
-110.1323618568095
 20
9.294246929190605
 30
0.0
 10
-110.2653002945131
 20
9.295887097363224
 30
0.0
 10
-110.3333329396254
 20
9.296726470693766
 30
0.0
  0
SPLINE
  5
A3
330
1F
100
AcDbEntity
  8
0
  6
Continuous
 62
     7
370
    25
100
AcDbSpline
210
0.0
220
0.0
230
1.0
 70
     8
 71
     3
 72
    19
 73
    15
 74
     0
 42
0.00000001
 43
0.00000001
 40
0.0
 40
0.0
 40
0.0
 40
0.0
 40
0.1510432275331254
 40
0.294959063607481
 40
0.4325348498849249
 40
0.5639506900532553
 40
0.6271245517275065
 40
0.6877525646966989
 40
0.7453406260522636
 40
0.8005845655042049
 40
0.8532448353354516
 40
0.904089036222222
 40
0.952822021896712
 40
1.0
 40
1.0
 40
1.0
 40
1.0
 10
-111.4762557337431
 20
6.833031617752592
 30
0.0
 10
-111.3805225474696
 20
6.976228775478455
 30
0.0
 10
-111.1935736094698
 20
7.255865937924617
 30
0.0
 10
-110.8910199274335
 20
7.645909945731416
 30
0.0
 10
-110.5767237729514
 20
7.996942499316411
 30
0.0
 10
-110.3034599660773
 20
8.259665219876883
 30
0.0
 10
-110.0831464100537
 20
8.449891029514953
 30
0.0
 10
-109.9192923726706
 20
8.576258429852418
 30
0.0
 10
-109.7572888592332
 20
8.689743706109338
 30
0.0
 10
-109.5981620068406
 20
8.791436853592092
 30
0.0
 10
-109.4381367715874
 20
8.876232132232188
 30
0.0
 10
-109.2818818507564
 20
8.952026314537932
 30
0.0
 10
-109.1252082337441
 20
9.011531202280754
 30
0.0
 10
-109.0201303567323
 20
9.04189902882057
 30
0.0
 10
-108.9684432337431
 20
9.056836764811415
 30
0.0
  0
SPLINE
  5
A4
330
1F
100
AcDbEntity
  8
0
  6
Continuous
 62
     7
370
    25
100
AcDbSpline
210
0.0
220
0.0
230
1.0
 70
     8
 71
     3
 72
    11
 73
     7
 74
     0
 42
0.00000001
 43
0.00000001
 40
0.0
 40
0.0
 40
0.0
 40
0.0
 40
0.3030452120572669
 40
0.5700758202296409
 40
0.8018853270694242
 40
1.0
 40
1.0
 40
1.0
 40
1.0
 10
-95.4160535278607
 20
6.976413970693769
 30
0.0
 10
-95.43041329741733
 20
6.90658431008593
 30
0.0
 10
-95.45742628783127
 20
6.775223709543428
 30
0.0
 10
-95.49372944444902
 20
6.590100393577044
 30
0.0
 10
-95.52866000039648
 20
6.42989982085581
 30
0.0
 10
-95.55067141168313
 20
6.331185778125241
 30
0.0
 10
-95.56081455727247
 20
6.285697058929063
 30
0.0
  0
SPLINE
  5
A5
330
1F
100
AcDbEntity
  8
0
  6
Continuous
 62
     7
370
    25
100
AcDbSpline
210
0.0
220
0.0
230
1.0
 70
     8
 71
     3
 72
    15
 73
    11
 74
     0
 42
0.00000001
 43
0.00000001
 40
0.0
 40
0.0
 40
0.0
 40
0.0
 40
0.0744894321670835
 40
0.1631757896873508
 40
0.2658217266012236
 40
0.382983587310393
 40
0.5156933222854351
 40
0.661752123703081
 40
0.8235167845018003
 40
1.0
 40
1.0
 40
1.0
 40
1.0
 10
-95.15134764550776
 20
7.96768235304671
 30
0.0
 10
-95.16169326431121
 20
7.9443428306996
 30
0.0
 10
-95.18435627124981
 20
7.89321551130517
 30
0.0
 10
-95.21575665921011
 20
7.807628724370096
 30
0.0
 10
-95.2467976217372
 20
7.706566226191757
 30
0.0
 10
-95.28050785634562
 20
7.590544065066655
 30
0.0
 10
-95.3123502954887
 20
7.458636954827236
 30
0.0
 10
-95.34776182808388
 20
7.311887323826038
 30
0.0
 10
-95.38139277587796
 20
7.149352768207908
 30
0.0
 10
-95.40416957319194
 20
7.03570861124724
 30
0.0
 10
-95.4160535278607
 20
6.976413970693769
 30
0.0
  0
SPLINE
  5
A6
330
1F
100
AcDbEntity
  8
0
  6
Continuous
 62
     7
370
    25
100
AcDbSpline
210
0.0
220
0.0
230
1.0
 70
     8
 71
     3
 72
    13
 73
     9
 74
     0
 42
0.00000001
 43
0.00000001
 40
0.0
 40
0.0
 40
0.0
 40
0.0
 40
0.0769844111816355
 40
0.173126599748619
 40
0.2999897229550003
 40
0.4518249250099093
 40
0.753645470014562
 40
1.0
 40
1.0
 40
1.0
 40
1.0
 10
-94.95143955727247
 20
8.331652941282005
 30
0.0
 10
-94.95279298202348
 20
8.320949320648939
 30
0.0
 10
-94.95583663490801
 20
8.296878454654651
 30
0.0
 10
-94.9738561355162
 20
8.258685735268529
 30
0.0
 10
-94.99735639843848
 20
8.212068568985355
 30
0.0
 10
-95.04526256437745
 20
8.146606282267502
 30
0.0
 10
-95.10159896462167
 20
8.066774342928387
 30
0.0
 10
-95.13592240166494
 20
7.998407149756297
 30
0.0
 10
-95.15134764550776
 20
7.96768235304671
 30
0.0
  0
SPLINE
  5
A7
330
1F
100
AcDbEntity
  8
0
  6
Continuous
 62
     7
370
    25
100
AcDbSpline
210
0.0
220
0.0
230
1.0
 70
     8
 71
     3
 72
    11
 73
     7
 74
     0
 42
0.00000001
 43
0.00000001
 40
0.0
 40
0.0
 40
0.0
 40
0.0
 40
0.2835082653026558
 40
0.5028455017755137
 40
0.7164917346972886
 40
1.0
 40
1.0
 40
1.0
 40
1.0
 10
-95.02864543962541
 20
8.410237500105534
 30
0.0
 10
-95.01638204688963
 20
8.410122486561756
 30
0.0
 10
-94.99463103420887
 20
8.409918492356963
 30
0.0
 10
-94.96787263693301
 20
8.392634953511807
 30
0.0
 10
-94.9520911946428
 20
8.365281181376906
 30
0.0
 10
-94.95167620821715
 20
8.343865492539619
 30
0.0
 10
-94.95143955727247
 20
8.331652941282005
 30
0.0
  0
SPLINE
  5
A8
330
1F
100
AcDbEntity
  8
0
  6
Continuous
 62
     7
370
    25
100
AcDbSpline
210
0.0
220
0.0
230
1.0
 70
     8
 71
     3
 72
    19
 73
    15
 74
     0
 42
0.00000001
 43
0.00000001
 40
0.0
 40
0.0
 40
0.0
 40
0.0
 40
0.1674221495955856
 40
0.3292771336785416
 40
0.4856865350965832
 40
0.6375385816427739
 40
0.7088907958588977
 40
0.7723096539808054
 40
0.8278441112210865
 40
0.8765592918778871
 40
0.917185908293244
 40
0.9514555720955413
 40
0.9786432435092582
 40
1.0
 40
1.0
 40
1.0
 40
1.0
 10
-96.38250573374305
 20
6.86474117657612
 30
0.0
 10
-96.32659733912038
 20
6.96722706171015
 30
0.0
 10
-96.21663963057112
 20
7.168790944272627
 30
0.0
 10
-96.02815241412605
 20
7.450294309883213
 30
0.0
 10
-95.83434651587622
 20
7.714816102677692
 30
0.0
 10
-95.65780831773093
 20
7.912272805618008
 30
0.0
 10
-95.51992858009336
 20
8.056843501264268
 30
0.0
 10
-95.4243823005124
 20
8.148845666715955
 30
0.0
 10
-95.33903976136472
 20
8.228751930854335
 30
0.0
 10
-95.26110068708361
 20
8.292936774132064
 30
0.0
 10
-95.19170587459736
 20
8.344383039176186
 30
0.0
 10
-95.13002415009717
 20
8.37950872612494
 30
0.0
 10
-95.07741919050247
 20
8.405142604339444
 30
0.0
 10
-95.043547177409
 20
8.408680867708476
 30
0.0
 10
-95.02864543962541
 20
8.410237500105534
 30
0.0
  0
SPLINE
  5
A9
330
1F
100
AcDbEntity
  8
0
  6
Continuous
 62
     7
370
    25
100
AcDbSpline
210
0.0
220
0.0
230
1.0
 70
     8
 71
     3
 72
    23
 73
    19
 74
     0
 42
0.00000001
 43
0.00000001
 40
0.0
 40
0.0
 40
0.0
 40
0.0
 40
0.054832376183963
 40
0.113661967070668
 40
0.1765746124245738
 40
0.2438624629880961
 40
0.3154803507893238
 40
0.3919535378269471
 40
0.4726997587975172
 40
0.558258225902125
 40
0.6425111399901715
 40
0.7180589701662831
 40
0.7857463990815182
 40
0.8449235051181707
 40
0.8960497814794648
 40
0.9391264609899445
 40
0.9739135520142443
 40
1.0
 40
1.0
 40
1.0
 40
1.0
 10
-97.63020793962541
 20
4.409318382458474
 30
0.0
 10
-97.59699311539792
 20
4.447451883807654
 30
0.0
 10
-97.52814214594633
 20
4.526498773187355
 30
0.0
 10
-97.43291980869343
 20
4.658699557788384
 30
0.0
 10
-97.33558761027413
 20
4.80327698349613
 30
0.0
 10
-97.24140855803772
 20
4.963821802194915
 30
0.0
 10
-97.14585290363989
 20
5.137874150731403
 30
0.0
 10
-97.05121638748696
 20
5.326447829754875
 30
0.0
 10
-96.95693455300845
 20
5.529474050474954
 30
0.0
 10
-96.86837311075801
 20
5.742818890238949
 30
0.0
 10
-96.78101273326632
 20
5.951433825187833
 30
0.0
 10
-96.70141138629242
 20
6.145445397075636
 30
0.0
 10
-96.62835809245533
 20
6.317138410155116
 30
0.0
 10
-96.56345935633895
 20
6.467834548820004
 30
0.0
 10
-96.50671828539684
 20
6.597331348908297
 30
0.0
 10
-96.45941293336155
 20
6.706439608821817
 30
0.0
 10
-96.41781305825906
 20
6.792776649113751
 30
0.0
 10
-96.39309730253602
 20
6.843153099492381
 30
0.0
 10
-96.38250573374305
 20
6.86474117657612
 30
0.0
  0
SPLINE
  5
AA
330
1F
100
AcDbEntity
  8
0
  6
Continuous
 62
     7
370
    25
100
AcDbSpline
210
0.0
220
0.0
230
1.0
 70
     8
 71
     3
 72
    15
 73
    11
 74
     0
 42
0.00000001
 43
0.00000001
 40
0.0
 40
0.0
 40
0.0
 40
0.0
 40
0.122603487510547
 40
0.2428724065781021
 40
0.3638464268076562
 40
0.486330871965005
 40
0.6108036572195069
 40
0.7365349309416866
 40
0.8662083478861281
 40
1.0
 40
1.0
 40
1.0
 40
1.0
 10
-99.26807558668423
 20
3.649667647164355
 30
0.0
 10
-99.19210617870621
 20
3.652105327860467
 30
0.0
 10
-99.041613942991
 20
3.656934271874657
 30
0.0
 10
-98.81866991854368
 20
3.694121390725396
 30
0.0
 10
-98.6012813753813
 20
3.754785040390887
 30
0.0
 10
-98.38976223225404
 20
3.840938780544964
 30
0.0
 10
-98.18600328033357
 20
3.950217380463871
 30
0.0
 10
-97.98985060285604
 20
4.080793678895301
 30
0.0
 10
-97.80330042014705
 20
4.234276072868626
 30
0.0
 10
-97.6885035648552
 20
4.350366076451541
 30
0.0
 10
-97.63020793962541
 20
4.409318382458474
 30
0.0
  0
SPLINE
  5
AB
330
1F
100
AcDbEntity
  8
0
  6
Continuous
 62
     7
370
    25
100
AcDbSpline
210
0.0
220
0.0
230
1.0
 70
     8
 71
     3
 72
    15
 73
    11
 74
     0
 42
0.00000001
 43
0.00000001
 40
0.0
 40
0.0
 40
0.0
 40
0.0
 40
0.0796603219842993
 40
0.1671472990242732
 40
0.2703098479856166
 40
0.3940211920002348
 40
0.5327730586494751
 40
0.6786590617690873
 40
0.8337161602811066
 40
1.0
 40
1.0
 40
1.0
 40
1.0
 10
-100.3337924984489
 20
4.181836764811415
 30
0.0
 10
-100.3297692648716
 20
4.147532219036725
 30
0.0
 10
-100.3213275135826
 20
4.075552693626017
 30
0.0
 10
-100.2561856917275
 20
3.975311842442864
 30
0.0
 10
-100.1539873448711
 20
3.886619723945625
 30
0.0
 10
-100.0197903058676
 20
3.804156359388829
 30
0.0
 10
-99.8578644723102
 20
3.736036567633001
 30
0.0
 10
-99.67593132293291
 20
3.685009068257294
 30
0.0
 10
-99.47728860221295
 20
3.654411165466729
 30
0.0
 10
-99.33941885124835
 20
3.651285223778104
 30
0.0
 10
-99.26807558668423
 20
3.649667647164355
 30
0.0
  0
SPLINE
  5
AC
330
1F
100
AcDbEntity
  8
0
  6
Continuous
 62
     7
370
    25
100
AcDbSpline
210
0.0
220
0.0
230
1.0
 70
     8
 71
     3
 72
    15
 73
    11
 74
     0
 42
0.00000001
 43
0.00000001
 40
0.0
 40
0.0
 40
0.0
 40
0.0
 40
0.1816019837971745
 40
0.341812970215658
 40
0.4827211058015093
 40
0.60323828424907
 40
0.710617830168318
 40
0.8073895459749536
 40
0.9015676378329718
 40
1.0
 40
1.0
 40
1.0
 40
1.0
 10
-99.83195426315481
 20
4.492038970693769
 30
0.0
 10
-99.87109130784908
 20
4.488063800072859
 30
0.0
 10
-99.94475542325519
 20
4.480581696361015
 30
0.0
 10
-100.0476677766816
 20
4.460703058823052
 30
0.0
 10
-100.134494643156
 20
4.431784558949813
 30
0.0
 10
-100.20717262176
 20
4.397913210527231
 30
0.0
 10
-100.2638751242145
 20
4.35508621205072
 30
0.0
 10
-100.304104748521
 20
4.303727630122736
 30
0.0
 10
-100.3291342972921
 20
4.245061376389005
 30
0.0
 10
-100.3322170679012
 20
4.203219693777331
 30
0.0
 10
-100.3337924984489
 20
4.181836764811415
 30
0.0
  0
SPLINE
  5
AD
330
1F
100
AcDbEntity
  8
0
  6
Continuous
 62
     7
370
    25
100
AcDbSpline
210
0.0
220
0.0
230
1.0
 70
     8
 71
     3
 72
     9
 73
     5
 74
     0
 42
0.00000001
 43
0.00000001
 40
0.0
 40
0.0
 40
0.0
 40
0.0
 40
0.4421681684996673
 40
1.0
 40
1.0
 40
1.0
 40
1.0
 10
-99.7754285278607
 20
4.497553676576121
 30
0.0
 10
-99.78367711030816
 20
4.49595073132951
 30
0.0
 10
-99.80233196390253
 20
4.492325537657039
 30
0.0
 10
-99.82134704541087
 20
4.492141585219121
 30
0.0
 10
-99.83195426315481
 20
4.492038970693769
 30
0.0
  0
SPLINE
  5
AE
330
1F
100
AcDbEntity
  8
0
  6
Continuous
 62
     7
370
    25
100
AcDbSpline
210
0.0
220
0.0
230
1.0
 70
     8
 71
     3
 72
    15
 73
    11
 74
     0
 42
0.00000001
 43
0.00000001
 40
0.0
 40
0.0
 40
0.0
 40
0.0
 40
0.1462996953153119
 40
0.2858994929407944
 40
0.4180876474164354
 40
0.5479919016234931
 40
0.6709804494479442
 40
0.7832376644027347
 40
0.8903701461536667
 40
1.0
 40
1.0
 40
1.0
 40
1.0
 10
-99.45971161609599
 20
4.95113823539965
 30
0.0
 10
-99.4607677483567
 20
4.921661122437981
 30
0.0
 10
-99.46283164655665
 20
4.864056821684401
 30
0.0
 10
-99.47895305860344
 20
4.780913500108862
 30
0.0
 10
-99.50862458212495
 20
4.705191801064258
 30
0.0
 10
-99.54821292936653
 20
4.638218827693421
 30
0.0
 10
-99.59549475202132
 20
4.581074319785796
 30
0.0
 10
-99.65086949466622
 20
4.539516941366053
 30
0.0
 10
-99.70997199240426
 20
4.507587386248401
 30
0.0
 10
-99.7534427370009
 20
4.500923837261594
 30
0.0
 10
-99.77542852786071
 20
4.497553676576123
 30
0.0
  0
SPLINE
  5
AF
330
1F
100
AcDbEntity
  8
0
  6
Continuous
 62
     7
370
    25
100
AcDbSpline
210
0.0
220
0.0
230
1.0
 70
     8
 71
     3
 72
    15
 73
    11
 74
     0
 42
0.00000001
 43
0.00000001
 40
0.0
 40
0.0
 40
0.0
 40
0.0
 40
0.1395609182691263
 40
0.2702937654992688
 40
0.3948022562655406
 40
0.5209448516160923
 40
0.6443141968684313
 40
0.7597173328695563
 40
0.8778312044660797
 40
1.0
 40
1.0
 40
1.0
 40
1.0
 10
-99.9863660278607
 20
5.414373529517298
 30
0.0
 10
-99.94991555565001
 20
5.412890310588316
 30
0.0
 10
-99.87932032375961
 20
5.410017695286361
 30
0.0
 10
-99.77859464391608
 20
5.384879534288428
 30
0.0
 10
-99.68800899884323
 20
5.342381505900506
 30
0.0
 10
-99.6085666657543
 20
5.284747419050571
 30
0.0
 10
-99.54255828824064
 20
5.215358362864917
 30
0.0
 10
-99.49308315950682
 20
5.135539667064166
 30
0.0
 10
-99.46545879504616
 20
5.045738175710445
 30
0.0
 10
-99.4616487745914
 20
4.983024327623959
 30
0.0
 10
-99.45971161609599
 20
4.95113823539965
 30
0.0
  0
SPLINE
  5
B0
330
1F
100
AcDbEntity
  8
0
  6
Continuous
 62
     7
370
    25
100
AcDbSpline
210
0.0
220
0.0
230
1.0
 70
     8
 71
     3
 72
    15
 73
    11
 74
     0
 42
0.00000001
 43
0.00000001
 40
0.0
 40
0.0
 40
0.0
 40
0.0
 40
0.1346437735738105
 40
0.2618019942281009
 40
0.3861493175606112
 40
0.513775188807105
 40
0.6390408209368545
 40
0.7583537703871683
 40
0.8769369118321944
 40
1.0
 40
1.0
 40
1.0
 40
1.0
 10
-100.7749689690372
 20
4.559594117752592
 30
0.0
 10
-100.7728268465687
 20
4.617849804128592
 30
0.0
 10
-100.7686616934447
 20
4.731122438009453
 30
0.0
 10
-100.721473544529
 20
4.892319274751311
 30
0.0
 10
-100.6511678423345
 20
5.040929622291586
 30
0.0
 10
-100.5503296131996
 20
5.170181466029304
 30
0.0
 10
-100.4300909922847
 20
5.278062160421728
 30
0.0
 10
-100.2936248759229
 20
5.356942295960981
 30
0.0
 10
-100.1441299846488
 20
5.40658452536256
 30
0.0
 10
-100.0395999837192
 20
5.411745302438081
 30
0.0
 10
-99.9863660278607
 20
5.414373529517298
 30
0.0
  0
SPLINE
  5
B1
330
1F
100
AcDbEntity
  8
0
  6
Continuous
 62
     7
370
    25
100
AcDbSpline
210
0.0
220
0.0
230
1.0
 70
     8
 71
     3
 72
    23
 73
    19
 74
     0
 42
0.00000001
 43
0.00000001
 40
0.0
 40
0.0
 40
0.0
 40
0.0
 40
0.0870659267398437
 40
0.16882552529059
 40
0.2460761331936653
 40
0.3190544556992054
 40
0.388196255202639
 40
0.4531428159103379
 40
0.5148859980437271
 40
0.5736608593344675
 40
0.6298168017979283
 40
0.6836285975525468
 40
0.7354301170758331
 40
0.7869588898574532
 40
0.8374377866591959
 40
0.889402267078487
 40
0.9435204471689685
 40
1.0
 40
1.0
 40
1.0
 40
1.0
 10
-99.0957410278607
 20
3.473197058929062
 30
0.0
 10
-99.16102696413044
 20
3.473804913279251
 30
0.0
 10
-99.28761991383578
 20
3.47498357563103
 30
0.0
 10
-99.47166889056494
 20
3.48937477458296
 30
0.0
 10
-99.64427476832141
 20
3.511116957996673
 30
0.0
 10
-99.80615705701429
 20
3.540851053036432
 30
0.0
 10
-99.95635486273669
 20
3.580733845235415
 30
0.0
 10
-100.0950777058747
 20
3.629159695618127
 30
0.0
 10
-100.2226312459805
 20
3.685009878398671
 30
0.0
 10
-100.3375800273603
 20
3.751432399615451
 30
0.0
 10
-100.4397589148024
 20
3.826269864630404
 30
0.0
 10
-100.5307890908304
 20
3.906962081019214
 30
0.0
 10
-100.605713886542
 20
3.998371674000325
 30
0.0
 10
-100.6682058947401
 20
4.095667327567958
 30
0.0
 10
-100.7155090349214
 20
4.201383238688749
 30
0.0
 10
-100.7502378601716
 20
4.31375502444694
 30
0.0
 10
-100.771196141473
 20
4.434277182418677
 30
0.0
 10
-100.7736935855356
 20
4.517231420525767
 30
0.0
 10
-100.7749689690372
 20
4.559594117752592
 30
0.0
  0
SPLINE
  5
B2
330
1F
100
AcDbEntity
  8
0
  6
Continuous
 62
     7
370
    25
100
AcDbSpline
210
0.0
220
0.0
230
1.0
 70
     8
 71
     3
 72
    23
 73
    19
 74
     0
 42
0.00000001
 43
0.00000001
 40
0.0
 40
0.0
 40
0.0
 40
0.0
 40
0.0686194057700606
 40
0.1349379646059577
 40
0.1990637642740922
 40
0.2612807602826535
 40
0.3223909905498791
 40
0.3826309111627016
 40
0.4425044691731008
 40
0.5023130260705518
 40
0.5621432578521984
 40
0.6217095725762858
 40
0.6816441280215655
 40
0.7420462354589712
 40
0.8036584693461905
 40
0.8669939094009945
 40
0.9324051491660822
 40
1.0
 40
1.0
 40
1.0
 40
1.0
 10
-95.56081455727247
 20
6.285697058929063
 30
0.0
 10
-95.58906962859776
 20
6.176764528298288
 30
0.0
 10
-95.6446323629532
 20
5.962552035524031
 30
0.0
 10
-95.7542605384254
 20
5.654697960723602
 30
0.0
 10
-95.88250980207665
 20
5.365760576124528
 30
0.0
 10
-96.02906510832509
 20
5.095250307392091
 30
0.0
 10
-96.19463181159762
 20
4.843483810167054
 30
0.0
 10
-96.38002059164619
 20
4.61077220821466
 30
0.0
 10
-96.58485621287197
 20
4.397959895935742
 30
0.0
 10
-96.80719468677363
 20
4.204590289055626
 30
0.0
 10
-97.04550105444441
 20
4.032038027877435
 30
0.0
 10
-97.29925432426383
 20
3.882770734174047
 30
0.0
 10
-97.56575927300695
 20
3.755583994555769
 30
0.0
 10
-97.84579210782513
 20
3.651619753184256
 30
0.0
 10
-98.13943874315791
 20
3.572055513663762
 30
0.0
 10
-98.44636077511164
 20
3.514166660580489
 30
0.0
 10
-98.76679272393915
 20
3.479006338471032
 30
0.0
 10
-98.98489802095945
 20
3.475154564119651
 30
0.0
 10
-99.0957410278607
 20
3.473197058929062
 30
0.0
  0
SPLINE
  5
B3
330
1F
100
AcDbEntity
  8
0
  6
Continuous
 62
     7
370
    25
100
AcDbSpline
210
0.0
220
0.0
230
1.0
 70
     8
 71
     3
 72
    15
 73
    11
 74
     0
 42
0.00000001
 43
0.00000001
 40
0.0
 40
0.0
 40
0.0
 40
0.0
 40
0.1281153414473785
 40
0.2497503833649045
 40
0.374981073280403
 40
0.5047021767006646
 40
0.6328297586622299
 40
0.7549666027458659
 40
0.8754096235875017
 40
1.0
 40
1.0
 40
1.0
 40
1.0
 10
-123.3632042631548
 20
7.594061029517298
 30
0.0
 10
-123.3651983479272
 20
7.56081639783995
 30
0.0
 10
-123.3690856531533
 20
7.496008706485886
 30
0.0
 10
-123.3958536034599
 20
7.401382000314944
 30
0.0
 10
-123.4444329645954
 20
7.315865411484785
 30
0.0
 10
-123.506748263006
 20
7.237846211734164
 30
0.0
 10
-123.5821645315422
 20
7.173380228292836
 30
0.0
 10
-123.6660113933628
 20
7.125065759121921
 30
0.0
 10
-123.757997969961
 20
7.096458289960288
 30
0.0
 10
-123.8216489359285
 20
7.09273650638783
 30
0.0
 10
-123.8540130866843
 20
7.090844117752591
 30
0.0
  0
SPLINE
  5
B4
330
1F
100
AcDbEntity
  8
0
  6
Continuous
 62
     7
370
    25
100
AcDbSpline
210
0.0
220
0.0
230
1.0
 70
     8
 71
     3
 72
    15
 73
    11
 74
     0
 42
0.00000001
 43
0.00000001
 40
0.0
 40
0.0
 40
0.0
 40
0.0
 40
0.1339973738315218
 40
0.2601751127345727
 40
0.3796008772707276
 40
0.4989600784401267
 40
0.618673856554549
 40
0.7380996210906923
 40
0.8637092258727467
 40
1.0
 40
1.0
 40
1.0
 40
1.0
 10
-123.7368255866842
 20
7.973197058929061
 30
0.0
 10
-123.7100724726513
 20
7.971805614576062
 30
0.0
 10
-123.6581274661149
 20
7.969103925870878
 30
0.0
 10
-123.5839673546742
 20
7.950206036894454
 30
0.0
 10
-123.5191091701502
 20
7.915891433378161
 30
0.0
 10
-123.4630585436516
 20
7.870353347992277
 30
0.0
 10
-123.4197157158327
 20
7.812899167492151
 30
0.0
 10
-123.3843071880989
 20
7.748593693856054
 30
0.0
 10
-123.3676833581813
 20
7.673431282295147
 30
0.0
 10
-123.3647373442489
 20
7.621227462300338
 30
0.0
 10
-123.3632042631548
 20
7.594061029517298
 30
0.0
  0
SPLINE
  5
B5
330
1F
100
AcDbEntity
  8
0
  6
Continuous
 62
     7
370
    25
100
AcDbSpline
210
0.0
220
0.0
230
1.0
 70
     8
 71
     3
 72
    15
 73
    11
 74
     0
 42
0.00000001
 43
0.00000001
 40
0.0
 40
0.0
 40
0.0
 40
0.0
 40
0.1192416832396178
 40
0.2390338971292399
 40
0.3619884206247659
 40
0.4962006240815511
 40
0.6308323873777179
 40
0.7568574720298121
 40
0.8772367462964538
 40
1.0
 40
1.0
 40
1.0
 40
1.0
 10
-124.2455572043313
 20
7.479630882458475
 30
0.0
 10
-124.2438517256853
 20
7.510695698836854
 30
0.0
 10
-124.2404328943157
 20
7.572968755714178
 30
0.0
 10
-124.2076618933999
 20
7.662264746702906
 30
0.0
 10
-124.1584064936101
 20
7.747301020452058
 30
0.0
 10
-124.0901796646526
 20
7.823665743741687
 30
0.0
 10
-124.010428984151
 20
7.888598527802889
 30
0.0
 10
-123.9244608590039
 20
7.938682799295757
 30
0.0
 10
-123.8318987371123
 20
7.96743544755757
 30
0.0
 10
-123.7687231129628
 20
7.971264008963836
 30
0.0
 10
-123.7368255866842
 20
7.973197058929061
 30
0.0
  0
SPLINE
  5
B6
330
1F
100
AcDbEntity
  8
0
  6
Continuous
 62
     7
370
    25
100
AcDbSpline
210
0.0
220
0.0
230
1.0
 70
     8
 71
     3
 72
    15
 73
    11
 74
     0
 42
0.00000001
 43
0.00000001
 40
0.0
 40
0.0
 40
0.0
 40
0.0
 40
0.1413318719505782
 40
0.268415996158814
 40
0.3875875533361736
 40
0.5020920227608419
 40
0.6165964921855037
 40
0.7337788119819518
 40
0.8608629361901928
 40
1.0
 40
1.0
 40
1.0
 40
1.0
 10
-123.8540130866843
 20
7.090844117752591
 30
0.0
 10
-123.8835493554562
 20
7.092097768177135
 30
0.0
 10
-123.9396443246646
 20
7.094478687801948
 30
0.0
 10
-124.0186990124004
 20
7.114231406084488
 30
0.0
 10
-124.0875586325055
 20
7.145842455627393
 30
0.0
 10
-124.1457672044608
 20
7.190657096572544
 30
0.0
 10
-124.1901464636172
 20
7.248573505889273
 30
0.0
 10
-124.2225053655579
 20
7.316623125431771
 30
0.0
 10
-124.2417410300095
 20
7.394960477494588
 30
0.0
 10
-124.2442473227939
 20
7.450568216322679
 30
0.0
 10
-124.2455572043313
 20
7.479630882458475
 30
0.0
  0
SPLINE
  5
B7
330
1F
100
AcDbEntity
  8
0
  6
Continuous
 62
     7
370
    25
100
AcDbSpline
210
0.0
220
0.0
230
1.0
 70
     8
 71
     3
 72
    14
 73
    10
 74
     0
 42
0.00000001
 43
0.00000001
 40
0.0
 40
0.0
 40
0.0
 40
0.0
 40
0.0002063166524392
 40
0.0002063166524392
 40
0.0002063166524392
 40
0.0004126425846592
 40
0.0004126425846592
 40
0.0004126425846592
 40
0.0008252345293629
 40
0.0008252345293629
 40
0.0008252345293629
 40
0.0008252345293629
 10
-81.58103514550774
 20
4.541671323634946
 30
0.0
 10
-81.53010850768695
 20
4.587889236367443
 30
0.0
 10
-81.47917639693122
 20
4.634101730222921
 30
0.0
 10
-81.42844338027889
 20
4.680532096562565
 30
0.0
 10
-81.3777091448831
 20
4.726963578284442
 30
0.0
 10
-81.3272363608959
 20
4.773685367307777
 30
0.0
 10
-81.27722826937419
 20
4.820898034235648
 30
0.0
 10
-81.17722415248056
 20
4.915311976432694
 30
0.0
 10
-81.07806653296868
 20
5.010618563314345
 30
0.0
 10
-80.97855352786068
 20
5.105550000105534
 30
0.0
  0
SPLINE
  5
B8
330
1F
100
AcDbEntity
  8
0
  6
Continuous
 62
     7
370
    25
100
AcDbSpline
210
0.0
220
0.0
230
1.0
 70
     8
 71
     3
 72
    15
 73
    11
 74
     0
 42
0.00000001
 43
0.00000001
 40
0.0
 40
0.0
 40
0.0
 40
0.0
 40
0.0752881286853589
 40
0.1643599886530138
 40
0.2675880999460533
 40
0.3846149179470552
 40
0.5162900352286466
 40
0.6632091425638439
 40
0.8241997671875427
 40
1.0
 40
1.0
 40
1.0
 40
1.0
 10
-79.8632042631548
 20
6.01409779422318
 30
0.0
 10
-79.89520140830416
 20
5.99712478096898
 30
0.0
 10
-79.96505372772702
 20
5.960071339548938
 30
0.0
 10
-80.07208335929748
 20
5.8883350666196
 30
0.0
 10
-80.19167309414887
 20
5.799901992159492
 30
0.0
 10
-80.32392372241398
 20
5.694294690572897
 30
0.0
 10
-80.47078534802094
 20
5.573353198035747
 30
0.0
 10
-80.62818016017562
 20
5.432219880417581
 30
0.0
 10
-80.7993951259953
 20
5.274812905374612
 30
0.0
 10
-80.91710866594754
 20
5.163601064041085
 30
0.0
 10
-80.97855352786068
 20
5.105550000105534
 30
0.0
  0
SPLINE
  5
B9
330
1F
100
AcDbEntity
  8
0
  6
Continuous
 62
     7
370
    25
100
AcDbSpline
210
0.0
220
0.0
230
1.0
 70
     8
 71
     3
 72
    14
 73
    10
 74
     0
 42
0.00000001
 43
0.00000001
 40
0.0
 40
0.0
 40
0.0
 40
0.0
 40
0.0000083377362396
 40
0.0000083377362396
 40
0.0000083377362396
 40
0.0000166758045749
 40
0.0000166758045749
 40
0.0000166758045749
 40
0.0000333484970273
 40
0.0000333484970273
 40
0.0000333484970273
 40
0.0000333484970273
 10
-79.86320426315481
 20
6.01409779422318
 30
0.0
 10
-79.86596774444794
 20
6.014393388893612
 30
0.0
 10
-79.86873125350199
 20
6.014688985895422
 30
0.0
 10
-79.8714930725443
 20
6.014999727981925
 30
0.0
 10
-79.874254953508
 20
6.015310477035428
 30
0.0
 10
-79.87701486827257
 20
6.01563942440957
 30
0.0
 10
-79.87977204498316
 20
6.015989464433644
 30
0.0
 10
-79.88528519539004
 20
6.016689391751952
 30
0.0
 10
-79.89078900439308
 20
6.017461632701773
 30
0.0
 10
-79.89629249844891
 20
6.018233823634945
 30
0.0
  0
SPLINE
  5
BA
330
1F
100
AcDbEntity
  8
0
  6
Continuous
 62
     7
370
    25
100
AcDbSpline
210
0.0
220
0.0
230
1.0
 70
     8
 71
     3
 72
     9
 73
     5
 74
     0
 42
0.00000001
 43
0.00000001
 40
0.0
 40
0.0
 40
0.0
 40
0.0
 40
0.3412629127160035
 40
1.0
 40
1.0
 40
1.0
 40
1.0
 10
-79.97211970433126
 20
6.032020588340827
 30
0.0
 10
-79.96336064353136
 20
6.031269628196114
 30
0.0
 10
-79.93769403730622
 20
6.029069095654395
 30
0.0
 10
-79.91273436215656
 20
6.022536853683973
 30
0.0
 10
-79.89629249844891
 20
6.018233823634945
 30
0.0
  0
SPLINE
  5
BB
330
1F
100
AcDbEntity
  8
0
  6
Continuous
 62
     7
370
    25
100
AcDbSpline
210
0.0
220
0.0
230
1.0
 70
     8
 71
     3
 72
    18
 73
    14
 74
     0
 42
0.00000001
 43
0.00000001
 40
0.0
 40
0.0
 40
0.0
 40
0.0
 40
0.0624999999999944
 40
0.0624999999999944
 40
0.1249999999999889
 40
0.1249999999999889
 40
0.2499999999999984
 40
0.2499999999999984
 40
0.499999999999999
 40
0.499999999999999
 40
0.7499999999999996
 40
0.7499999999999996
 40
1.0
 40
1.0
 40
1.0
 40
1.0
 10
-79.97211970433126
 20
6.032020588340827
 30
0.0
 10
-80.00855279923336
 20
6.026678711851631
 30
0.0
 10
-80.04468232672735
 20
6.020523859748574
 30
0.0
 10
-80.11179902788248
 20
5.994442557696614
 30
0.0
 10
-80.14363028227105
 20
5.976776617371397
 30
0.0
 10
-80.23864932200983
 20
5.922507452505806
 30
0.0
 10
-80.29965748226742
 20
5.882529583590937
 30
0.0
 10
-80.47754091018689
 20
5.75607187011342
 30
0.0
 10
-80.59090868611288
 20
5.664224927258921
 30
0.0
 10
-80.81285239972455
 20
5.475628302593809
 30
0.0
 10
-80.92369198236678
 20
5.381133423497063
 30
0.0
 10
-81.14042116533848
 20
5.1865943470529
 30
0.0
 10
-81.24852111597566
 20
5.089029919874435
 30
0.0
 10
-81.35631088080184
 20
4.991119853046708
 30
0.0
  0
SPLINE
  5
BC
330
1F
100
AcDbEntity
  8
0
  6
Continuous
 62
     7
370
    25
100
AcDbSpline
210
0.0
220
0.0
230
1.0
 70
     8
 71
     3
 72
    14
 73
    10
 74
     0
 42
0.00000001
 43
0.00000001
 40
0.0
 40
0.0
 40
0.0
 40
0.0
 40
0.0000514529668204
 40
0.0000514529668204
 40
0.0000514529668204
 40
0.0001029059831195
 40
0.0001029059831195
 40
0.0001029059831195
 40
0.0002058114998096
 40
0.0002058114998096
 40
0.0002058114998096
 40
0.0002058114998096
 10
-81.35631088080184
 20
4.991119853046708
 30
0.0
 10
-81.36886702483038
 20
4.979436545776948
 30
0.0
 10
-81.38142317171598
 20
4.967753235869315
 30
0.0
 10
-81.3939696759429
 20
4.956059577189965
 30
0.0
 10
-81.40651618691349
 20
4.944365912225337
 30
0.0
 10
-81.4190515735745
 20
4.932660290476674
 30
0.0
 10
-81.43157155781606
 20
4.920938228694216
 30
0.0
 10
-81.45661139102057
 20
4.897494231786304
 30
0.0
 10
-81.48159902413637
 20
4.873994522959057
 30
0.0
 10
-81.50658661609597
 20
4.85049485304671
 30
0.0
  0
SPLINE
  5
BD
330
1F
100
AcDbEntity
  8
0
  6
Continuous
 62
     7
370
    25
100
AcDbSpline
210
0.0
220
0.0
230
1.0
 70
     8
 71
     3
 72
    15
 73
    11
 74
     0
 42
0.00000001
 43
0.00000001
 40
0.0
 40
0.0
 40
0.0
 40
0.0
 40
0.088122599136302
 40
0.184680705194746
 40
0.2905503331243416
 40
0.4087691473025067
 40
0.5379201031179793
 40
0.6790351366476174
 40
0.8331836417005535
 40
1.0
 40
1.0
 40
1.0
 40
1.0
 10
-82.56954617491951
 20
4.197002205987885
 30
0.0
 10
-82.53304842857077
 20
4.204026915068861
 30
0.0
 10
-82.45655920106533
 20
4.218748771205396
 30
0.0
 10
-82.3402144321154
 20
4.258240583509397
 30
0.0
 10
-82.21793678486223
 20
4.316217875872698
 30
0.0
 10
-82.08924892158448
 20
4.391270901383453
 30
0.0
 10
-81.95233622278852
 20
4.481161604545737
 30
0.0
 10
-81.80868273446823
 20
4.587876879079179
 30
0.0
 10
-81.65870186566954
 20
4.712210783691155
 30
0.0
 10
-81.55860852848065
 20
4.803203067638071
 30
0.0
 10
-81.50658661609597
 20
4.85049485304671
 30
0.0
  0
SPLINE
  5
BE
330
1F
100
AcDbEntity
  8
0
  6
Continuous
 62
     7
370
    25
100
AcDbSpline
210
0.0
220
0.0
230
1.0
 70
     8
 71
     3
 72
    15
 73
    11
 74
     0
 42
0.00000001
 43
0.00000001
 40
0.0
 40
0.0
 40
0.0
 40
0.0
 40
0.0987338666938438
 40
0.1987402563013458
 40
0.3024827512630788
 40
0.4122309716160057
 40
0.53271717924507
 40
0.670142165050198
 40
0.825919454843724
 40
1.0
 40
1.0
 40
1.0
 40
1.0
 10
-81.71614543962538
 20
5.654263235399651
 30
0.0
 10
-81.7185085862002
 20
5.597062554130485
 30
0.0
 10
-81.72326533656033
 20
5.481923965551794
 30
0.0
 10
-81.76330372411341
 20
5.31066768291669
 30
0.0
 10
-81.8237594600069
 20
5.139224842561255
 30
0.0
 10
-81.91359283342823
 20
4.967471806542769
 30
0.0
 10
-82.03069984000439
 20
4.789513234063175
 30
0.0
 10
-82.18026772124827
 20
4.60229656942371
 30
0.0
 10
-82.36090845066217
 20
4.400850233414593
 30
0.0
 10
-82.4974743300022
 20
4.267419497355935
 30
0.0
 10
-82.56954617491951
 20
4.197002205987885
 30
0.0
  0
SPLINE
  5
BF
330
1F
100
AcDbEntity
  8
0
  6
Continuous
 62
     7
370
    25
100
AcDbSpline
210
0.0
220
0.0
230
1.0
 70
     8
 71
     3
 72
    15
 73
    11
 74
     0
 42
0.00000001
 43
0.00000001
 40
0.0
 40
0.0
 40
0.0
 40
0.0
 40
0.1440524067841898
 40
0.2737523732292171
 40
0.3922435983011638
 40
0.5071972411469945
 40
0.621004334854667
 40
0.7371294926364353
 40
0.862089231457417
 40
1.0
 40
1.0
 40
1.0
 40
1.0
 10
-82.56816749844891
 20
6.473197058929063
 30
0.0
 10
-82.50360311787605
 20
6.470742564209958
 30
0.0
 10
-82.38090712964188
 20
6.466078124583899
 30
0.0
 10
-82.20861390000007
 20
6.426157128224891
 30
0.0
 10
-82.0592024845709
 20
6.35926006717408
 30
0.0
 10
-81.9340413037329
 20
6.264365563031864
 30
0.0
 10
-81.83650650412746
 20
6.142951602163873
 30
0.0
 10
-81.76413355045456
 20
6.000175147808196
 30
0.0
 10
-81.72314449899396
 20
5.833881384923278
 30
0.0
 10
-81.71855384968501
 20
5.71607070629258
 30
0.0
 10
-81.71614543962538
 20
5.654263235399651
 30
0.0
  0
SPLINE
  5
C0
330
1F
100
AcDbEntity
  8
0
  6
Continuous
 62
     7
370
    25
100
AcDbSpline
210
0.0
220
0.0
230
1.0
 70
     8
 71
     3
 72
    15
 73
    11
 74
     0
 42
0.00000001
 43
0.00000001
 40
0.0
 40
0.0
 40
0.0
 40
0.0
 40
0.1381638008059086
 40
0.2739424345063211
 40
0.4073377247150473
 40
0.539337571541795
 40
0.6668504625056711
 40
0.7847423161046951
 40
0.8958278413962489
 40
1.0
 40
1.0
 40
1.0
 40
1.0
 10
-83.94408661609597
 20
5.941027941282004
 30
0.0
 10
-83.88822155081174
 20
5.981555523276443
 30
0.0
 10
-83.7774558372272
 20
6.061911046296594
 30
0.0
 10
-83.60116721568497
 20
6.163761895536366
 30
0.0
 10
-83.42333920121297
 20
6.256088062529464
 30
0.0
 10
-83.24242193082424
 20
6.332320559109214
 30
0.0
 10
-83.06429857290274
 20
6.394315615863129
 30
0.0
 10
-82.89184171774622
 20
6.438551130812481
 30
0.0
 10
-82.72777480737263
 20
6.468670347426282
 30
0.0
 10
-82.62021848332073
 20
6.471720812048271
 30
0.0
 10
-82.56816749844891
 20
6.473197058929063
 30
0.0
  0
SPLINE
  5
C1
330
1F
100
AcDbEntity
  8
0
  6
Continuous
 62
     7
370
    25
100
AcDbSpline
210
0.0
220
0.0
230
1.0
 70
     8
 71
     3
 72
    11
 73
     7
 74
     0
 42
0.00000001
 43
0.00000001
 40
0.5358751364801893
 40
0.5358751364801893
 40
0.5358751364801893
 40
0.5358751364801893
 40
0.5821570291992899
 40
0.7170935640103778
 40
0.8558400606383674
 40
0.9999999999999999
 40
0.9999999999999999
 40
0.9999999999999999
 40
0.9999999999999999
 10
-84.54968782199104
 20
5.333140886707801
 30
0.0
 10
-84.53296982150063
 20
5.356383879604458
 30
0.0
 10
-84.46589583999216
 20
5.446225102250159
 30
0.0
 10
-84.3367799561146
 20
5.596512714067812
 30
0.0
 10
-84.1512933355926
 20
5.7770697595375
 30
0.0
 10
-84.01403103186364
 20
5.885682442543802
 30
0.0
 10
-83.94408661609597
 20
5.941027941282004
 30
0.0
  0
SPLINE
  5
C2
330
1F
100
AcDbEntity
  8
0
  6
Continuous
 62
     7
370
    25
100
AcDbSpline
210
0.0
220
0.0
230
1.0
 70
     8
 71
     3
 72
    11
 73
     7
 74
     0
 42
0.00000001
 43
0.00000001
 40
0.0
 40
0.0
 40
0.0
 40
0.0
 40
0.1084700179044256
 40
0.2105651334688799
 40
0.3063270428536123
 40
0.3445457276009742
 40
0.3445457276009742
 40
0.3445457276009742
 40
0.3445457276009742
 10
-85.01256088080186
 20
4.902884558929062
 30
0.0
 10
-84.96429128366808
 20
4.948363465909914
 30
0.0
 10
-84.87058894675211
 20
5.03664843445191
 30
0.0
 10
-84.73453401171702
 20
5.165370542705088
 30
0.0
 10
-84.62784278559643
 20
5.26259430619101
 30
0.0
 10
-84.56705401654563
 20
5.317505938680571
 30
0.0
 10
-84.5496878219914
 20
5.333140886707509
 30
0.0
  0
SPLINE
  5
C3
330
1F
100
AcDbEntity
  8
0
  6
Continuous
 62
     7
370
    25
100
AcDbSpline
210
0.0
220
0.0
230
1.0
 70
     8
 71
     3
 72
    11
 73
     7
 74
     0
 42
0.00000001
 43
0.00000001
 40
0.0
 40
0.0
 40
0.0
 40
0.0
 40
0.1964928862408879
 40
0.4290893189661888
 40
0.6964911741486544
 40
1.0
 40
1.0
 40
1.0
 40
1.0
 10
-85.54197264550777
 20
4.401046323634946
 30
0.0
 10
-85.50751301309218
 20
4.434142027056269
 30
0.0
 10
-85.43226214529781
 20
4.506414428940342
 30
0.0
 10
-85.30994705797617
 20
4.623552457239995
 30
0.0
 10
-85.16742919014006
 20
4.757201747919042
 30
0.0
 10
-85.06631528399019
 20
4.852318419257866
 30
0.0
 10
-85.01256088080187
 20
4.902884558929062
 30
0.0
  0
SPLINE
  5
C4
330
1F
100
AcDbEntity
  8
0
  6
Continuous
 62
     7
370
    25
100
AcDbSpline
210
0.0
220
0.0
230
1.0
 70
     8
 71
     3
 72
    19
 73
    15
 74
     0
 42
0.00000001
 43
0.00000001
 40
0.0
 40
0.0
 40
0.0
 40
0.0
 40
0.061079970664998
 40
0.1322812386002379
 40
0.2150535174469431
 40
0.3117112658247954
 40
0.3680008105666142
 40
0.4325765072711221
 40
0.5061882188266126
 40
0.5874393832591617
 40
0.6777961101496869
 40
0.7772962853970932
 40
0.8836750990028847
 40
1.0
 40
1.0
 40
1.0
 40
1.0
 10
-86.54427043962541
 20
3.649667647164357
 30
0.0
 10
-86.51828069572639
 20
3.651696597969748
 30
0.0
 10
-86.46199456008426
 20
3.656090708226744
 30
0.0
 10
-86.37630916335836
 20
3.690409407770632
 30
0.0
 10
-86.28152650243017
 20
3.73867537423116
 30
0.0
 10
-86.19892046566581
 20
3.795808902645022
 30
0.0
 10
-86.12639759733108
 20
3.852959892654001
 30
0.0
 10
-86.06251232819898
 20
3.90532876797154
 30
0.0
 10
-85.99325642595791
 20
3.967681270485152
 30
0.0
 10
-85.91509109857755
 20
4.036476338382375
 30
0.0
 10
-85.8311949331488
 20
4.115328952896095
 30
0.0
 10
-85.74109090706675
 20
4.203097784967912
 30
0.0
 10
-85.64359937549688
 20
4.299086157840106
 30
0.0
 10
-85.57684203045251
 20
4.366062532751267
 30
0.0
 10
-85.54197264550776
 20
4.401046323634944
 30
0.0
  0
SPLINE
  5
C5
330
1F
100
AcDbEntity
  8
0
  6
Continuous
 62
     7
370
    25
100
AcDbSpline
210
0.0
220
0.0
230
1.0
 70
     8
 71
     3
 72
    11
 73
     7
 74
     0
 42
0.00000001
 43
0.00000001
 40
0.0
 40
0.0
 40
0.0
 40
0.0
 40
0.255469298024381
 40
0.4539882011215453
 40
0.67366551770295
 40
1.0
 40
1.0
 40
1.0
 40
1.0
 10
-86.65732191021364
 20
3.746175000105533
 30
0.0
 10
-86.65660256233267
 20
3.7313820020264
 30
0.0
 10
-86.65532422692021
 20
3.705093729270826
 30
0.0
 10
-86.63769767493322
 20
3.667309698638391
 30
0.0
 10
-86.59460840355972
 20
3.651070347122639
 30
0.0
 10
-86.56310127980306
 20
3.650192380718658
 30
0.0
 10
-86.5442704396254
 20
3.649667647164355
 30
0.0
  0
SPLINE
  5
C6
330
1F
100
AcDbEntity
  8
0
  6
Continuous
 62
     7
370
    25
100
AcDbSpline
210
0.0
220
0.0
230
1.0
 70
     8
 71
     3
 72
    11
 73
     7
 74
     0
 42
0.00000001
 43
0.00000001
 40
0.0
 40
0.0
 40
0.0
 40
0.0
 40
0.3678084621399224
 40
0.6552496308825844
 40
0.8647970424063061
 40
1.0
 40
1.0
 40
1.0
 40
1.0
 10
-86.4863660278607
 20
4.17770073539965
 30
0.0
 10
-86.51158308482685
 20
4.126394459343548
 30
0.0
 10
-86.55650719335027
 20
4.034992488186799
 30
0.0
 10
-86.61076044983044
 20
3.912295609646355
 30
0.0
 10
-86.64637428322665
 20
3.820101016109129
 30
0.0
 10
-86.65423796128592
 20
3.766999975057361
 30
0.0
 10
-86.65732191021364
 20
3.746175000105533
 30
0.0
  0
SPLINE
  5
C7
330
1F
100
AcDbEntity
  8
0
  6
Continuous
 62
     7
370
    25
100
AcDbSpline
210
0.0
220
0.0
230
1.0
 70
     8
 71
     3
 72
     9
 73
     5
 74
     0
 42
0.00000001
 43
0.00000001
 40
0.0
 40
0.0
 40
0.0
 40
0.0
 40
0.436637029559258
 40
1.0
 40
1.0
 40
1.0
 40
1.0
 10
-86.38296529256658
 20
4.38174485304671
 30
0.0
 10
-86.39753800209574
 20
4.351806260833592
 30
0.0
 10
-86.43091288453269
 20
4.28323994559611
 30
0.0
 10
-86.4663833059105
 20
4.215732135706827
 30
0.0
 10
-86.4863660278607
 20
4.17770073539965
 30
0.0
  0
SPLINE
  5
C8
330
1F
100
AcDbEntity
  8
0
  6
Continuous
 62
     7
370
    25
100
AcDbSpline
210
0.0
220
0.0
230
1.0
 70
     8
 71
     3
 72
    19
 73
    15
 74
     0
 42
0.00000001
 43
0.00000001
 40
0.0
 40
0.0
 40
0.0
 40
0.0
 40
0.0796389415492604
 40
0.1654149609380758
 40
0.2592844396877251
 40
0.361487230548568
 40
0.4175423445507506
 40
0.4811722007537665
 40
0.5510467869103016
 40
0.6269416871699386
 40
0.7104463415491724
 40
0.8000100549343643
 40
0.8960761805506339
 40
1.0
 40
1.0
 40
1.0
 40
1.0
 10
-85.59849838080187
 20
5.739741176576121
 30
0.0
 10
-85.60100241680198
 20
5.697314712975007
 30
0.0
 10
-85.60620345299215
 20
5.609192348679418
 30
0.0
 10
-85.6381413503739
 20
5.474045679465615
 30
0.0
 10
-85.69153745436772
 20
5.333380487575796
 30
0.0
 10
-85.75214871701462
 20
5.213197112743924
 30
0.0
 10
-85.81246831765215
 20
5.111486151095617
 30
0.0
 10
-85.8669267837703
 20
5.026344318459127
 30
0.0
 10
-85.93280821958655
 20
4.936252018566308
 30
0.0
 10
-86.00388379441476
 20
4.836841681545901
 30
0.0
 10
-86.08744173361481
 20
4.73373742965779
 30
0.0
 10
-86.17618651919157
 20
4.62106392727244
 30
0.0
 10
-86.27664114644553
 20
4.503900735907611
 30
0.0
 10
-86.34660757319106
 20
4.423516261246576
 30
0.0
 10
-86.38296529256658
 20
4.38174485304671
 30
0.0
  0
SPLINE
  5
C9
330
1F
100
AcDbEntity
  8
0
  6
Continuous
 62
     7
370
    25
100
AcDbSpline
210
0.0
220
0.0
230
1.0
 70
     8
 71
     3
 72
    15
 73
    11
 74
     0
 42
0.00000001
 43
0.00000001
 40
0.0
 40
0.0
 40
0.0
 40
0.0
 40
0.124601929200608
 40
0.2415245522628321
 40
0.3561766169887531
 40
0.4753332646508553
 40
0.5979379062118441
 40
0.7226362889909733
 40
0.8553073260852753
 40
1.0
 40
1.0
 40
1.0
 40
1.0
 10
-86.23406823374305
 20
6.473197058929063
 30
0.0
 10
-86.1887190059014
 20
6.471139776084295
 30
0.0
 10
-86.10081545560978
 20
6.467152002209936
 30
0.0
 10
-85.97637790229118
 20
6.426717096602154
 30
0.0
 10
-85.86602072702965
 20
6.361512150957666
 30
0.0
 10
-85.77073581450063
 20
6.27253859043219
 30
0.0
 10
-85.69342754396413
 20
6.163162900228355
 30
0.0
 10
-85.63760984443357
 20
6.036178116389939
 30
0.0
 10
-85.60406828478484
 20
5.893112439173051
 30
0.0
 10
-85.60040789888886
 20
5.792321113474448
 30
0.0
 10
-85.59849838080187
 20
5.739741176576121
 30
0.0
  0
SPLINE
  5
CA
330
1F
100
AcDbEntity
  8
0
  6
Continuous
 62
     7
370
    25
100
AcDbSpline
210
0.0
220
0.0
230
1.0
 70
     8
 71
     3
 72
    23
 73
    19
 74
     0
 42
0.00000001
 43
0.00000001
 40
0.0
 40
0.0
 40
0.0
 40
0.0
 40
0.0946954393135533
 40
0.184227718474948
 40
0.2690810666212063
 40
0.3492474727557033
 40
0.4244106572921863
 40
0.4950511204472333
 40
0.5616611535697922
 40
0.6235297686362837
 40
0.6816076453996317
 40
0.7360523636861199
 40
0.7865534069386821
 40
0.8343469476298253
 40
0.8792137519994415
 40
0.9214950844967668
 40
0.961598268435462
 40
1.0
 40
1.0
 40
1.0
 40
1.0
 10
-88.04564911609599
 20
5.040752205987886
 30
0.0
 10
-87.99951599302126
 20
5.099802463677654
 30
0.0
 10
-87.90976510246318
 20
5.21468333152518
 30
0.0
 10
-87.77399380406804
 20
5.378716952734706
 30
0.0
 10
-87.64366823529357
 20
5.532321063521701
 30
0.0
 10
-87.51546771843874
 20
5.672680419582465
 30
0.0
 10
-87.39105294811142
 20
5.80112469741707
 30
0.0
 10
-87.27112869158337
 20
5.918929513647534
 30
0.0
 10
-87.15445152392991
 20
6.024886679985864
 30
0.0
 10
-87.04089429924296
 20
6.119276260601342
 30
0.0
 10
-86.93064215158314
 20
6.202382970524528
 30
0.0
 10
-86.82321118094328
 20
6.273884138641063
 30
0.0
 10
-86.71927721612376
 20
6.335758192375921
 30
0.0
 10
-86.61728185415718
 20
6.385334652564373
 30
0.0
 10
-86.51778292596723
 20
6.424475494087183
 30
0.0
 10
-86.42087880478091
 20
6.452236819951567
 30
0.0
 10
-86.3266200829149
 20
6.469827643929431
 30
0.0
 10
-86.26446985210133
 20
6.472090266684219
 30
0.0
 10
-86.23406823374305
 20
6.473197058929063
 30
0.0
  0
SPLINE
  5
CB
330
1F
100
AcDbEntity
  8
0
  6
Continuous
 62
     7
370
    25
100
AcDbSpline
210
0.0
220
0.0
230
1.0
 70
     8
 71
     3
 72
    15
 73
    11
 74
     0
 42
0.00000001
 43
0.00000001
 40
0.0
 40
0.0
 40
0.0
 40
0.0
 40
0.0606844413991177
 40
0.1326831105301299
 40
0.2179258284732934
 40
0.3149400460363009
 40
0.4348309615005664
 40
0.5881994881638521
 40
0.7772294344914359
 40
0.9999999999999999
 40
0.9999999999999999
 40
0.9999999999999999
 40
0.9999999999999999
 10
-87.80438073374305
 20
5.796266911870239
 30
0.0
 10
-87.80490483626721
 20
5.78014082714275
 30
0.0
 10
-87.8060507568944
 20
5.744882051862233
 30
0.0
 10
-87.81723762602572
 20
5.687949316056958
 30
0.0
 10
-87.8320714305107
 20
5.622128597425558
 30
0.0
 10
-87.85401618952996
 20
5.544933368476782
 30
0.0
 10
-87.88329597961373
 20
5.451053046744447
 30
0.0
 10
-87.92809491113711
 20
5.336732355967828
 30
0.0
 10
-87.98028447140013
 20
5.196053401740078
 30
0.0
 10
-88.02270240550197
 20
5.095271764847451
 30
0.0
 10
-88.045649116096
 20
5.040752205987886
 30
0.0
  0
SPLINE
  5
CC
330
1F
100
AcDbEntity
  8
0
  6
Continuous
 62
     7
370
    25
100
AcDbSpline
210
0.0
220
0.0
230
1.0
 70
     8
 71
     3
 72
    15
 73
    11
 74
     0
 42
0.00000001
 43
0.00000001
 40
0.0
 40
0.0
 40
0.0
 40
0.0
 40
0.1230567300378553
 40
0.2384518299984151
 40
0.3509448888801655
 40
0.4671606014423393
 40
0.5884473240352047
 40
0.7151765728123521
 40
0.8506701529378626
 40
1.0
 40
1.0
 40
1.0
 40
1.0
 10
-88.36688073374305
 20
6.473197058929063
 30
0.0
 10
-88.32618103320715
 20
6.471342845431219
 30
0.0
 10
-88.24731563453952
 20
6.467749863546914
 30
0.0
 10
-88.13553034606
 20
6.432251213743405
 30
0.0
 10
-88.03791275987074
 20
6.372375757642084
 30
0.0
 10
-87.95471748256726
 20
6.291061589538594
 30
0.0
 10
-87.88651797780085
 20
6.191025486954424
 30
0.0
 10
-87.8386346555867
 20
6.073073974416098
 30
0.0
 10
-87.8091205038096
 20
5.939711076635694
 30
0.0
 10
-87.80601100853568
 20
5.845605466838863
 30
0.0
 10
-87.80438073374305
 20
5.796266911870239
 30
0.0
  0
SPLINE
  5
CD
330
1F
100
AcDbEntity
  8
0
  6
Continuous
 62
     7
370
    25
100
AcDbSpline
210
0.0
220
0.0
230
1.0
 70
     8
 71
     3
 72
    19
 73
    15
 74
     0
 42
0.00000001
 43
0.00000001
 40
0.0
 40
0.0
 40
0.0
 40
0.0
 40
0.109261003718195
 40
0.2114867881225577
 40
0.3062496690198315
 40
0.3931595272753468
 40
0.4726792589762309
 40
0.544857936907656
 40
0.6093146492785619
 40
0.6669939895519961
 40
0.7680830711088596
 40
0.8557780115268614
 40
0.9325431816373094
 40
1.0
 40
1.0
 40
1.0
 40
1.0
 10
-90.0943623513901
 20
5.117958088340827
 30
0.0
 10
-90.0402820483924
 20
5.179210705271474
 30
0.0
 10
-89.93560362523624
 20
5.297771937348154
 30
0.0
 10
-89.78161798273554
 20
5.467321077920223
 30
0.0
 10
-89.63566624871994
 20
5.621533814690935
 30
0.0
 10
-89.49873519918648
 20
5.760831287784058
 30
0.0
 10
-89.37247255833972
 20
5.886952947339192
 30
0.0
 10
-89.25400457164983
 20
5.996973460161679
 30
0.0
 10
-89.14476115624555
 20
6.092856279976931
 30
0.0
 10
-89.01511247589255
 20
6.198012097820206
 30
0.0
 10
-88.86432294081798
 20
6.304926165135678
 30
0.0
 10
-88.68922571247371
 20
6.39873435609669
 30
0.0
 10
-88.52550006867284
 20
6.461582666156048
 30
0.0
 10
-88.41742880619826
 20
6.469495838219284
 30
0.0
 10
-88.36688073374305
 20
6.473197058929063
 30
0.0
  0
SPLINE
  5
CE
330
1F
100
AcDbEntity
  8
0
  6
Continuous
 62
     7
370
    25
100
AcDbSpline
210
0.0
220
0.0
230
1.0
 70
     8
 71
     3
 72
    13
 73
     9
 74
     0
 42
0.00000001
 43
0.00000001
 40
0.0
 40
0.0
 40
0.0
 40
0.0
 40
0.2103364350219172
 40
0.4330637249977988
 40
0.5552721294824879
 40
0.6892293500002173
 40
0.8376006880017709
 40
1.0
 40
1.0
 40
1.0
 40
1.0
 10
-89.92202779256657
 20
5.848656617752593
 30
0.0
 10
-89.92376961871405
 20
5.7956427231745
 30
0.0
 10
-89.92735588145375
 20
5.686491901728672
 30
0.0
 10
-89.9560070530296
 20
5.549223737637647
 30
0.0
 10
-89.98343350085192
 20
5.431813058624706
 30
0.0
 10
-90.01567451999998
 20
5.335131261155422
 30
0.0
 10
-90.05023273172253
 20
5.228635427361366
 30
0.0
 10
-90.07921637753647
 20
5.155944277563053
 30
0.0
 10
-90.0943623513901
 20
5.117958088340827
 30
0.0
  0
SPLINE
  5
CF
330
1F
100
AcDbEntity
  8
0
  6
Continuous
 62
     7
370
    25
100
AcDbSpline
210
0.0
220
0.0
230
1.0
 70
     8
 71
     3
 72
    15
 73
    11
 74
     0
 42
0.00000001
 43
0.00000001
 40
0.0
 40
0.0
 40
0.0
 40
0.0
 40
0.1082195202563014
 40
0.2099659835826264
 40
0.3129305299112961
 40
0.4259070224507166
 40
0.5481113530895838
 40
0.6832020555607351
 40
0.8326054787468204
 40
0.9999999999999999
 40
0.9999999999999999
 40
0.9999999999999999
 40
0.9999999999999999
 10
-90.32735867491952
 20
6.473197058929063
 30
0.0
 10
-90.29712439655509
 20
6.471795244068323
 30
0.0
 10
-90.23846427701602
 20
6.469075462689341
 30
0.0
 10
-90.15714685996168
 20
6.434472251305667
 30
0.0
 10
-90.08525245268775
 20
6.381940565048969
 30
0.0
 10
-90.0273805054195
 20
6.306945045645454
 30
0.0
 10
-89.97754233979953
 20
6.216393425020055
 30
0.0
 10
-89.9467140354997
 20
6.107103093717283
 30
0.0
 10
-89.92515710139794
 20
5.983244663610781
 30
0.0
 10
-89.9231096539973
 20
5.89518625854453
 30
0.0
 10
-89.92202779256657
 20
5.848656617752593
 30
0.0
  0
SPLINE
  5
D0
330
1F
100
AcDbEntity
  8
0
  6
Continuous
 62
     7
370
    25
100
AcDbSpline
210
0.0
220
0.0
230
1.0
 70
     8
 71
     3
 72
    15
 73
    11
 74
     0
 42
0.00000001
 43
0.00000001
 40
0.0
 40
0.0
 40
0.0
 40
0.0
 40
0.1901105123331529
 40
0.3600060851608272
 40
0.5110881426210141
 40
0.6425234773219003
 40
0.7562071804351126
 40
0.853143737251614
 40
0.9339503960876513
 40
1.0
 40
1.0
 40
1.0
 40
1.0
 10
-90.97533661609599
 20
5.993417647164356
 30
0.0
 10
-90.93990319405646
 20
6.031508913215345
 30
0.0
 10
-90.87280407683377
 20
6.103641103074497
 30
0.0
 10
-90.7712509157486
 20
6.199821938737332
 30
0.0
 10
-90.67956448394793
 20
6.283019100895676
 30
0.0
 10
-90.59535814435056
 20
6.351293991838952
 30
0.0
 10
-90.51829424497878
 20
6.404895585331491
 30
0.0
 10
-90.44769191169172
 20
6.441644069715438
 30
0.0
 10
-90.38578566021837
 20
6.468642158755311
 30
0.0
 10
-90.34548442832083
 20
6.471783996165433
 30
0.0
 10
-90.32735867491952
 20
6.473197058929063
 30
0.0
  0
SPLINE
  5
D1
330
1F
100
AcDbEntity
  8
0
  6
Continuous
 62
     7
370
    25
100
AcDbSpline
210
0.0
220
0.0
230
1.0
 70
     8
 71
     3
 72
     9
 73
     5
 74
     0
 42
0.00000001
 43
0.00000001
 40
0.0
 40
0.0
 40
0.0
 40
0.0
 40
0.4304806492929116
 40
1.0
 40
1.0
 40
1.0
 40
1.0
 10
-91.11871896903716
 20
5.839005882458474
 30
0.0
 10
-91.09799887281841
 20
5.861027566969181
 30
0.0
 10
-91.04986640448853
 20
5.912183605102088
 30
0.0
 10
-91.00238066411906
 20
5.963940878451837
 30
0.0
 10
-90.97533661609599
 20
5.993417647164356
 30
0.0
  0
SPLINE
  5
D2
330
1F
100
AcDbEntity
  8
0
  6
Continuous
 62
     7
370
    25
100
AcDbSpline
210
0.0
220
0.0
230
1.0
 70
     8
 71
     3
 72
     8
 73
     4
 74
     0
 42
0.00000001
 43
0.00000001
 40
0.8679820974033522
 40
0.8679820974033522
 40
0.8679820974033522
 40
0.8679820974033522
 40
1.0
 40
1.0
 40
1.0
 40
1.0
 10
-91.1755111509499
 20
5.780630970433572
 30
0.0
 10
-91.15662092868791
 20
5.800125694591826
 30
0.0
 10
-91.13766994886254
 20
5.81956578852515
 30
0.0
 10
-91.11871896903716
 20
5.839005882458474
 30
0.0
  0
SPLINE
  5
D3
330
1F
100
AcDbEntity
  8
0
  6
Continuous
 62
     7
370
    25
100
AcDbSpline
210
0.0
220
0.0
230
1.0
 70
     8
 71
     3
 72
    11
 73
     7
 74
     0
 42
0.00000001
 43
0.00000001
 40
0.0
 40
0.0
 40
0.0
 40
0.0
 40
0.2069026817180143
 40
0.3894723213127726
 40
0.5484679605274334
 40
0.5861392119717364
 40
0.5861392119717364
 40
0.5861392119717364
 40
0.5861392119717364
 10
-91.75566749844893
 20
5.316487500105533
 30
0.0
 10
-91.68882317525863
 20
5.372858138380397
 30
0.0
 10
-91.56299583699827
 20
5.478969877293073
 30
0.0
 10
-91.38204017208409
 20
5.623842238596573
 30
0.0
 10
-91.25502127303791
 20
5.721596505559135
 30
0.0
 10
-91.1883277659461
 20
5.771188110561053
 30
0.0
 10
-91.17551115094996
 20
5.780630970433561
 30
0.0
  0
SPLINE
  5
D4
330
1F
100
AcDbEntity
  8
0
  6
Continuous
 62
     7
370
    25
100
AcDbSpline
210
0.0
220
0.0
230
1.0
 70
     8
 71
     3
 72
    11
 73
     7
 74
     0
 42
0.00000001
 43
0.00000001
 40
0.0
 40
0.0
 40
0.0
 40
0.0
 40
0.2030737552376598
 40
0.4382866104848046
 40
0.7035791136301447
 40
0.9999999999999999
 40
0.9999999999999999
 40
0.9999999999999999
 40
0.9999999999999999
 10
-92.40640279256658
 20
4.777425000105532
 30
0.0
 10
-92.3616935815688
 20
4.813108901087652
 30
0.0
 10
-92.26519933728441
 20
4.890124151000305
 30
0.0
 10
-92.11325890470324
 20
5.017383421865064
 30
0.0
 10
-91.94031901113783
 20
5.160497323404907
 30
0.0
 10
-91.81945071582982
 20
5.262604619836124
 30
0.0
 10
-91.75566749844893
 20
5.316487500105533
 30
0.0
  0
SPLINE
  5
D5
330
1F
100
AcDbEntity
  8
0
  6
Continuous
 62
     7
370
    25
100
AcDbSpline
210
0.0
220
0.0
230
1.0
 70
     8
 71
     3
 72
    19
 73
    15
 74
     0
 42
0.00000001
 43
0.00000001
 40
0.0
 40
0.0
 40
0.0
 40
0.0
 40
0.0829560683839252
 40
0.1707101336715611
 40
0.2624154183817211
 40
0.3615576776813106
 40
0.4161400381517255
 40
0.4781493914944308
 40
0.5471889794623178
 40
0.62350975989202
 40
0.7066500224740334
 40
0.7966524338234964
 40
0.8944259002562646
 40
1.0
 40
1.0
 40
1.0
 40
1.0
 10
-94.31311235139012
 20
3.737902941282003
 30
0.0
 10
-94.25177215374663
 20
3.740188092962657
 30
0.0
 10
-94.125543976072
 20
3.744890564481178
 30
0.0
 10
-93.93578049794259
 20
3.788264454979321
 30
0.0
 10
-93.73985181060813
 20
3.851722041979644
 30
0.0
 10
-93.57501766475181
 20
3.928140602386557
 30
0.0
 10
-93.43511319632364
 20
4.004386761305208
 30
0.0
 10
-93.31822118392037
 20
4.076146695132791
 30
0.0
 10
-93.191700923003
 20
4.162465871297424
 30
0.0
 10
-93.05396832449193
 20
4.259970570183256
 30
0.0
 10
-92.90659045117214
 20
4.370541067756785
 30
0.0
 10
-92.74894044200748
 20
4.493731867199536
 30
0.0
 10
-92.58072968760307
 20
4.63026594359839
 30
0.0
 10
-92.4659790768967
 20
4.727133335182651
 30
0.0
 10
-92.40640279256658
 20
4.777425000105532
 30
0.0
  0
SPLINE
  5
D6
330
1F
100
AcDbEntity
  8
0
  6
Continuous
 62
     7
370
    25
100
AcDbSpline
210
0.0
220
0.0
230
1.0
 70
     8
 71
     3
 72
    15
 73
    11
 74
     0
 42
0.00000001
 43
0.00000001
 40
0.0
 40
0.0
 40
0.0
 40
0.0
 40
0.1141866283425704
 40
0.2129050914882902
 40
0.3105281702378358
 40
0.4102626306105351
 40
0.5253287581730111
 40
0.6578242100944823
 40
0.8165378221652712
 40
1.0
 40
1.0
 40
1.0
 40
1.0
 10
-94.59849838080189
 20
3.906101470693767
 30
0.0
 10
-94.59809798528245
 20
3.891637809107883
 30
0.0
 10
-94.59735143337942
 20
3.864669789840687
 30
0.0
 10
-94.58138124780668
 20
3.828642243530796
 30
0.0
 10
-94.561684507553
 20
3.79656075786898
 30
0.0
 10
-94.52841650103916
 20
3.774192941860776
 30
0.0
 10
-94.48780143003142
 20
3.758442692209035
 30
0.0
 10
-94.43833827119468
 20
3.745552678776154
 30
0.0
 10
-94.3789652460908
 20
3.739698669983492
 30
0.0
 10
-94.3360968316217
 20
3.738529700227502
 30
0.0
 10
-94.3131123513901
 20
3.737902941282003
 30
0.0
  0
SPLINE
  5
D7
330
1F
100
AcDbEntity
  8
0
  6
Continuous
 62
     7
370
    25
100
AcDbSpline
210
0.0
220
0.0
230
1.0
 70
     8
 71
     3
 72
    13
 73
     9
 74
     0
 42
0.00000001
 43
0.00000001
 40
0.0
 40
0.0
 40
0.0
 40
0.0
 40
0.2131267378499662
 40
0.3970340446607096
 40
0.5502929255573704
 40
0.6743509510766841
 40
0.8626100163935219
 40
1.0
 40
1.0
 40
1.0
 40
1.0
 10
-94.40548367491952
 20
4.532020588340827
 30
0.0
 10
-94.421937331445
 20
4.488329392285157
 30
0.0
 10
-94.45258886707899
 20
4.4069370129852
 30
0.0
 10
-94.49637754034086
 20
4.294604155288602
 30
0.0
 10
-94.5286585783931
 20
4.198830313840234
 30
0.0
 10
-94.56256833873238
 20
4.102699545195057
 30
0.0
 10
-94.5884392436261
 20
4.007150512730005
 30
0.0
 10
-94.5955136978819
 20
3.936084096894759
 30
0.0
 10
-94.59849838080189
 20
3.906101470693767
 30
0.0
  0
SPLINE
  5
D8
330
1F
100
AcDbEntity
  8
0
  6
Continuous
 62
     7
370
    25
100
AcDbSpline
210
0.0
220
0.0
230
1.0
 70
     8
 71
     3
 72
    23
 73
    19
 74
     0
 42
0.00000001
 43
0.00000001
 40
0.0
 40
0.0
 40
0.0
 40
0.0
 40
0.0439412463861924
 40
0.087786804768107
 40
0.1332514665535636
 40
0.1803337141659053
 40
0.2308346425242577
 40
0.2851066476951258
 40
0.3432844620427569
 40
0.4058357781211788
 40
0.4719203825514246
 40
0.539858436728975
 40
0.609680236037261
 40
0.6818971973187511
 40
0.757247030962539
 40
0.8347402761649882
 40
0.9157817020219426
 40
1.0
 40
1.0
 40
1.0
 40
1.0
 10
-92.48085132197835
 20
5.877608823634945
 30
0.0
 10
-92.48245014139205
 20
5.840712646196581
 30
0.0
 10
-92.485644298574
 20
5.767000637734093
 30
0.0
 10
-92.51154921363766
 20
5.657502798409668
 30
0.0
 10
-92.5552053128194
 20
5.551409612906443
 30
0.0
 10
-92.61374308762159
 20
5.446236741533283
 30
0.0
 10
-92.69085123462318
 20
5.344407561732997
 30
0.0
 10
-92.78345929506435
 20
5.243577821246485
 30
0.0
 10
-92.89321754931171
 20
5.14570771613323
 30
0.0
 10
-93.01852976299838
 20
5.051320205077554
 30
0.0
 10
-93.1568309914845
 20
4.961266128336063
 30
0.0
 10
-93.30572624568454
 20
4.876833836424003
 30
0.0
 10
-93.46505179711076
 20
4.801349000189059
 30
0.0
 10
-93.63388536208956
 20
4.73212910991478
 30
0.0
 10
-93.81245916596063
 20
4.67039667351532
 30
0.0
 10
-94.00128133639558
 20
4.616701781215445
 30
0.0
 10
-94.19955329976015
 20
4.569691905089632
 30
0.0
 10
-94.33596610550853
 20
4.544737597062157
 30
0.0
 10
-94.40548367491952
 20
4.532020588340827
 30
0.0
  0
SPLINE
  5
D9
330
1F
100
AcDbEntity
  8
0
  6
Continuous
 62
     7
370
    25
100
AcDbSpline
210
0.0
220
0.0
230
1.0
 70
     8
 71
     3
 72
    15
 73
    11
 74
     0
 42
0.00000001
 43
0.00000001
 40
0.0
 40
0.0
 40
0.0
 40
0.0
 40
0.1384749166102415
 40
0.2661809774913317
 40
0.3845687570557961
 40
0.5022991381747235
 40
0.618907873495479
 40
0.7366470440713773
 40
0.862959861801309
 40
1.0
 40
1.0
 40
1.0
 40
1.0
 10
-93.0833329396254
 20
6.473197058929063
 30
0.0
 10
-93.03902241845796
 20
6.471629160871357
 30
0.0
 10
-92.95384729702644
 20
6.468615296354788
 30
0.0
 10
-92.8338782285414
 20
6.43785182957732
 30
0.0
 10
-92.72829984268364
 20
6.387386510865437
 30
0.0
 10
-92.63950622259675
 20
6.316401277009137
 30
0.0
 10
-92.5683325058495
 20
6.228254494908193
 30
0.0
 10
-92.51582996908638
 20
6.124759471639509
 30
0.0
 10
-92.4855453694297
 20
6.005678680535239
 30
0.0
 10
-92.48245792539105
 20
5.921442523931289
 30
0.0
 10
-92.48085132197835
 20
5.877608823634945
 30
0.0
  0
SPLINE
  5
DA
330
1F
100
AcDbEntity
  8
0
  6
Continuous
 62
     7
370
    25
100
AcDbSpline
210
0.0
220
0.0
230
1.0
 70
     8
 71
     3
 72
    15
 73
    11
 74
     0
 42
0.00000001
 43
0.00000001
 40
0.0
 40
0.0
 40
0.0
 40
0.0
 40
0.1453143516665305
 40
0.2854526418492045
 40
0.4210244722052897
 40
0.5522787759713716
 40
0.6767324774103506
 40
0.7923873211839
 40
0.8999933553440868
 40
1.0
 40
1.0
 40
1.0
 40
1.0
 10
-94.52267117491952
 20
5.863822058929062
 30
0.0
 10
-94.46122211894581
 20
5.91015112668367
 30
0.0
 10
-94.3405128072662
 20
6.001159032188501
 30
0.0
 10
-94.15237670600295
 20
6.121171284096738
 30
0.0
 10
-93.96317411800979
 20
6.224508753529683
 30
0.0
 10
-93.77560768222689
 20
6.312795607643286
 30
0.0
 10
-93.5917724165458
 20
6.383149148547842
 30
0.0
 10
-93.41497096864971
 20
6.434944941876259
 30
0.0
 10
-93.24628807995526
 20
6.467298039353843
 30
0.0
 10
-93.13630944522944
 20
6.47127929528594
 30
0.0
 10
-93.0833329396254
 20
6.473197058929063
 30
0.0
  0
SPLINE
  5
DB
330
1F
100
AcDbEntity
  8
0
  6
Continuous
 62
     7
370
    25
100
AcDbSpline
210
0.0
220
0.0
230
1.0
 70
     8
 71
     3
 72
    15
 73
    11
 74
     0
 42
0.00000001
 43
0.00000001
 40
0.0
 40
0.0
 40
0.0
 40
0.0
 40
0.1064187970386982
 40
0.2142792157233822
 40
0.3259633876336154
 40
0.4428609803612775
 40
0.5675302064304014
 40
0.700938764767781
 40
0.8447828607234484
 40
1.0
 40
1.0
 40
1.0
 40
1.0
 10
-95.3926160278607
 20
4.454814705987886
 30
0.0
 10
-95.38982528569947
 20
4.515687219329177
 30
0.0
 10
-95.38420599607932
 20
4.638256866617525
 30
0.0
 10
-95.34226348748041
 20
4.820811465483573
 30
0.0
 10
-95.27416147484006
 20
5.001213479618783
 30
0.0
 10
-95.17725315854982
 20
5.179083179420178
 30
0.0
 10
-95.05303174184681
 20
5.354204349577563
 30
0.0
 10
-94.90343069934643
 20
5.529057375417847
 30
0.0
 10
-94.7239299639228
 20
5.699635558156533
 30
0.0
 10
-94.59143696971908
 20
5.807723066796108
 30
0.0
 10
-94.52267117491952
 20
5.863822058929062
 30
0.0
  0
SPLINE
  5
DC
330
1F
100
AcDbEntity
  8
0
  6
Continuous
 62
     7
370
    25
100
AcDbSpline
210
0.0
220
0.0
230
1.0
 70
     8
 71
     3
 72
    23
 73
    19
 74
     0
 42
0.00000001
 43
0.00000001
 40
0.0
 40
0.0
 40
0.0
 40
0.0
 40
0.0714862731670803
 40
0.1399542640206329
 40
0.2060079777141428
 40
0.2689783250552849
 40
0.3315222187207624
 40
0.3924076670233297
 40
0.4523291371177788
 40
0.5133095520575955
 40
0.5734599378206526
 40
0.6323157004886478
 40
0.6910976782183069
 40
0.7504429961074858
 40
0.8098857412207005
 40
0.8709550532604465
 40
0.9344629830229992
 40
1.0
 40
1.0
 40
1.0
 40
1.0
 10
-94.33930720433129
 20
3.473197058929062
 30
0.0
 10
-94.37793596854591
 20
3.473998095063838
 30
0.0
 10
-94.45356251929708
 20
3.475566346110222
 30
0.0
 10
-94.56444519039297
 20
3.487651714248353
 30
0.0
 10
-94.66884844697503
 20
3.510276196607288
 30
0.0
 10
-94.7684833585984
 20
3.538853322664147
 30
0.0
 10
-94.86171565309728
 20
3.577487898584567
 30
0.0
 10
-94.94925995162183
 20
3.624304598828685
 30
0.0
 10
-95.02990833685352
 20
3.680671192237072
 30
0.0
 10
-95.10539554451653
 20
3.743115716160851
 30
0.0
 10
-95.17299856305591
 20
3.813367537628724
 30
0.0
 10
-95.23125536451613
 20
3.889989038668761
 30
0.0
 10
-95.28115038227166
 20
3.971764209183739
 30
0.0
 10
-95.32254808644217
 20
4.058509384328414
 30
0.0
 10
-95.35476970924428
 20
4.150453209319019
 30
0.0
 10
-95.37616436860097
 20
4.247697632119664
 30
0.0
 10
-95.39072562791205
 20
4.34959522473862
 30
0.0
 10
-95.391979323558
 20
4.419375805088575
 30
0.0
 10
-95.3926160278607
 20
4.454814705987886
 30
0.0
  0
SPLINE
  5
DD
330
1F
100
AcDbEntity
  8
0
  6
Continuous
 62
     7
370
    25
100
AcDbSpline
210
0.0
220
0.0
230
1.0
 70
     8
 71
     3
 72
    19
 73
    15
 74
     0
 42
0.00000001
 43
0.00000001
 40
0.0
 40
0.0
 40
0.0
 40
0.0
 40
0.1086053866022408
 40
0.2089720561024909
 40
0.3014565476924237
 40
0.386166266685625
 40
0.4623459751311312
 40
0.5311804371960235
 40
0.5916143386667136
 40
0.6449002491898128
 40
0.7400722599095408
 40
0.8298839146588133
 40
0.9162481535971064
 40
1.0
 40
1.0
 40
1.0
 40
1.0
 10
-92.05484029256658
 20
4.777425000105532
 30
0.0
 10
-92.12766757172118
 20
4.712807152608153
 30
0.0
 10
-92.2677975113256
 20
4.58847331544868
 30
0.0
 10
-92.47383122544306
 20
4.413593312079713
 30
0.0
 10
-92.66488426922149
 20
4.25415724735308
 30
0.0
 10
-92.8438700818376
 20
4.114279892817268
 30
0.0
 10
-93.00841998085876
 20
3.99041919695628
 30
0.0
 10
-93.15926613521562
 20
3.884701699753872
 30
0.0
 10
-93.29638813328773
 20
3.795278367078773
 30
0.0
 10
-93.4584007959925
 20
3.701233878839395
 30
0.0
 10
-93.65202695655401
 20
3.609754350275423
 30
0.0
 10
-93.88283048734374
 20
3.531881585837542
 30
0.0
 10
-94.11151930942552
 20
3.481955180530873
 30
0.0
 10
-94.26415924588095
 20
3.476086391386824
 30
0.0
 10
-94.3393072043313
 20
3.473197058929062
 30
0.0
  0
SPLINE
  5
DE
330
1F
100
AcDbEntity
  8
0
  6
Continuous
 62
     7
370
    25
100
AcDbSpline
210
0.0
220
0.0
230
1.0
 70
     8
 71
     3
 72
    11
 73
     7
 74
     0
 42
0.00000001
 43
0.00000001
 40
0.0
 40
0.0
 40
0.0
 40
0.0
 40
0.3037762906346868
 40
0.5719321725275838
 40
0.8030207931075231
 40
1.0
 40
1.0
 40
1.0
 40
1.0
 10
-91.55989543962541
 20
5.248932353046709
 30
0.0
 10
-91.6094231801595
 20
5.200569770755007
 30
0.0
 10
-91.7026711034417
 20
5.109515539032882
 30
0.0
 10
-91.8351577097901
 20
4.983296993892926
 30
0.0
 10
-91.94940650343746
 20
4.873199236788764
 30
0.0
 10
-92.02161357038332
 20
4.807607581807989
 30
0.0
 10
-92.05484029256658
 20
4.777425000105532
 30
0.0
  0
SPLINE
  5
DF
330
1F
100
AcDbEntity
  8
0
  6
Continuous
 62
     7
370
    25
100
AcDbSpline
210
0.0
220
0.0
230
1.0
 70
     8
 71
     3
 72
     8
 73
     4
 74
     0
 42
0.00000001
 43
0.00000001
 40
0.9039299452714435
 40
0.9039299452714435
 40
0.9039299452714435
 40
0.9039299452714435
 40
1.0
 40
1.0
 40
1.0
 40
1.0
 10
-91.47565168020141
 20
5.328854372717299
 30
0.0
 10
-91.50377337647025
 20
5.302257178215339
 30
0.0
 10
-91.53183440804784
 20
5.275594765631025
 30
0.0
 10
-91.55989543962541
 20
5.248932353046709
 30
0.0
  0
SPLINE
  5
E0
330
1F
100
AcDbEntity
  8
0
  6
Continuous
 62
     7
370
    25
100
AcDbSpline
210
0.0
220
0.0
230
1.0
 70
     8
 71
     3
 72
     8
 73
     4
 74
     0
 42
0.00000001
 43
0.00000001
 40
0.0
 40
0.0
 40
0.0
 40
0.0
 40
0.2543858697470666
 40
0.2543858697470666
 40
0.2543858697470666
 40
0.2543858697470666
 10
-91.45925205727245
 20
5.32613823539965
 30
0.0
 10
-91.46477413423655
 20
5.326736874020916
 30
0.0
 10
-91.47029621120065
 20
5.327335512642184
 30
0.0
 10
-91.47565168020166
 20
5.328854372717451
 30
0.0
  0
SPLINE
  5
E1
330
1F
100
AcDbEntity
  8
0
  6
Continuous
 62
     7
370
    25
100
AcDbSpline
210
0.0
220
0.0
230
1.0
 70
     8
 71
     3
 72
    15
 73
    11
 74
     0
 42
0.00000001
 43
0.00000001
 40
0.0
 40
0.0
 40
0.0
 40
0.0
 40
0.0558123125383436
 40
0.1527005365580152
 40
0.2978751860770951
 40
0.4877295020028129
 40
0.6789431409607112
 40
0.8270018593262224
 40
0.9316699365245266
 40
0.9999999999999999
 40
0.9999999999999999
 40
0.9999999999999999
 40
0.9999999999999999
 10
-90.881586616096
 20
5.767314705987885
 30
0.0
 10
-90.89477333907753
 20
5.763343628732561
 30
0.0
 10
-90.9308517523011
 20
5.752478900144496
 30
0.0
 10
-90.98725292377253
 20
5.703927427905072
 30
0.0
 10
-91.06885426739498
 20
5.637647684643587
 30
0.0
 10
-91.16010220019834
 20
5.546267793900088
 30
0.0
 10
-91.25304040936085
 20
5.455632517571165
 30
0.0
 10
-91.3371169181386
 20
5.387740072305493
 30
0.0
 10
-91.40112647378962
 20
5.339310394550677
 30
0.0
 10
-91.44279428424532
 20
5.329867822142616
 30
0.0
 10
-91.45925205727245
 20
5.32613823539965
 30
0.0
  0
SPLINE
  5
E2
330
1F
100
AcDbEntity
  8
0
  6
Continuous
 62
     7
370
    25
100
AcDbSpline
210
0.0
220
0.0
230
1.0
 70
     8
 71
     3
 72
    11
 73
     7
 74
     0
 42
0.00000001
 43
0.00000001
 40
0.0
 40
0.0
 40
0.0
 40
0.0
 40
0.283323386997703
 40
0.5625304769383529
 40
0.8055249932170518
 40
1.0
 40
1.0
 40
1.0
 40
1.0
 10
-90.80438073374305
 20
5.644612500105533
 30
0.0
 10
-90.80525655726812
 20
5.659604136239733
 30
0.0
 10
-90.80699547981351
 20
5.689369600764292
 30
0.0
 10
-90.82578386297011
 20
5.727153560298579
 30
0.0
 10
-90.84821152173616
 20
5.760096056046438
 30
0.0
 10
-90.87131574358195
 20
5.765093234118083
 30
0.0
 10
-90.881586616096
 20
5.767314705987885
 30
0.0
  0
SPLINE
  5
E3
330
1F
100
AcDbEntity
  8
0
  6
Continuous
 62
     7
370
    25
100
AcDbSpline
210
0.0
220
0.0
230
1.0
 70
     8
 71
     3
 72
    15
 73
    11
 74
     0
 42
0.00000001
 43
0.00000001
 40
0.0
 40
0.0
 40
0.0
 40
0.0
 40
0.2069889641465897
 40
0.389647297785596
 40
0.5445112493140902
 40
0.6752970743613667
 40
0.7839289527645541
 40
0.8731604878766575
 40
0.9449827238993036
 40
1.0
 40
1.0
 40
1.0
 40
1.0
 10
-91.16972999844894
 20
4.958031617752594
 30
0.0
 10
-91.1394947973518
 20
5.002836518915911
 30
0.0
 10
-91.08257840833518
 20
5.087179704736547
 30
0.0
 10
-91.00844660897776
 20
5.208489386468322
 30
0.0
 10
-90.94291869792711
 20
5.3117980017904
 30
0.0
 10
-90.89394843438468
 20
5.402329250461942
 30
0.0
 10
-90.85331593695487
 20
5.478085538975931
 30
0.0
 10
-90.82773742116439
 20
5.543641030081981
 30
0.0
 10
-90.80878825750709
 20
5.59717884954707
 30
0.0
 10
-90.80571414534793
 20
5.630262360774887
 30
0.0
 10
-90.80438073374305
 20
5.644612500105533
 30
0.0
  0
SPLINE
  5
E6
330
1F
100
AcDbEntity
  8
0
  6
Continuous
 62
     7
370
    25
100
AcDbSpline
210
0.0
220
0.0
230
1.0
 70
     8
 71
     3
 72
    23
 73
    19
 74
     0
 42
0.00000001
 43
0.00000001
 40
0.0
 40
0.0
 40
0.0
 40
0.0
 40
0.016903264809458
 40
0.0388776110153407
 40
0.0668585070961041
 40
0.1012628086562691
 40
0.1420548272908568
 40
0.1896076222215819
 40
0.2442733267450919
 40
0.3052874947730427
 40
0.3724005760123113
 40
0.445386702067621
 40
0.5239718299144116
 40
0.6076275642343598
 40
0.6975226237603365
 40
0.7927482761734527
 40
0.89339026149162
 40
1.0
 40
1.0
 40
1.0
 40
1.0
 10
-88.6770829396254
 20
6.208491176576122
 30
0.0
 10
-88.69709852009885
 20
6.205722595588655
 30
0.0
 10
-88.74313447591359
 20
6.199354842618538
 30
0.0
 10
-88.81535609094317
 20
6.163625929557218
 30
0.0
 10
-88.89940892431949
 20
6.109087562524047
 30
0.0
 10
-88.99520312074108
 20
6.032053776632053
 30
0.0
 10
-89.1044222735255
 20
5.935211159809127
 30
0.0
 10
-89.22538700714237
 20
5.81558183256931
 30
0.0
 10
-89.36000478579366
 20
5.675725347194144
 30
0.0
 10
-89.50540354446818
 20
5.514110053314213
 30
0.0
 10
-89.66260961031159
 20
5.333878175720248
 30
0.0
 10
-89.82881041926852
 20
5.133851818163247
 30
0.0
 10
-90.00481681986886
 20
4.916452835014814
 30
0.0
 10
-90.19075649245252
 20
4.681228751537321
 30
0.0
 10
-90.38363384450767
 20
4.426366239278917
 30
0.0
 10
-90.5883069026712
 20
4.155110918142054
 30
0.0
 10
-90.80080253344309
 20
3.864890378143785
 30
0.0
 10
-90.94427416098947
 20
3.664508342252883
 30
0.0
 10
-91.01807558668422
 20
3.56143235304671
 30
0.0
  0
SPLINE
  5
E7
330
1F
100
AcDbEntity
  8
0
  6
Continuous
 62
     7
370
    25
100
AcDbSpline
210
0.0
220
0.0
230
1.0
 70
     8
 71
     3
 72
    11
 73
     7
 74
     0
 42
0.00000001
 43
0.00000001
 40
0.0
 40
0.0
 40
0.0
 40
0.0
 40
0.3566837795041242
 40
0.6272391000055991
 40
0.8269829531952886
 40
1.0
 40
1.0
 40
1.0
 40
1.0
 10
-88.59849838080187
 20
6.041671323634944
 30
0.0
 10
-88.59942219612607
 20
6.065730457679424
 30
0.0
 10
-88.60104675301885
 20
6.108039164865249
 30
0.0
 10
-88.6143734925638
 20
6.161838606709513
 30
0.0
 10
-88.63988416645056
 20
6.200825094489949
 30
0.0
 10
-88.66529055791189
 20
6.206060952176453
 30
0.0
 10
-88.6770829396254
 20
6.208491176576122
 30
0.0
  0
SPLINE
  5
E8
330
1F
100
AcDbEntity
  8
0
  6
Continuous
 62
     7
370
    25
100
AcDbSpline
210
0.0
220
0.0
230
1.0
 70
     8
 71
     3
 72
    15
 73
    11
 74
     0
 42
0.00000001
 43
0.00000001
 40
0.0
 40
0.0
 40
0.0
 40
0.0
 40
0.1998769503896328
 40
0.3779282424047192
 40
0.5317915752040483
 40
0.6640161547120128
 40
0.7751551125575536
 40
0.868342557222943
 40
0.9429089079020448
 40
0.9999999999999999
 40
0.9999999999999999
 40
0.9999999999999999
 40
0.9999999999999999
 10
-89.20787338080189
 20
4.672645588340827
 30
0.0
 10
-89.15873343960527
 20
4.760189711615889
 30
0.0
 10
-89.06581941639196
 20
4.925718536113715
 30
0.0
 10
-88.94151778723752
 20
5.162133462646441
 30
0.0
 10
-88.83502192633591
 20
5.369534955679715
 30
0.0
 10
-88.75078059159395
 20
5.550408000298377
 30
0.0
 10
-88.68449718301945
 20
5.706014578175758
 30
0.0
 10
-88.63711715520317
 20
5.837778658620417
 30
0.0
 10
-88.60660259153418
 20
5.947055287170522
 30
0.0
 10
-88.60094967528002
 20
6.013052649294977
 30
0.0
 10
-88.59849838080189
 20
6.041671323634946
 30
0.0
  0
SPLINE
  5
EB
330
1F
100
AcDbEntity
  8
0
  6
Continuous
 62
     7
370
    25
100
AcDbSpline
210
0.0
220
0.0
230
1.0
 70
     8
 71
     3
 72
    23
 73
    19
 74
     0
 42
0.00000001
 43
0.00000001
 40
0.0
 40
0.0
 40
0.0
 40
0.0
 40
0.0277772039587518
 40
0.0591190964893159
 40
0.0948146945692472
 40
0.1354298361244553
 40
0.1818785815584976
 40
0.2339006924179299
 40
0.2916818882391073
 40
0.3558922676442516
 40
0.4244955450761996
 40
0.4962714783186699
 40
0.5713166800069035
 40
0.6499352687822234
 40
0.7321842300493214
 40
0.8177061093207196
 40
0.9069655431804551
 40
1.0
 40
1.0
 40
1.0
 40
1.0
 10
-86.42432558668422
 20
6.208491176576122
 30
0.0
 10
-86.45812940246265
 20
6.206212684005804
 30
0.0
 10
-86.53007512636195
 20
6.201363296633528
 30
0.0
 10
-86.63988118136805
 20
6.163117608226498
 30
0.0
 10
-86.757541181126
 20
6.105889573318339
 30
0.0
 10
-86.88368087385916
 20
6.025664226683679
 30
0.0
 10
-87.01811670903318
 20
5.923082447591481
 30
0.0
 10
-87.16138609856547
 20
5.798351140854807
 30
0.0
 10
-87.31330628369763
 20
5.651203112056221
 30
0.0
 10
-87.47263486960918
 20
5.483085069931112
 30
0.0
 10
-87.63721079853285
 20
5.29672285050022
 30
0.0
 10
-87.80257467369717
 20
5.093756262929534
 30
0.0
 10
-87.96792252784967
 20
4.87533214820535
 30
0.0
 10
-88.1345506842701
 20
4.642088049989258
 30
0.0
 10
-88.30306727278825
 20
4.394604208895916
 30
0.0
 10
-88.4692796357909
 20
4.130176602617739
 30
0.0
 10
-88.63787621730793
 20
3.851845847091532
 30
0.0
 10
-88.74781397571772
 20
3.659564136123065
 30
0.0
 10
-88.80392117491952
 20
3.56143235304671
 30
0.0
  0
SPLINE
  5
EC
330
1F
100
AcDbEntity
  8
0
  6
Continuous
 62
     7
370
    25
100
AcDbSpline
210
0.0
220
0.0
230
1.0
 70
     8
 71
     3
 72
    11
 73
     7
 74
     0
 42
0.00000001
 43
0.00000001
 40
0.0
 40
0.0
 40
0.0
 40
0.0
 40
0.2841907027968855
 40
0.4793736788226573
 40
0.6869509787137879
 40
0.9999999999999999
 40
0.9999999999999999
 40
0.9999999999999999
 40
0.9999999999999999
 10
-86.30438073374306
 20
6.100954411870238
 30
0.0
 10
-86.30439780219463
 20
6.119136671327005
 30
0.0
 10
-86.30442659330686
 20
6.149806557847985
 30
0.0
 10
-86.32674456851191
 20
6.190583239737559
 30
0.0
 10
-86.3716058064937
 20
6.207228144854313
 30
0.0
 10
-86.40452906068612
 20
6.208016902210279
 30
0.0
 10
-86.42432558668423
 20
6.208491176576122
 30
0.0
  0
SPLINE
  5
ED
330
1F
100
AcDbEntity
  8
0
  6
Continuous
 62
     7
370
    25
100
AcDbSpline
210
0.0
220
0.0
230
1.0
 70
     8
 71
     3
 72
    11
 73
     7
 74
     0
 42
0.00000001
 43
0.00000001
 40
0.0
 40
0.0
 40
0.0
 40
0.0
 40
0.3862340269407596
 40
0.6800407398521554
 40
0.8861891668003031
 40
1.0
 40
1.0
 40
1.0
 40
1.0
 10
-86.44776308668423
 20
5.812811029517298
 30
0.0
 10
-86.42603223241412
 20
5.848366739721541
 30
0.0
 10
-86.3877708023363
 20
5.910969539544175
 30
0.0
 10
-86.3450751240055
 20
5.996062984204185
 30
0.0
 10
-86.3132809523306
 20
6.0548804663047
 30
0.0
 10
-86.30671593690398
 20
6.08886571738892
 30
0.0
 10
-86.30438073374306
 20
6.100954411870238
 30
0.0
  0
SPLINE
  5
EE
330
1F
100
AcDbEntity
  8
0
  6
Continuous
 62
     7
370
    25
100
AcDbSpline
210
0.0
220
0.0
230
1.0
 70
     8
 71
     3
 72
     9
 73
     5
 74
     0
 42
0.00000001
 43
0.00000001
 40
0.0
 40
0.0
 40
0.0
 40
0.0
 40
0.4460681968996427
 40
1.0
 40
1.0
 40
1.0
 40
1.0
 10
-86.59803882197834
 20
5.560513235399651
 30
0.0
 10
-86.57609498596925
 20
5.59826543340091
 30
0.0
 10
-86.5269010820738
 20
5.682898676173321
 30
0.0
 10
-86.47597349617094
 20
5.766501028017063
 30
0.0
 10
-86.44776308668423
 20
5.812811029517298
 30
0.0
  0
SPLINE
  5
F0
330
1F
100
AcDbEntity
  8
0
  6
Continuous
 62
     7
370
    25
100
AcDbSpline
210
0.0
220
0.0
230
1.0
 70
     8
 71
     3
 72
    15
 73
    11
 74
     0
 42
0.00000001
 43
0.00000001
 40
0.0
 40
0.0
 40
0.0
 40
0.0
 40
0.0729922627525132
 40
0.1585655571972578
 40
0.2593540048075297
 40
0.3751023104268239
 40
0.5060406861390203
 40
0.6537630960568733
 40
0.8190286460974336
 40
1.0
 40
1.0
 40
1.0
 40
1.0
 10
-87.3632042631548
 20
4.163913970693768
 30
0.0
 10
-87.3606363835256
 20
4.199932088028945
 30
0.0
 10
-87.35505802153396
 20
4.278176447486777
 30
0.0
 10
-87.32026302602799
 20
4.402159846278446
 30
0.0
 10
-87.26559257823126
 20
4.540944254604286
 30
0.0
 10
-87.19084081216322
 20
4.69558622472057
 30
0.0
 10
-87.09248288591618
 20
4.863745330130401
 30
0.0
 10
-86.97508438602874
 20
5.04883319442943
 30
0.0
 10
-86.83616361946822
 20
5.249349870825889
 30
0.0
 10
-86.73319857645737
 20
5.385795171987924
 30
0.0
 10
-86.67938073374305
 20
5.457112500105533
 30
0.0
  0
SPLINE
  5
F1
330
1F
100
AcDbEntity
  8
0
  6
Continuous
 62
     7
370
    25
100
AcDbSpline
210
0.0
220
0.0
230
1.0
 70
     8
 71
     3
 72
    15
 73
    11
 74
     0
 42
0.00000001
 43
0.00000001
 40
0.0
 40
0.0
 40
0.0
 40
0.0
 40
0.1266231308144446
 40
0.2458672478057079
 40
0.3646186184040706
 40
0.4864381903978756
 40
0.6104117927557909
 40
0.7343436555011597
 40
0.8630203413423239
 40
1.0
 40
1.0
 40
1.0
 40
1.0
 10
-86.72901308668422
 20
3.473197058929062
 30
0.0
 10
-86.773397011673
 20
3.475502345154945
 30
0.0
 10
-86.85957837058912
 20
3.479978576125673
 30
0.0
 10
-86.98291792016389
 20
3.51732552871498
 30
0.0
 10
-87.09395040263091
 20
3.578720411141566
 30
0.0
 10
-87.18917052226264
 20
3.665273251907877
 30
0.0
 10
-87.26582408286923
 20
3.770377698536888
 30
0.0
 10
-87.32402547181886
 20
3.889460090936423
 30
0.0
 10
-87.35729004407128
 20
4.022892264492758
 30
0.0
 10
-87.36119220336646
 20
4.115937373898402
 30
0.0
 10
-87.3632042631548
 20
4.163913970693768
 30
0.0
  0
SPLINE
  5
F2
330
1F
100
AcDbEntity
  8
0
  6
Continuous
 62
     7
370
    25
100
AcDbSpline
210
0.0
220
0.0
230
1.0
 70
     8
 71
     3
 72
    19
 73
    15
 74
     0
 42
0.00000001
 43
0.00000001
 40
0.0
 40
0.0
 40
0.0
 40
0.0
 40
0.125605835892357
 40
0.2399594788653759
 40
0.3430792172680788
 40
0.434990045636341
 40
0.5157273692883833
 40
0.5849377822782252
 40
0.6435153458753661
 40
0.6911937626307806
 40
0.7726508537923322
 40
0.8502233780629518
 40
0.9252889580804166
 40
1.0
 40
1.0
 40
1.0
 40
1.0
 10
-84.98774470433128
 20
4.665752205987885
 30
0.0
 10
-85.05146857549617
 20
4.601259232739184
 30
0.0
 10
-85.17320771928178
 20
4.478050783535442
 30
0.0
 10
-85.34968618570807
 20
4.304317281384424
 30
0.0
 10
-85.51082053118584
 20
4.149683095115889
 30
0.0
 10
-85.65696593790234
 20
4.014540326255776
 30
0.0
 10
-85.78716126677774
 20
3.898178040447149
 30
0.0
 10
-85.90374967689846
 20
3.802942993458303
 30
0.0
 10
-86.0036551639333
 20
3.72504285119998
 30
0.0
 10
-86.11554315734467
 20
3.648418071632974
 30
0.0
 10
-86.24804741478813
 20
3.578692129928335
 30
0.0
 10
-86.40626262725344
 20
3.518535051929759
 30
0.0
 10
-86.56685704586312
 20
3.480641107444255
 30
0.0
 10
-86.67504643856124
 20
3.475674489586566
 30
0.0
 10
-86.72901308668422
 20
3.473197058929062
 30
0.0
  0
SPLINE
  5
F3
330
1F
100
AcDbEntity
  8
0
  6
Continuous
 62
     7
370
    25
100
AcDbSpline
210
0.0
220
0.0
230
1.0
 70
     8
 71
     3
 72
    10
 73
     6
 74
     0
 42
0.00000001
 43
0.00000001
 40
0.3836001928872177
 40
0.3836001928872177
 40
0.3836001928872177
 40
0.3836001928872177
 40
0.5763904761632879
 40
0.8078980066321969
 40
1.0
 40
1.0
 40
1.0
 40
1.0
 10
-84.8161402431901
 20
4.839185362980655
 30
0.0
 10
-84.83373617621795
 20
4.82081427600161
 30
0.0
 10
-84.8724918161072
 20
4.780412670827534
 30
0.0
 10
-84.93036453938575
 20
4.723260554992305
 30
0.0
 10
-84.96984209286829
 20
4.683694810877263
 30
0.0
 10
-84.98774470433128
 20
4.665752205987885
 30
0.0
  0
SPLINE
  5
F4
330
1F
100
AcDbEntity
  8
0
  6
Continuous
 62
     7
370
    25
100
AcDbSpline
210
0.0
220
0.0
230
1.0
 70
     8
 71
     3
 72
    10
 73
     6
 74
     0
 42
0.00000001
 43
0.00000001
 40
0.0
 40
0.0
 40
0.0
 40
0.0
 40
0.1029433050413488
 40
0.2107324820306105
 40
0.232528144046864
 40
0.232528144046864
 40
0.232528144046864
 40
0.232528144046864
 10
-84.89261602786068
 20
4.416211764811416
 30
0.0
 10
-84.8890624785894
 20
4.479885379031847
 30
0.0
 10
-84.88178810307117
 20
4.61022992896777
 30
0.0
 10
-84.8465566286736
 20
4.750525449858146
 30
0.0
 10
-84.82066383829631
 20
4.826474377347053
 30
0.0
 10
-84.81614024319008
 20
4.839185362980605
 30
0.0
  0
SPLINE
  5
F5
330
1F
100
AcDbEntity
  8
0
  6
Continuous
 62
     7
370
    25
100
AcDbSpline
210
0.0
220
0.0
230
1.0
 70
     8
 71
     3
 72
    15
 73
    11
 74
     0
 42
0.00000001
 43
0.00000001
 40
0.0
 40
0.0
 40
0.0
 40
0.0
 40
0.1336580640174097
 40
0.2572535766710342
 40
0.3759840062599708
 40
0.4963111270226053
 40
0.617048491872976
 40
0.7382662983212013
 40
0.8645592124392949
 40
1.0
 40
1.0
 40
1.0
 40
1.0
 10
-83.97441749844891
 20
3.473197058929062
 30
0.0
 10
-84.04044904998133
 20
3.476208069687951
 30
0.0
 10
-84.16754091630253
 20
3.482003404917546
 30
0.0
 10
-84.34817894330236
 20
3.531140561175893
 30
0.0
 10
-84.50815943373263
 20
3.614309697732685
 30
0.0
 10
-84.6447563821533
 20
3.729729999534463
 30
0.0
 10
-84.75646672047186
 20
3.87109226433699
 30
0.0
 10
-84.83513948243026
 20
4.036096052458173
 30
0.0
 10
-84.88561404597144
 20
4.219783446946448
 30
0.0
 10
-84.8902282764636
 20
4.34922758835588
 30
0.0
 10
-84.89261602786068
 20
4.416211764811416
 30
0.0
  0
SPLINE
  5
F6
330
1F
100
AcDbEntity
  8
0
  6
Continuous
 62
     7
370
    25
100
AcDbSpline
210
0.0
220
0.0
230
1.0
 70
     8
 71
     3
 72
    15
 73
    11
 74
     0
 42
0.00000001
 43
0.00000001
 40
0.0
 40
0.0
 40
0.0
 40
0.0
 40
0.15898356016867
 40
0.3025723323889604
 40
0.4333760992700777
 40
0.5495055378754526
 40
0.6589432770752283
 40
0.7695656819310728
 40
0.8831297532574945
 40
1.0
 40
1.0
 40
1.0
 40
1.0
 10
-82.84666014550773
 20
3.972277941282004
 30
0.0
 10
-82.89821885497065
 20
3.929547525316728
 30
0.0
 10
-82.99634371115452
 20
3.848224389711719
 30
0.0
 10
-83.14266942792709
 20
3.738764056846585
 30
0.0
 10
-83.28286287954691
 20
3.652435171628339
 30
0.0
 10
-83.41637423868748
 20
3.583196853323766
 30
0.0
 10
-83.5496816867275
 20
3.534597606513123
 30
0.0
 10
-83.68548570225816
 20
3.497693364393031
 30
0.0
 10
-83.8281088008832
 20
3.477160736748881
 30
0.0
 10
-83.92518366936187
 20
3.474530862315901
 30
0.0
 10
-83.97441749844891
 20
3.473197058929062
 30
0.0
  0
SPLINE
  5
F8
330
1F
100
AcDbEntity
  8
0
  6
Continuous
 62
     7
370
    25
100
AcDbSpline
210
0.0
220
0.0
230
1.0
 70
     8
 71
     3
 72
    15
 73
    11
 74
     0
 42
0.00000001
 43
0.00000001
 40
0.0
 40
0.0
 40
0.0
 40
0.0
 40
0.1563024895814351
 40
0.2993020666928836
 40
0.4305821093312013
 40
0.5499060515241702
 40
0.6623719746200211
 40
0.7747663545005639
 40
0.8865327777874845
 40
1.0
 40
1.0
 40
1.0
 40
1.0
 10
-81.58103514550774
 20
4.541671323634946
 30
0.0
 10
-81.63418365999694
 20
4.493618614464578
 30
0.0
 10
-81.73595721632911
 20
4.401602964532208
 30
0.0
 10
-81.89218041517472
 20
4.280592386568371
 30
0.0
 10
-82.04395283717554
 20
4.182771776892403
 30
0.0
 10
-82.1904033076773
 20
4.103290371076495
 30
0.0
 10
-82.33694900204459
 20
4.043866465529501
 30
0.0
 10
-82.48595644556943
 20
4.00293666608386
 30
0.0
 10
-82.63894893214169
 20
3.976898076688412
 30
0.0
 10
-82.74223661956731
 20
3.973825719811041
 30
0.0
 10
-82.79427043962538
 20
3.972277941282004
 30
0.0
  0
CIRCLE
  5
F9
330
1F
100
AcDbEntity
  8
0
  6
Continuous
 62
     7
370
    25
100
AcDbCircle
 10
107.7
 20
50.9084936491
 30
0.0
 40
1.499999999999986
  0
CIRCLE
  5
FA
330
1F
100
AcDbEntity
  8
0
  6
Continuous
 62
     7
370
    25
100
AcDbCircle
 10
107.7
 20
22.4084936491
 30
0.0
 40
1.500000000000007
  0
CIRCLE
  5
FB
330
1F
100
AcDbEntity
  8
0
  6
Continuous
 62
     7
370
    25
100
AcDbCircle
 10
77.3
 20
22.4084936491
 30
0.0
 40
1.499999999999993
  0
CIRCLE
  5
FC
330
1F
100
AcDbEntity
  8
0
  6
Continuous
 62
     7
370
    25
100
AcDbCircle
 10
77.3
 20
50.9084936491
 30
0.0
 40
1.499999999999986
  0
CIRCLE
  5
101
330
1F
100
AcDbEntity
  8
0
  6
Continuous
 62
     7
370
    25
100
AcDbCircle
 10
-30.0
 20
-46.460978693
 30
0.0
 40
4.000000000000007
  0
CIRCLE
  5
102
330
1F
100
AcDbEntity
  8
0
  6
Continuous
 62
     7
370
    25
100
AcDbCircle
 10
-90.0
 20
-46.460978693
 30
0.0
 40
4.000000000000014
  0
CIRCLE
  5
103
330
1F
100
AcDbEntity
  8
0
  6
Continuous
 62
     7
370
    25
100
AcDbCircle
 10
118.0
 20
-40.8660254038
 30
0.0
 40
11.49999999999989
  0
SPLINE
  5
104
330
1F
100
AcDbEntity
  8
0
  6
Continuous
 62
     7
370
    25
100
AcDbSpline
210
0.0
220
0.0
230
1.0
 70
     8
 71
     3
 72
    11
 73
     7
 74
     0
 42
0.00000001
 43
0.00000001
 40
0.0
 40
0.0
 40
0.0
 40
0.0
 40
1.0
 40
1.0
 40
1.0
 40
2.0
 40
2.0
 40
2.0
 40
2.0
 10
-103.6333013120875
 20
32.60157720029548
 30
0.0
 10
-104.1666346454209
 20
32.93491053362882
 30
0.0
 10
-104.7679292660029
 20
33.17851170385489
 30
0.0
 10
-105.2333013120875
 20
33.60157720029548
 30
0.0
 10
-105.8807195129418
 20
34.1901392010721
 30
0.0
 10
-106.3666346454209
 20
34.93491053362882
 30
0.0
 10
-106.9333013120876
 20
35.60157720029548
 30
0.0
  0
SPLINE
  5
106
330
1F
100
AcDbEntity
  8
0
  6
Continuous
 62
     7
370
    25
100
AcDbSpline
210
0.0
220
0.0
230
1.0
 70
     8
 71
     3
 72
    17
 73
    13
 74
     0
 42
0.00000001
 43
0.00000001
 40
0.0
 40
0.0
 40
0.0
 40
0.0
 40
1.0
 40
1.0
 40
1.0
 40
2.0
 40
2.0
 40
2.0
 40
3.0
 40
3.0
 40
3.0
 40
4.0
 40
4.0
 40
4.0
 40
4.0
 10
-107.3333013120876
 20
34.70157720029549
 30
0.0
 10
-106.3999679787542
 20
33.26824386696216
 30
0.0
 10
-104.9976137136293
 20
32.04777571485261
 30
0.0
 10
-104.5333013120875
 20
30.40157720029548
 30
0.0
 10
-104.2119778797968
 20
29.26233957671909
 30
0.0
 10
-104.8960952144184
 20
28.06125145556705
 30
0.0
 10
-105.1333013120876
 20
26.90157720029548
 30
0.0
 10
-105.196672166163
 20
26.59176413592643
 30
0.0
 10
-105.3915074741347
 20
26.31503098494191
 30
0.0
 10
-105.4333013120875
 20
26.00157720029549
 30
0.0
 10
-105.5259207485974
 20
25.30693142647138
 30
0.0
 10
-105.4999679787542
 20
24.60157720029548
 30
0.0
 10
-105.5333013120875
 20
23.90157720029548
 30
0.0
  0
SPLINE
  5
107
330
1F
100
AcDbEntity
  8
0
  6
Continuous
 62
     7
370
    25
100
AcDbSpline
210
0.0
220
0.0
230
1.0
 70
     8
 71
     3
 72
    20
 73
    16
 74
     0
 42
0.00000001
 43
0.00000001
 40
0.0
 40
0.0
 40
0.0
 40
0.0
 40
1.0
 40
1.0
 40
1.0
 40
2.0
 40
2.0
 40
2.0
 40
3.0
 40
3.0
 40
3.0
 40
4.0
 40
4.0
 40
4.0
 40
5.0
 40
5.0
 40
5.0
 40
5.0
 10
-105.5333013120875
 20
23.90157720029548
 30
0.0
 10
-105.0999679787542
 20
23.60157720029548
 30
0.0
 10
-104.7009056237992
 20
23.24473144238557
 30
0.0
 10
-104.2333013120876
 20
23.00157720029548
 30
0.0
 10
-103.8592178627182
 20
22.80705380662341
 30
0.0
 10
-103.3172020280505
 20
22.91331131978429
 30
0.0
 10
-103.0333013120876
 20
22.60157720029549
 30
0.0
 10
-101.5744203629196
 20
20.99966870709145
 30
0.0
 10
-100.6134750911016
 20
18.98383192958642
 30
0.0
 10
-99.13330131208754
 20
17.40157720029548
 30
0.0
 10
-98.644367791888
 20
16.8789241269787
 30
0.0
 10
-97.81350201877497
 20
16.82061104401417
 30
0.0
 10
-97.23330131208756
 20
16.40157720029547
 30
0.0
 10
-95.40592331483914
 20
15.08180420228274
 30
0.0
 10
-93.69996797875423
 20
13.60157720029548
 30
0.0
 10
-91.93330131208754
 20
12.20157720029549
 30
0.0
  0
SPLINE
  5
113
330
1F
100
AcDbEntity
  8
0
  6
Continuous
 62
     7
370
    25
100
AcDbSpline
210
0.0
220
0.0
230
1.0
 70
     8
 71
     3
 72
    38
 73
    34
 74
     0
 42
0.00000001
 43
0.00000001
 40
0.0
 40
0.0
 40
0.0
 40
0.0
 40
1.0
 40
1.0
 40
1.0
 40
2.0
 40
2.0
 40
2.0
 40
3.0
 40
3.0
 40
3.0
 40
4.0
 40
4.0
 40
4.0
 40
5.0
 40
5.0
 40
5.0
 40
6.0
 40
6.0
 40
6.0
 40
7.0
 40
7.0
 40
7.0
 40
8.0
 40
8.0
 40
8.0
 40
9.0
 40
9.0
 40
9.0
 40
10.0
 40
10.0
 40
10.0
 40
11.0
 40
11.0
 40
11.0
 40
11.0
 10
-127.5333013120876
 20
12.10157720029548
 30
0.0
 10
-126.1333013120876
 20
13.30157720029548
 30
0.0
 10
-124.8245369687776
 20
14.61704217724817
 30
0.0
 10
-123.3333013120876
 20
15.70157720029548
 30
0.0
 10
-122.609945767944
 20
16.22765395967263
 30
0.0
 10
-121.5657568441212
 20
16.2691216682618
 30
0.0
 10
-120.9333013120876
 20
16.90157720029547
 30
0.0
 10
-119.3539202800233
 20
18.48095823235977
 30
0.0
 10
-118.3243178939942
 20
20.53852024355341
 30
0.0
 10
-116.8333013120876
 20
22.20157720029548
 30
0.0
 10
-116.5644354082617
 20
22.50146609302432
 30
0.0
 10
-115.9567169111726
 20
22.36645380166791
 30
0.0
 10
-115.7333013120875
 20
22.70157720029548
 30
0.0
 10
-114.9804151275699
 20
23.83090647707202
 30
0.0
 10
-114.633017391679
 20
25.18397182657961
 30
0.0
 10
-114.0333013120875
 20
26.40157720029548
 30
0.0
 10
-113.5325381798653
 20
27.41827810511037
 30
0.0
 10
-112.803357598592
 20
28.33036163409838
 30
0.0
 10
-112.4333013120876
 20
29.40157720029548
 30
0.0
 10
-112.1592489824152
 20
30.19488657566276
 30
0.0
 10
-112.1930998080894
 20
31.06439825626956
 30
0.0
 10
-112.1333013120875
 20
31.90157720029549
 30
0.0
 10
-112.0904871634281
 20
32.50097528152837
 30
0.0
 10
-112.4366813103777
 20
33.07896100680666
 30
0.0
 10
-112.7333013120876
 20
33.60157720029548
 30
0.0
 10
-113.194293516094
 20
34.41380155973536
 30
0.0
 10
-113.8500687062184
 20
35.10238481366565
 30
0.0
 10
-114.3333013120876
 20
35.90157720029548
 30
0.0
 10
-114.7189629169789
 20
36.53940216223113
 30
0.0
 10
-115.011713371675
 20
37.22916605216009
 30
0.0
 10
-115.3333013120876
 20
37.90157720029548
 30
0.0
 10
-115.7081820471044
 20
38.68541873714887
 30
0.0
 10
-115.1345984472579
 20
39.45612923257986
 30
0.0
 10
-114.9333013120876
 20
40.30157720029548
 30
0.0
  0
SPLINE
  5
116
330
1F
100
AcDbEntity
  8
0
  6
Continuous
 62
     7
370
    25
100
AcDbSpline
210
0.0
220
0.0
230
1.0
 70
     8
 71
     3
 72
    11
 73
     7
 74
     0
 42
0.00000001
 43
0.00000001
 40
0.0
 40
0.0
 40
0.0
 40
0.0
 40
1.0
 40
1.0
 40
1.0
 40
2.0
 40
2.0
 40
2.0
 40
2.0
 10
-116.2333013120875
 20
40.60157720029549
 30
0.0
 10
-116.0666346454209
 20
41.40157720029548
 30
0.0
 10
-116.1450529797331
 20
42.29571719861745
 30
0.0
 10
-115.7333013120875
 20
43.00157720029549
 30
0.0
 10
-115.3973872950715
 20
43.57742980089444
 30
0.0
 10
-114.6666346454209
 20
43.80157720029548
 30
0.0
 10
-114.1333013120875
 20
44.20157720029548
 30
0.0
  0
SPLINE
  5
117
330
1F
100
AcDbEntity
  8
0
  6
Continuous
 62
     7
370
    25
100
AcDbSpline
210
0.0
220
0.0
230
1.0
 70
     8
 71
     3
 72
    11
 73
     7
 74
     0
 42
0.00000001
 43
0.00000001
 40
0.0
 40
0.0
 40
0.0
 40
0.0
 40
1.0
 40
1.0
 40
1.0
 40
2.0
 40
2.0
 40
2.0
 40
2.0
 10
-114.1333013120875
 20
44.20157720029548
 30
0.0
 10
-113.6666346454209
 20
43.80157720029548
 30
0.0
 10
-113.1416434419482
 20
43.46096209638875
 30
0.0
 10
-112.7333013120876
 20
43.00157720029549
 30
0.0
 10
-112.1912689333713
 20
42.39179077423971
 30
0.0
 10
-112.9016443454141
 20
40.55986203366268
 30
0.0
 10
-112.9333013120876
 20
40.40157720029548
 30
0.0
  0
SPLINE
  5
11B
330
1F
100
AcDbEntity
  8
0
  6
Continuous
 62
     7
370
    25
100
AcDbSpline
210
0.0
220
0.0
230
1.0
 70
     8
 71
     3
 72
    14
 73
    10
 74
     0
 42
0.00000001
 43
0.00000001
 40
0.0
 40
0.0
 40
0.0
 40
0.0
 40
1.0
 40
1.0
 40
1.0
 40
2.0
 40
2.0
 40
2.0
 40
3.0
 40
3.0
 40
3.0
 40
3.0
 10
-107.8333013120876
 20
40.60157720029549
 30
0.0
 10
-107.6999679787542
 20
41.40157720029548
 30
0.0
 10
-107.5923583625416
 20
42.2062919480252
 30
0.0
 10
-107.4333013120876
 20
43.00157720029549
 30
0.0
 10
-107.3919564005578
 20
43.20830175794417
 30
0.0
 10
-107.2412510693939
 20
43.3909086316783
 30
0.0
 10
-107.2333013120875
 20
43.60157720029548
 30
0.0
 10
-107.1742238632438
 20
45.16712959465428
 30
0.0
 10
-107.2333013120875
 20
46.73491053362881
 30
0.0
 10
-107.2333013120875
 20
48.30157720029548
 30
0.0
  0
SPLINE
  5
11F
330
1F
100
AcDbEntity
  8
0
  6
Continuous
 62
     7
370
    25
100
AcDbSpline
210
0.0
220
0.0
230
1.0
 70
     8
 71
     3
 72
    11
 73
     7
 74
     0
 42
0.00000001
 43
0.00000001
 40
0.0
 40
0.0
 40
0.0
 40
0.0
 40
1.0
 40
1.0
 40
1.0
 40
2.0
 40
2.0
 40
2.0
 40
2.0
 10
-105.1333013120876
 20
39.80157720029548
 30
0.0
 10
-105.2666346454209
 20
39.43491053362881
 30
0.0
 10
-105.4885799525376
 20
39.08916231639544
 30
0.0
 10
-105.5333013120875
 20
38.70157720029549
 30
0.0
 10
-105.7548101031013
 20
36.78183434484298
 30
0.0
 10
-104.1604294439551
 20
33.91939752996439
 30
0.0
 10
-103.6333013120875
 20
32.60157720029548
 30
0.0
  0
SPLINE
  5
121
330
1F
100
AcDbEntity
  8
0
  6
Continuous
 62
     7
370
    25
100
AcDbSpline
210
0.0
220
0.0
230
1.0
 70
     8
 71
     3
 72
     8
 73
     4
 74
     0
 42
0.00000001
 43
0.00000001
 40
0.0
 40
0.0
 40
0.0
 40
0.0
 40
1.0
 40
1.0
 40
1.0
 40
1.0
 10
-106.9333013120875
 20
29.50157720029549
 30
0.0
 10
-106.56259129341
 20
30.61370725632824
 30
0.0
 10
-108.5458557038684
 20
32.40408807865165
 30
0.0
 10
-109.5333013120875
 20
32.60157720029548
 30
0.0
  0
SPLINE
  5
122
330
1F
100
AcDbEntity
  8
0
  6
Continuous
 62
     7
370
    25
100
AcDbSpline
210
0.0
220
0.0
230
1.0
 70
     8
 71
     3
 72
    32
 73
    28
 74
     0
 42
0.00000001
 43
0.00000001
 40
0.0
 40
0.0
 40
0.0
 40
0.0
 40
1.0
 40
1.0
 40
1.0
 40
2.0
 40
2.0
 40
2.0
 40
3.0
 40
3.0
 40
3.0
 40
4.0
 40
4.0
 40
4.0
 40
5.0
 40
5.0
 40
5.0
 40
6.0
 40
6.0
 40
6.0
 40
7.0
 40
7.0
 40
7.0
 40
8.0
 40
8.0
 40
8.0
 40
9.0
 40
9.0
 40
9.0
 40
9.0
 10
-109.5333013120875
 20
32.60157720029548
 30
0.0
 10
-109.9925658504763
 20
32.14231266190674
 30
0.0
 10
-110.2367201105431
 20
29.92935501033429
 30
0.0
 10
-110.3333013120875
 20
29.30157720029548
 30
0.0
 10
-110.3878629222656
 20
28.94692673413797
 30
0.0
 10
-110.7537329757983
 20
28.8811455365847
 30
0.0
 10
-110.9333013120875
 20
28.7015772002955
 30
0.0
 10
-111.1968244504349
 20
28.43805406194812
 30
0.0
 10
-111.2484012466791
 20
28.0251523147602
 30
0.0
 10
-111.4333013120876
 20
27.70157720029549
 30
0.0
 10
-111.6261697924806
 20
27.36405735960766
 30
0.0
 10
-111.9893092149197
 20
26.94715823349823
 30
0.0
 10
-112.1333013120876
 20
26.60157720029551
 30
0.0
 10
-112.2671513955351
 20
26.28033700002132
 30
0.0
 10
-112.2683097298107
 20
25.90799013880966
 30
0.0
 10
-112.4333013120876
 20
25.6015772002955
 30
0.0
 10
-112.5123179492601
 20
25.45483201697514
 30
0.0
 10
-112.7634582825106
 20
25.45290376437891
 30
0.0
 10
-112.8333013120875
 20
25.30157720029548
 30
0.0
 10
-112.9757537003681
 20
24.99293035902099
 30
0.0
 10
-113.0333013120875
 20
24.64151183453502
 30
0.0
 10
-113.0333013120875
 20
24.30157720029548
 30
0.0
 10
-113.0333013120875
 20
24.15250600179548
 30
0.0
 10
-112.9099978109723
 20
24.02940469843671
 30
0.0
 10
-112.8333013120875
 20
23.9015772002955
 30
0.0
 10
-112.1386852399208
 20
22.74388374668433
 30
0.0
 10
-110.0534820875457
 20
24.52175797575366
 30
0.0
 10
-109.1333013120876
 20
23.6015772002955
 30
0.0
  0
SPLINE
  5
123
330
1F
100
AcDbEntity
  8
0
  6
Continuous
 62
     7
370
    25
100
AcDbSpline
210
0.0
220
0.0
230
1.0
 70
     8
 71
     3
 72
    14
 73
    10
 74
     0
 42
0.00000001
 43
0.00000001
 40
0.0
 40
0.0
 40
0.0
 40
0.0
 40
1.0
 40
1.0
 40
1.0
 40
2.0
 40
2.0
 40
2.0
 40
3.0
 40
3.0
 40
3.0
 40
3.0
 10
-109.1333013120876
 20
23.6015772002955
 30
0.0
 10
-108.8999679787542
 20
23.63491053362883
 30
0.0
 10
-108.6486887596729
 20
23.60584944581311
 30
0.0
 10
-108.4333013120876
 20
23.70157720029549
 30
0.0
 10
-107.7657991912809
 20
23.99824480954286
 30
0.0
 10
-107.535712645822
 20
27.01271203132223
 30
0.0
 10
-107.4333013120876
 20
27.60157720029551
 30
0.0
 10
-107.3571069528563
 20
28.03969476587513
 30
0.0
 10
-106.9474239219526
 20
28.94508676083506
 30
0.0
 10
-106.8333013120875
 20
29.4015772002955
 30
0.0
  0
SPLINE
  5
124
330
1F
100
AcDbEntity
  8
0
  6
Continuous
 62
     7
370
    25
100
AcDbSpline
210
0.0
220
0.0
230
1.0
 70
     8
 71
     3
 72
    23
 73
    19
 74
     0
 42
0.00000001
 43
0.00000001
 40
0.0
 40
0.0
 40
0.0
 40
0.0
 40
0.0460195681825946
 40
0.097515224830789
 40
0.1541340289418658
 40
0.2163088221245135
 40
0.2840684197705907
 40
0.3570175326713116
 40
0.4353386359900052
 40
0.5191205382763567
 40
0.6024149155136427
 40
0.6791523624342121
 40
0.749334721442726
 40
0.8127173125082956
 40
0.8695472869932537
 40
0.9195775733532907
 40
0.9630596167356577
 40
0.9999999999999999
 40
0.9999999999999999
 40
0.9999999999999999
 40
0.9999999999999999
 10
-135.6292888219783
 20
4.436891911870239
 30
0.0
 10
-135.6023739983993
 20
4.470700814539371
 30
0.0
 10
-135.5453416276873
 20
4.542341702867166
 30
0.0
 10
-135.4607399752851
 20
4.659803679403087
 30
0.0
 10
-135.3693236566108
 20
4.790979771623276
 30
0.0
 10
-135.2729697571462
 20
4.937282261679287
 30
0.0
 10
-135.1715457243153
 20
5.09852613459516
 30
0.0
 10
-135.0632954995365
 20
5.273400425170785
 30
0.0
 10
-134.9527280853605
 20
5.464415074899755
 30
0.0
 10
-134.8361218907943
 20
5.663139565136265
 30
0.0
 10
-134.7240961534914
 20
5.862784545105707
 30
0.0
 10
-134.6165008615322
 20
6.050255252872564
 30
0.0
 10
-134.5169894928593
 20
6.220801872111579
 30
0.0
 10
-134.4277632557632
 20
6.375709099836206
 30
0.0
 10
-134.3461121386368
 20
6.513126975990425
 30
0.0
 10
-134.2746660990088
 20
6.634868313383206
 30
0.0
 10
-134.2113964621801
 20
6.739753712114485
 30
0.0
 10
-134.1711929679872
 20
6.803672048166807
 30
0.0
 10
-134.1527263219783
 20
6.833031617752592
 30
0.0
  0
SPLINE
  5
125
330
1F
100
AcDbEntity
  8
0
  6
Continuous
 62
     7
370
    25
100
AcDbSpline
210
0.0
220
0.0
230
1.0
 70
     8
 71
     3
 72
    15
 73
    11
 74
     0
 42
0.00000001
 43
0.00000001
 40
0.0
 40
0.0
 40
0.0
 40
0.0
 40
0.1238535545532222
 40
0.2429426271552701
 40
0.3591983683560425
 40
0.4742437719961486
 40
0.5930612909004647
 40
0.7188251373886587
 40
0.8547009986846728
 40
1.0
 40
1.0
 40
1.0
 40
1.0
 10
-136.9748770572725
 20
3.737902941282003
 30
0.0
 10
-136.9099714765051
 20
3.740191120107886
 30
0.0
 10
-136.782657146565
 20
3.744679454555507
 30
0.0
 10
-136.596258409682
 20
3.775008766965031
 30
0.0
 10
-136.4199712332164
 20
3.827940947114921
 30
0.0
 10
-136.2515311944574
 20
3.901978419534857
 30
0.0
 10
-136.090348779179
 20
4.000534074033772
 30
0.0
 10
-135.931822355235
 20
4.121933688448747
 30
0.0
 10
-135.7762406491197
 20
4.268396546093851
 30
0.0
 10
-135.6793550875368
 20
4.379485795237077
 30
0.0
 10
-135.6292888219783
 20
4.436891911870239
 30
0.0
  0
SPLINE
  5
126
330
1F
100
AcDbEntity
  8
0
  6
Continuous
 62
     7
370
    25
100
AcDbSpline
210
0.0
220
0.0
230
1.0
 70
     8
 71
     3
 72
    15
 73
    11
 74
     0
 42
0.00000001
 43
0.00000001
 40
0.0
 40
0.0
 40
0.0
 40
0.0
 40
0.0821226496569506
 40
0.168335062337158
 40
0.2707513944078321
 40
0.3931537770088419
 40
0.5304112693103645
 40
0.6767339357224623
 40
0.8318873291413389
 40
1.0
 40
1.0
 40
1.0
 40
1.0
 10
-138.0102630866842
 20
4.245255882458475
 30
0.0
 10
-138.0062890282331
 20
4.210926921665973
 30
0.0
 10
-137.9981430005549
 20
4.140559394812967
 30
0.0
 10
-137.9351714536013
 20
4.043217146135392
 30
0.0
 10
-137.8381594323839
 20
3.956639163058648
 30
0.0
 10
-137.7071548226979
 20
3.880547464676068
 30
0.0
 10
-137.550136947825
 20
3.817256464448523
 30
0.0
 10
-137.37318464209
 20
3.770867541824175
 30
0.0
 10
-137.1793284711205
 20
3.743208157046662
 30
0.0
 10
-137.0448248811915
 20
3.73971798521432
 30
0.0
 10
-136.9748770572725
 20
3.737902941282003
 30
0.0
  0
SPLINE
  5
127
330
1F
100
AcDbEntity
  8
0
  6
Continuous
 62
     7
370
    25
100
AcDbSpline
210
0.0
220
0.0
230
1.0
 70
     8
 71
     3
 72
    15
 73
    11
 74
     0
 42
0.00000001
 43
0.00000001
 40
0.0
 40
0.0
 40
0.0
 40
0.0
 40
0.1859593929115393
 40
0.3512989388601306
 40
0.4934162884878019
 40
0.6167846409774751
 40
0.7235784469332576
 40
0.8181607342571695
 40
0.9078286927525578
 40
1.0
 40
1.0
 40
1.0
 40
1.0
 10
-137.5194542631548
 20
4.527884558929062
 30
0.0
 10
-137.5576608407794
 20
4.523788670480322
 30
0.0
 10
-137.6298375131532
 20
4.51605106043975
 30
0.0
 10
-137.7302628294169
 20
4.497668984002806
 30
0.0
 10
-137.815712961312
 20
4.471891408641718
 30
0.0
 10
-137.8856138622291
 20
4.439007149267582
 30
0.0
 10
-137.9408676099748
 20
4.400353223012042
 30
0.0
 10
-137.9820824390278
 20
4.35548714693144
 30
0.0
 10
-138.0050227010748
 20
4.30184779128898
 30
0.0
 10
-138.0085003328356
 20
4.264292192479698
 30
0.0
 10
-138.0102630866842
 20
4.245255882458475
 30
0.0
  0
SPLINE
  5
129
330
1F
100
AcDbEntity
  8
0
  6
Continuous
 62
     7
370
    25
100
AcDbSpline
210
0.0
220
0.0
230
1.0
 70
     8
 71
     3
 72
    15
 73
    11
 74
     0
 42
0.00000001
 43
0.00000001
 40
0.0
 40
0.0
 40
0.0
 40
0.0
 40
0.1245932721159833
 40
0.2428829726523721
 40
0.3637656322280247
 40
0.4919621591975601
 40
0.6211225834005477
 40
0.7452795595769796
 40
0.8710648426812343
 40
1.0
 40
1.0
 40
1.0
 40
1.0
 10
-137.0396748513901
 20
4.964925000105533
 30
0.0
 10
-137.040984937707
 20
4.935724674127728
 30
0.0
 10
-137.0435388288897
 20
4.87880135992738
 30
0.0
 10
-137.0720753036175
 20
4.797783912162888
 30
0.0
 10
-137.115147913331
 20
4.72301203957864
 30
0.0
 10
-137.1761957412033
 20
4.658363279856983
 30
0.0
 10
-137.2467475539306
 20
4.603367923868097
 30
0.0
 10
-137.3258386119366
 20
4.562787832851043
 30
0.0
 10
-137.4106613196636
 20
4.53541946362666
 30
0.0
 10
-137.4700773884663
 20
4.530416814755082
 30
0.0
 10
-137.5001527925666
 20
4.527884558929062
 30
0.0
  0
SPLINE
  5
12A
330
1F
100
AcDbEntity
  8
0
  6
Continuous
 62
     7
370
    25
100
AcDbSpline
210
0.0
220
0.0
230
1.0
 70
     8
 71
     3
 72
    15
 73
    11
 74
     0
 42
0.00000001
 43
0.00000001
 40
0.0
 40
0.0
 40
0.0
 40
0.0
 40
0.1476709667918618
 40
0.2861634195818886
 40
0.4144671496449123
 40
0.5408342784395599
 40
0.6605958131378912
 40
0.7728430180290119
 40
0.8842440297531152
 40
1.0
 40
1.0
 40
1.0
 40
1.0
 10
-137.6145829396254
 20
5.414373529517298
 30
0.0
 10
-137.5745070274455
 20
5.412718068304661
 30
0.0
 10
-137.4968461282083
 20
5.409510041352005
 30
0.0
 10
-137.3859039100361
 20
5.386884311355756
 30
0.0
 10
-137.2870481369119
 20
5.345382727643594
 30
0.0
 10
-137.2002899707367
 20
5.291400282501538
 30
0.0
 10
-137.1295180999368
 20
5.223644024207986
 30
0.0
 10
-137.0763297853662
 20
5.146256508152504
 30
0.0
 10
-137.044593552856
 20
5.058247240422046
 30
0.0
 10
-137.0413352408763
 20
4.996427474431984
 30
0.0
 10
-137.0396748513901
 20
4.964925000105533
 30
0.0
  0
SPLINE
  5
12B
330
1F
100
AcDbEntity
  8
0
  6
Continuous
 62
     7
370
    25
100
AcDbSpline
210
0.0
220
0.0
230
1.0
 70
     8
 71
     3
 72
    15
 73
    11
 74
     0
 42
0.00000001
 43
0.00000001
 40
0.0
 40
0.0
 40
0.0
 40
0.0
 40
0.1268023115549057
 40
0.2476400655042693
 40
0.3687337579888481
 40
0.4952160407653884
 40
0.621982833464821
 40
0.7453788935010729
 40
0.8689709542733468
 40
1.0
 40
1.0
 40
1.0
 40
1.0
 10
-138.4514395572725
 20
4.599575735399651
 30
0.0
 10
-138.4487283954515
 20
4.654609826029599
 30
0.0
 10
-138.4434336000909
 20
4.762089300508005
 30
0.0
 10
-138.3956145236368
 20
4.916220272074433
 30
0.0
 10
-138.3181103748587
 20
5.056792571852323
 30
0.0
 10
-138.2122235182491
 20
5.18095156374193
 30
0.0
 10
-138.0847484786491
 20
5.284314022839929
 30
0.0
 10
-137.9406100198452
 20
5.360135626780177
 30
0.0
 10
-137.7818671446742
 20
5.406129842776063
 30
0.0
 10
-137.6714196597101
 20
5.411572642753116
 30
0.0
 10
-137.6145829396254
 20
5.414373529517298
 30
0.0
  0
SPLINE
  5
12C
330
1F
100
AcDbEntity
  8
0
  6
Continuous
 62
     7
370
    25
100
AcDbSpline
210
0.0
220
0.0
230
1.0
 70
     8
 71
     3
 72
    23
 73
    19
 74
     0
 42
0.00000001
 43
0.00000001
 40
0.0
 40
0.0
 40
0.0
 40
0.0
 40
0.0819636893591054
 40
0.1601901415361077
 40
0.2342403350934978
 40
0.3051963960834477
 40
0.3730938077435157
 40
0.438906878825718
 40
0.5026649228211788
 40
0.5642454328808199
 40
0.6236694390659037
 40
0.6797745245166688
 40
0.7341115686878912
 40
0.7871466654627188
 40
0.8387009073379861
 40
0.8911596785976181
 40
0.9446073763483521
 40
1.0
 40
1.0
 40
1.0
 40
1.0
 10
-136.9155939690372
 20
3.56143235304671
 30
0.0
 10
-136.972155185854
 20
3.562047653552874
 30
0.0
 10
-137.0826986398907
 20
3.563250199167159
 30
0.0
 10
-137.24374785742
 20
3.577799924626271
 30
0.0
 10
-137.396435246338
 20
3.598864172427231
 30
0.0
 10
-137.5396883292681
 20
3.631665652880097
 30
0.0
 10
-137.6760823584027
 20
3.668767135094352
 30
0.0
 10
-137.802822505957
 20
3.719348988722816
 30
0.0
 10
-137.9216207317959
 20
3.776795395980477
 30
0.0
 10
-138.0310576805753
 20
3.842652401843165
 30
0.0
 10
-138.1280962362339
 20
3.917189731308155
 30
0.0
 10
-138.2151339742005
 20
3.995912852390397
 30
0.0
 10
-138.2889598422488
 20
4.081658423239851
 30
0.0
 10
-138.3481846112148
 20
4.174318823056631
 30
0.0
 10
-138.3945842995876
 20
4.272540474376672
 30
0.0
 10
-138.4277920574002
 20
4.376286654677255
 30
0.0
 10
-138.4472912070426
 20
4.486255719815955
 30
0.0
 10
-138.4500403982731
 20
4.561355066742935
 30
0.0
 10
-138.4514395572725
 20
4.599575735399651
 30
0.0
  0
SPLINE
  5
12D
330
1F
100
AcDbEntity
  8
0
  6
Continuous
 62
     7
370
    25
100
AcDbSpline
210
0.0
220
0.0
230
1.0
 70
     8
 71
     3
 72
    23
 73
    19
 74
     0
 42
0.00000001
 43
0.00000001
 40
0.0
 40
0.0
 40
0.0
 40
0.0
 40
0.0779970714185004
 40
0.1520238634795296
 40
0.2229112326210604
 40
0.2907080516372051
 40
0.3551725266088641
 40
0.4172176819614387
 40
0.4767438771346667
 40
0.5340963735748929
 40
0.5902994869243016
 40
0.6463219680934273
 40
0.7025716258603778
 40
0.7591871257503275
 40
0.8170788591119008
 40
0.8762712461703998
 40
0.9371321112634728
 40
1.0
 40
1.0
 40
1.0
 40
1.0
 10
-133.3282777925666
 20
6.248472794223182
 30
0.0
 10
-133.3809264784549
 20
6.135787660499998
 30
0.0
 10
-133.4835438779327
 20
5.916153396369896
 30
0.0
 10
-133.6527223574608
 20
5.603343283427095
 30
0.0
 10
-133.8292143794759
 20
5.313605849430179
 30
0.0
 10
-134.0116395750767
 20
5.045733073653164
 30
0.0
 10
-134.2028088175135
 20
4.801655445068165
 30
0.0
 10
-134.401043336141
 20
4.580687441616948
 30
0.0
 10
-134.6068163375293
 20
4.382738084831969
 30
0.0
 10
-134.8201969673237
 20
4.207182060501209
 30
0.0
 10
-135.0440565687701
 20
4.055049548346009
 30
0.0
 10
-135.2773161133358
 20
3.921075399013703
 30
0.0
 10
-135.5238544359535
 20
3.811826759876898
 30
0.0
 10
-135.7803639475944
 20
3.719918968718435
 30
0.0
 10
-136.0482299887672
 20
3.64820961359121
 30
0.0
 10
-136.3276383535589
 20
3.597614833063334
 30
0.0
 10
-136.6180061370063
 20
3.566443578377996
 30
0.0
 10
-136.8153310786863
 20
3.563120728315571
 30
0.0
 10
-136.9155939690372
 20
3.56143235304671
 30
0.0
  0
SPLINE
  5
12E
330
1F
100
AcDbEntity
  8
0
  6
Continuous
 62
     7
370
    25
100
AcDbSpline
210
0.0
220
0.0
230
1.0
 70
     8
 71
     3
 72
    11
 73
     7
 74
     0
 42
0.00000001
 43
0.00000001
 40
0.0
 40
0.0
 40
0.0
 40
0.0
 40
0.3059500862522037
 40
0.5749839303577886
 40
0.8062449336942072
 40
0.9999999999999999
 40
0.9999999999999999
 40
0.9999999999999999
 40
0.9999999999999999
 10
-133.0098035278607
 20
7.009502205987886
 30
0.0
 10
-133.0409866543939
 20
6.931351748818544
 30
0.0
 10
-133.099590320353
 20
6.784480546483132
 30
0.0
 10
-133.1827581979679
 20
6.578915343859785
 30
0.0
 10
-133.2591411442497
 20
6.403970327113921
 30
0.0
 10
-133.3066291165043
 20
6.2971635508621
 30
0.0
 10
-133.3282777925666
 20
6.24847279422318
 30
0.0
  0
SPLINE
  5
12F
330
1F
100
AcDbEntity
  8
0
  6
Continuous
 62
     7
370
    25
100
AcDbSpline
210
0.0
220
0.0
230
1.0
 70
     8
 71
     3
 72
    23
 73
    19
 74
     0
 42
0.00000001
 43
0.00000001
 40
0.0
 40
0.0
 40
0.0
 40
0.0
 40
0.0447707310700361
 40
0.0906010810751166
 40
0.1380562046764933
 40
0.1874664844247791
 40
0.2391248036767392
 40
0.2925248857177305
 40
0.3490170077974245
 40
0.4084086657193425
 40
0.4705483614470141
 40
0.5362206160227407
 40
0.6052301214387046
 40
0.6769497426634676
 40
0.7524630843513347
 40
0.8313528054614444
 40
0.9141575369786783
 40
1.0
 40
1.0
 40
1.0
 40
1.0
 10
-131.4836086749196
 20
8.972737500105534
 30
0.0
 10
-131.5192430921214
 20
8.959072757514404
 30
0.0
 10
-131.5913553101891
 20
8.9314198596997
 30
0.0
 10
-131.6965885424929
 20
8.878395294802937
 30
0.0
 10
-131.8002636359051
 20
8.81464962954736
 30
0.0
 10
-131.9024475649258
 20
8.739782441718448
 30
0.0
 10
-132.0027620390194
 20
8.654408276125913
 30
0.0
 10
-132.1011975220518
 20
8.55807497646325
 30
0.0
 10
-132.1990274792442
 20
8.452014215676522
 30
0.0
 10
-132.2956544130174
 20
8.334954856901195
 30
0.0
 10
-132.3890657924322
 20
8.20558427800238
 30
0.0
 10
-132.4829677482861
 20
8.066612869635126
 30
0.0
 10
-132.5750990549284
 20
7.916729622506714
 30
0.0
 10
-132.6644262509611
 20
7.755561575879564
 30
0.0
 10
-132.7547147516962
 20
7.58531090723501
 30
0.0
 10
-132.8405941496447
 20
7.402311929177424
 30
0.0
 10
-132.9280965982992
 20
7.210380329372476
 30
0.0
 10
-132.9822427847377
 20
7.077260845155281
 30
0.0
 10
-133.0098035278607
 20
7.009502205987886
 30
0.0
  0
SPLINE
  5
130
330
1F
100
AcDbEntity
  8
0
  6
Continuous
 62
     7
370
    25
100
AcDbSpline
210
0.0
220
0.0
230
1.0
 70
     8
 71
     3
 72
    11
 73
     7
 74
     0
 42
0.00000001
 43
0.00000001
 40
0.0
 40
0.0
 40
0.0
 40
0.0
 40
0.2662196437552219
 40
0.5171835948468205
 40
0.7591878807058918
 40
1.0
 40
1.0
 40
1.0
 40
1.0
 10
-131.2161454396254
 20
8.352333088340831
 30
0.0
 10
-131.2187837418809
 20
8.414381952359554
 30
0.0
 10
-131.2239091587193
 20
8.534923975843256
 30
0.0
 10
-131.2792391713604
 20
8.70409296646716
 30
0.0
 10
-131.3625086369556
 20
8.855000461825226
 30
0.0
 10
-131.4433084990648
 20
8.933556477315772
 30
0.0
 10
-131.4836086749195
 20
8.972737500105534
 30
0.0
  0
SPLINE
  5
131
330
1F
100
AcDbEntity
  8
0
  6
Continuous
 62
     7
370
    25
100
AcDbSpline
210
0.0
220
0.0
230
1.0
 70
     8
 71
     3
 72
    23
 73
    19
 74
     0
 42
0.00000001
 43
0.00000001
 40
0.0
 40
0.0
 40
0.0
 40
0.0
 40
0.0422614966246719
 40
0.0863297297954303
 40
0.1336652190927294
 40
0.1850658014170616
 40
0.2412746433108444
 40
0.3032615732924374
 40
0.3706588297427763
 40
0.444653214156614
 40
0.5205129226795467
 40
0.5933520726015595
 40
0.6641573487453193
 40
0.7335899975714497
 40
0.8008529231964101
 40
0.8673247029253096
 40
0.9339195976472922
 40
1.0
 40
1.0
 40
1.0
 40
1.0
 10
-132.4872851455078
 20
6.561432353046709
 30
0.0
 10
-132.4540514548713
 20
6.5635917565827
 30
0.0
 10
-132.3861632880555
 20
6.568002881097219
 30
0.0
 10
-132.2838706243483
 20
6.595329848525347
 30
0.0
 10
-132.1813457771387
 20
6.642108601527058
 30
0.0
 10
-132.0775519744822
 20
6.706501239267595
 30
0.0
 10
-131.9721039138603
 20
6.788659341933299
 30
0.0
 10
-131.86697419433
 20
6.890196827821601
 30
0.0
 10
-131.7584666238727
 20
7.007914689687389
 30
0.0
 10
-131.6526581993024
 20
7.142250410988562
 30
0.0
 10
-131.5502815670024
 20
7.284572027548057
 30
0.0
 10
-131.4622511493007
 20
7.433320290162783
 30
0.0
 10
-131.3854115514575
 20
7.582413048236515
 30
0.0
 10
-131.3232640051666
 20
7.733622014336479
 30
0.0
 10
-131.2765093582455
 20
7.886636476843415
 30
0.0
 10
-131.2414135410055
 20
8.040396286179426
 30
0.0
 10
-131.2202222861889
 20
8.195949820958951
 30
0.0
 10
-131.2175008707503
 20
8.300340268715546
 30
0.0
 10
-131.2161454396254
 20
8.352333088340828
 30
0.0
  0
SPLINE
  5
132
330
1F
100
AcDbEntity
  8
0
  6
Continuous
 62
     7
370
    25
100
AcDbSpline
210
0.0
220
0.0
230
1.0
 70
     8
 71
     3
 72
    13
 73
     9
 74
     0
 42
0.00000001
 43
0.00000001
 40
0.0
 40
0.0
 40
0.0
 40
0.0
 40
0.0397458294800237
 40
0.1166742176068776
 40
0.2284126973242813
 40
0.3773973369474677
 40
0.6994983014613614
 40
1.0
 40
1.0
 40
1.0
 40
1.0
 10
-132.9712005866842
 20
6.611064705987886
 30
0.0
 10
-132.9647639192017
 20
6.610640978722739
 30
0.0
 10
-132.9458690275279
 20
6.609397123762703
 30
0.0
 10
-132.9090224973154
 20
6.60514861102993
 30
0.0
 10
-132.8549517184432
 20
6.596219282619171
 30
0.0
 10
-132.7615006469804
 20
6.581702864694456
 30
0.0
 10
-132.6370764847172
 20
6.566314407667275
 30
0.0
 10
-132.5360472938972
 20
6.563021626986777
 30
0.0
 10
-132.4872851455077
 20
6.561432353046709
 30
0.0
  0
SPLINE
  5
133
330
1F
100
AcDbEntity
  8
0
  6
Continuous
 62
     7
370
    25
100
AcDbSpline
210
0.0
220
0.0
230
1.0
 70
     8
 71
     3
 72
    11
 73
     7
 74
     0
 42
0.00000001
 43
0.00000001
 40
0.0
 40
0.0
 40
0.0
 40
0.0
 40
0.1971902166523293
 40
0.4093200571724374
 40
0.6758808575359053
 40
1.0
 40
1.0
 40
1.0
 40
1.0
 10
-133.1573219102137
 20
6.500770588340827
 30
0.0
 10
-133.1549113403522
 20
6.516849696976048
 30
0.0
 10
-133.1499075698292
 20
6.550226107720881
 30
0.0
 10
-133.1048163249505
 20
6.585836508935079
 30
0.0
 10
-133.0447826297253
 20
6.609048489229476
 30
0.0
 10
-132.997271173193
 20
6.610350347548678
 30
0.0
 10
-132.9712005866842
 20
6.611064705987886
 30
0.0
  0
SPLINE
  5
134
330
1F
100
AcDbEntity
  8
0
  6
Continuous
 62
     7
370
    25
100
AcDbSpline
210
0.0
220
0.0
230
1.0
 70
     8
 71
     3
 72
    11
 73
     7
 74
     0
 42
0.00000001
 43
0.00000001
 40
0.0
 40
0.0
 40
0.0
 40
0.0
 40
0.3297399477641091
 40
0.6024846444306456
 40
0.8221335308375282
 40
1.0
 40
1.0
 40
1.0
 40
1.0
 10
-132.9188108808019
 20
6.373932353046709
 30
0.0
 10
-132.9513068031282
 20
6.375636245260139
 30
0.0
 10
-133.0106817570608
 20
6.378749513462297
 30
0.0
 10
-133.0872367719863
 20
6.403675909311819
 30
0.0
 10
-133.1450557691047
 20
6.443927446236092
 30
0.0
 10
-133.1535301060316
 20
6.48319879766603
 30
0.0
 10
-133.1573219102137
 20
6.500770588340827
 30
0.0
  0
SPLINE
  5
135
330
1F
100
AcDbEntity
  8
0
  6
Continuous
 62
     7
370
    25
100
AcDbSpline
210
0.0
220
0.0
230
1.0
 70
     8
 71
     3
 72
    13
 73
     9
 74
     0
 42
0.00000001
 43
0.00000001
 40
0.0
 40
0.0
 40
0.0
 40
0.0
 40
0.0716311388445238
 40
0.1661101242634794
 40
0.2898794709887774
 40
0.4397951670681355
 40
0.7395027825139496
 40
1.0
 40
1.0
 40
1.0
 40
1.0
 10
-132.4955572043313
 20
6.384961764811416
 30
0.0
 10
-132.5056691031161
 20
6.385048955877062
 30
0.0
 10
-132.5291182453577
 20
6.385251148931414
 30
0.0
 10
-132.5699942644667
 20
6.383149270483841
 30
0.0
 10
-132.6219603972756
 20
6.382473060175302
 30
0.0
 10
-132.7027874235946
 20
6.378175865721279
 30
0.0
 10
-132.8029759362998
 20
6.374965113270598
 30
0.0
 10
-132.8820439679921
 20
6.374260159178688
 30
0.0
 10
-132.9188108808019
 20
6.373932353046709
 30
0.0
  0
SPLINE
  5
136
330
1F
100
AcDbEntity
  8
0
  6
Continuous
 62
     7
370
    25
100
AcDbSpline
210
0.0
220
0.0
230
1.0
 70
     8
 71
     3
 72
    15
 73
    11
 74
     0
 42
0.00000001
 43
0.00000001
 40
0.0
 40
0.0
 40
0.0
 40
0.0
 40
0.1500893007776495
 40
0.2921085021454831
 40
0.4275932301339379
 40
0.5594485086104731
 40
0.6836889064072159
 40
0.7942877558995565
 40
0.8973371881387688
 40
1.0
 40
1.0
 40
1.0
 40
1.0
 10
-132.0984983808019
 20
5.805917647164358
 30
0.0
 10
-132.099646217767
 20
5.844630262158805
 30
0.0
 10
-132.1018801740508
 20
5.919973967016998
 30
0.0
 10
-132.1242786680032
 20
6.02843900672671
 30
0.0
 10
-132.1616590846427
 20
6.127585218864868
 30
0.0
 10
-132.2127248916172
 20
6.214925962091527
 30
0.0
 10
-132.2711750844553
 20
6.290018833665187
 30
0.0
 10
-132.3404460678905
 20
6.343897166413663
 30
0.0
 10
-132.4158402010331
 20
6.378433651597732
 30
0.0
 10
-132.469018184545
 20
6.382788455246622
 30
0.0
 10
-132.4955572043313
 20
6.384961764811416
 30
0.0
  0
SPLINE
  5
137
330
1F
100
AcDbEntity
  8
0
  6
Continuous
 62
     7
370
    25
100
AcDbSpline
210
0.0
220
0.0
230
1.0
 70
     8
 71
     3
 72
    15
 73
    11
 74
     0
 42
0.00000001
 43
0.00000001
 40
0.0
 40
0.0
 40
0.0
 40
0.0
 40
0.1501285767797067
 40
0.2920238484102194
 40
0.4254173485347968
 40
0.5520172181375471
 40
0.6715889566934664
 40
0.7862753208345369
 40
0.8945942773653998
 40
1.0
 40
1.0
 40
1.0
 40
1.0
 10
-132.6485902925666
 20
4.358307353046708
 30
0.0
 10
-132.6045848977844
 20
4.423512061083979
 30
0.0
 10
-132.5189874385214
 20
4.55034554065162
 30
0.0
 10
-132.4076321886022
 20
4.743585006884314
 30
0.0
 10
-132.31295898146
 20
4.931774575554869
 30
0.0
 10
-132.2358195411456
 20
5.115151206407081
 30
0.0
 10
-132.1734274734423
 20
5.293869176808524
 30
0.0
 10
-132.1317169881311
 20
5.468570090014648
 30
0.0
 10
-132.1029987799316
 20
5.638612250063519
 30
0.0
 10
-132.0999848196361
 20
5.750658272994387
 30
0.0
 10
-132.0984983808019
 20
5.805917647164358
 30
0.0
  0
SPLINE
  5
138
330
1F
100
AcDbEntity
  8
0
  6
Continuous
 62
     7
370
    25
100
AcDbSpline
210
0.0
220
0.0
230
1.0
 70
     8
 71
     3
 72
    15
 73
    11
 74
     0
 42
0.00000001
 43
0.00000001
 40
0.0
 40
0.0
 40
0.0
 40
0.0
 40
0.0908242237463349
 40
0.1874553402785639
 40
0.2907863892573673
 40
0.4043652757840345
 40
0.5309116942441225
 40
0.6716810508101535
 40
0.827509997541261
 40
1.0
 40
1.0
 40
1.0
 40
1.0
 10
-133.5723035278607
 20
3.649667647164355
 30
0.0
 10
-133.5357724928775
 20
3.651931838406223
 30
0.0
 10
-133.4603747926712
 20
3.65660498310477
 30
0.0
 10
-133.347893587803
 20
3.691851033412861
 30
0.0
 10
-133.234869586883
 20
3.748295338359029
 30
0.0
 10
-133.1213800064458
 20
3.827441756637783
 30
0.0
 10
-133.0049217001492
 20
3.927160264958217
 30
0.0
 10
-132.8890496232167
 20
4.051828296487547
 30
0.0
 10
-132.7663625186941
 20
4.195043663669681
 30
0.0
 10
-132.6891537279993
 20
4.302075622185344
 30
0.0
 10
-132.6485902925666
 20
4.358307353046708
 30
0.0
  0
SPLINE
  5
139
330
1F
100
AcDbEntity
  8
0
  6
Continuous
 62
     7
370
    25
100
AcDbSpline
210
0.0
220
0.0
230
1.0
 70
     8
 71
     3
 72
    15
 73
    11
 74
     0
 42
0.00000001
 43
0.00000001
 40
0.0
 40
0.0
 40
0.0
 40
0.0
 40
0.1403690905264338
 40
0.2685785154417353
 40
0.3888053093639442
 40
0.5091961235451127
 40
0.6289295085704552
 40
0.7461436620819961
 40
0.8684855685896722
 40
0.9999999999999999
 40
0.9999999999999999
 40
0.9999999999999999
 40
0.9999999999999999
 10
-133.9514395572725
 20
4.049483823634945
 30
0.0
 10
-133.9501515394215
 20
4.020409129139186
 30
0.0
 10
-133.9476870800383
 20
3.964778375564401
 30
0.0
 10
-133.9280645533892
 20
3.88619250777154
 30
0.0
 10
-133.8959771294672
 20
3.816339857791763
 30
0.0
 10
-133.8498930031864
 20
3.757061946017845
 30
0.0
 10
-133.7937149613239
 20
3.707925169091417
 30
0.0
 10
-133.7265065833257
 20
3.67485447619534
 30
0.0
 10
-133.6522388312156
 20
3.653087601606188
 30
0.0
 10
-133.5995828308256
 20
3.65083476568933
 30
0.0
 10
-133.5723035278607
 20
3.649667647164355
 30
0.0
  0
SPLINE
  5
13A
330
1F
100
AcDbEntity
  8
0
  6
Continuous
 62
     7
370
    25
100
AcDbSpline
210
0.0
220
0.0
230
1.0
 70
     8
 71
     3
 72
    15
 73
    11
 74
     0
 42
0.00000001
 43
0.00000001
 40
0.0
 40
0.0
 40
0.0
 40
0.0
 40
0.1581071238978606
 40
0.3055301546543936
 40
0.4402437472606207
 40
0.5654807199157325
 40
0.6823334754102636
 40
0.7911879776773367
 40
0.8962271346920374
 40
1.0
 40
1.0
 40
1.0
 40
1.0
 10
-133.4192704396254
 20
4.853252205987886
 30
0.0
 10
-133.4611173694852
 20
4.82121874960964
 30
0.0
 10
-133.5419834217962
 20
4.759316498527753
 30
0.0
 10
-133.650649307422
 20
4.660512234925932
 30
0.0
 10
-133.7431654522952
 20
4.560843787522558
 30
0.0
 10
-133.8176299823447
 20
4.459541426103082
 30
0.0
 10
-133.8784312282857
 20
4.359265271293225
 30
0.0
 10
-133.9202835039877
 20
4.256942719814548
 30
0.0
 10
-133.9466326168367
 20
4.153759568236707
 30
0.0
 10
-133.9498437348187
 20
4.084101597006742
 30
0.0
 10
-133.9514395572725
 20
4.049483823634945
 30
0.0
  0
SPLINE
  5
13B
330
1F
100
AcDbEntity
  8
0
  6
Continuous
 62
     7
370
    25
100
AcDbSpline
210
0.0
220
0.0
230
1.0
 70
     8
 71
     3
 72
    11
 73
     7
 74
     0
 42
0.00000001
 43
0.00000001
 40
0.0
 40
0.0
 40
0.0
 40
0.0
 40
0.1139317887692136
 40
0.3127713761888988
 40
0.608577085152171
 40
0.9999999999999999
 40
0.9999999999999999
 40
0.9999999999999999
 40
0.9999999999999999
 10
-133.2689947043313
 20
4.99801323539965
 30
0.0
 10
-133.2718389093037
 20
4.990433704012067
 30
0.0
 10
-133.2796469663262
 20
4.969625986617547
 30
0.0
 10
-133.3112356767141
 20
4.939107389219786
 30
0.0
 10
-133.3574096151823
 20
4.89772026258822
 30
0.0
 10
-133.3968222778692
 20
4.869388850407605
 30
0.0
 10
-133.4192704396254
 20
4.853252205987886
 30
0.0
  0
SPLINE
  5
13C
330
1F
100
AcDbEntity
  8
0
  6
Continuous
 62
     7
370
    25
100
AcDbSpline
210
0.0
220
0.0
230
1.0
 70
     8
 71
     3
 72
    11
 73
     7
 74
     0
 42
0.00000001
 43
0.00000001
 40
0.0
 40
0.0
 40
0.0
 40
0.0
 40
0.2679189154110299
 40
0.5269968221719054
 40
0.7745799040698769
 40
1.0
 40
1.0
 40
1.0
 40
1.0
 10
-133.3517152925666
 20
5.061432353046709
 30
0.0
 10
-133.3413819606226
 20
5.060817698149252
 30
0.0
 10
-133.3210562845181
 20
5.059608671242005
 30
0.0
 10
-133.2949867170255
 20
5.044797144487702
 30
0.0
 10
-133.2736063071898
 20
5.024897652736244
 30
0.0
 10
-133.2704831254619
 20
5.006690334463705
 30
0.0
 10
-133.2689947043313
 20
4.99801323539965
 30
0.0
  0
SPLINE
  5
13D
330
1F
100
AcDbEntity
  8
0
  6
Continuous
 62
     7
370
    25
100
AcDbSpline
210
0.0
220
0.0
230
1.0
 70
     8
 71
     3
 72
    19
 73
    15
 74
     0
 42
0.00000001
 43
0.00000001
 40
0.0
 40
0.0
 40
0.0
 40
0.0
 40
0.1191250875804693
 40
0.2455835630622251
 40
0.3872421072853388
 40
0.547570858262971
 40
0.6290054808361156
 40
0.703614556427186
 40
0.7701565955736603
 40
0.8294094674526891
 40
0.8810484257491535
 40
0.9264086269200625
 40
0.965335782937527
 40
1.0
 40
1.0
 40
1.0
 40
1.0
 10
-134.2161454396254
 20
4.057755882458474
 30
0.0
 10
-134.2114751722716
 20
4.113460767429257
 30
0.0
 10
-134.201847134043
 20
4.228299752306017
 30
0.0
 10
-134.1327311742899
 20
4.398165740525581
 30
0.0
 10
-134.0219491361207
 20
4.565562366107501
 30
0.0
 10
-133.9017717071916
 20
4.699155725385936
 30
0.0
 10
-133.7942487628915
 20
4.800497393231129
 30
0.0
 10
-133.7164218946909
 20
4.869478793493681
 30
0.0
 10
-133.6429322225983
 20
4.927500986748027
 30
0.0
 10
-133.5758467165519
 20
4.976191080085757
 30
0.0
 10
-133.5134905203828
 20
5.014393251211741
 30
0.0
 10
-133.4556771926577
 20
5.040847174507701
 30
0.0
 10
-133.4022459512353
 20
5.05743392714408
 30
0.0
 10
-133.3678955722002
 20
5.060152028370498
 30
0.0
 10
-133.3517152925666
 20
5.061432353046709
 30
0.0
  0
SPLINE
  5
13E
330
1F
100
AcDbEntity
  8
0
  6
Continuous
 62
     7
370
    25
100
AcDbSpline
210
0.0
220
0.0
230
1.0
 70
     8
 71
     3
 72
    15
 73
    11
 74
     0
 42
0.00000001
 43
0.00000001
 40
0.0
 40
0.0
 40
0.0
 40
0.0
 40
0.1617351051374395
 40
0.3059735679966825
 40
0.4363659952001976
 40
0.555804462103391
 40
0.6666688683215741
 40
0.77356652570173
 40
0.8819039704473987
 40
1.0
 40
1.0
 40
1.0
 40
1.0
 10
-133.4068623513901
 20
3.473197058929062
 30
0.0
 10
-133.4676689269931
 20
3.474763734090707
 30
0.0
 10
-133.58270397074
 20
3.477727600152395
 30
0.0
 10
-133.7445444479334
 20
3.507223862982127
 30
0.0
 10
-133.8859871158874
 20
3.552796995999714
 30
0.0
 10
-134.0053894237199
 20
3.618950233797535
 30
0.0
 10
-134.100575165673
 20
3.704358905598703
 30
0.0
 10
-134.1688486977693
 20
3.807680697840869
 30
0.0
 10
-134.208552915714
 20
3.928171212874764
 30
0.0
 10
-134.2135429138092
 20
4.013337524095337
 30
0.0
 10
-134.2161454396254
 20
4.057755882458474
 30
0.0
  0
SPLINE
  5
13F
330
1F
100
AcDbEntity
  8
0
  6
Continuous
 62
     7
370
    25
100
AcDbSpline
210
0.0
220
0.0
230
1.0
 70
     8
 71
     3
 72
    23
 73
    19
 74
     0
 42
0.00000001
 43
0.00000001
 40
0.0
 40
0.0
 40
0.0
 40
0.0
 40
0.0542623360198703
 40
0.108425402273483
 40
0.1635280672070005
 40
0.2203123570321848
 40
0.2795357296179196
 40
0.3421434568547639
 40
0.4084926544014091
 40
0.4790054430413442
 40
0.550200363176588
 40
0.6183410249438518
 40
0.6847603780346013
 40
0.7492972514020869
 40
0.812315244593957
 40
0.8746595823754746
 40
0.9371349254133635
 40
0.9999999999999999
 40
0.9999999999999999
 40
0.9999999999999999
 40
0.9999999999999999
 10
-131.3043807337431
 20
5.284777941282004
 30
0.0
 10
-131.3067378655871
 20
5.229965506135318
 30
0.0
 10
-131.3114478170404
 20
5.120440911982342
 30
0.0
 10
-131.3423857885089
 20
4.957512038343283
 30
0.0
 10
-131.3956513396743
 20
4.798020721581014
 30
0.0
 10
-131.4695749466461
 20
4.641402980034796
 30
0.0
 10
-131.5639589439914
 20
4.487147476528383
 30
0.0
 10
-131.6815687639678
 20
4.337500000317469
 30
0.0
 10
-131.8162683311299
 20
4.187326489791815
 30
0.0
 10
-131.9723748466247
 20
4.046244832568057
 30
0.0
 10
-132.1368576995357
 20
3.912308239981175
 30
0.0
 10
-132.3093631228859
 20
3.795893717857445
 30
0.0
 10
-132.4842890449545
 20
3.696322083032225
 30
0.0
 10
-132.6624425249173
 20
3.61394203891625
 30
0.0
 10
-132.8443956959439
 20
3.552382397194728
 30
0.0
 10
-133.028523469381
 20
3.505573405049204
 30
0.0
 10
-133.2167803603275
 20
3.479515685728178
 30
0.0
 10
-133.3433704819163
 20
3.475307629350492
 30
0.0
 10
-133.4068623513901
 20
3.473197058929062
 30
0.0
  0
SPLINE
  5
140
330
1F
100
AcDbEntity
  8
0
  6
Continuous
 62
     7
370
    25
100
AcDbSpline
210
0.0
220
0.0
230
1.0
 70
     8
 71
     3
 72
    15
 73
    11
 74
     0
 42
0.00000001
 43
0.00000001
 40
0.0
 40
0.0
 40
0.0
 40
0.0
 40
0.1447785810593701
 40
0.2778876010866532
 40
0.4007695302425754
 40
0.517442512729297
 40
0.631722742630175
 40
0.7472234001113037
 40
0.8695194196430458
 40
1.0
 40
1.0
 40
1.0
 40
1.0
 10
-132.2680755866842
 20
6.477333088340828
 30
0.0
 10
-132.1919862224553
 20
6.451601626462265
 30
0.0
 10
-132.0459405108652
 20
6.402212730939421
 30
0.0
 10
-131.8468172271718
 20
6.301622303399616
 30
0.0
 10
-131.6782743402277
 20
6.180700407130847
 30
0.0
 10
-131.5402208215089
 20
6.039721163040332
 30
0.0
 10
-131.4343383009083
 20
5.878230423828403
 30
0.0
 10
-131.3563455962239
 20
5.698203949977738
 30
0.0
 10
-131.3129238649024
 20
5.497295939576392
 30
0.0
 10
-131.3072892577557
 20
5.35713006717297
 30
0.0
 10
-131.3043807337431
 20
5.284777941282004
 30
0.0
  0
SPLINE
  5
141
330
1F
100
AcDbEntity
  8
0
  6
Continuous
 62
     7
370
    25
100
AcDbSpline
210
0.0
220
0.0
230
1.0
 70
     8
 71
     3
 72
    23
 73
    19
 74
     0
 42
0.00000001
 43
0.00000001
 40
0.0
 40
0.0
 40
0.0
 40
0.0
 40
0.0483136634963233
 40
0.0963530186141905
 40
0.1446666821105128
 40
0.1935948525085091
 40
0.2443360549937167
 40
0.2975074312164954
 40
0.3532531731747026
 40
0.4124554215533369
 40
0.4744175772639053
 40
0.5393810425765564
 40
0.60706050931611
 40
0.6780162109113952
 40
0.7526885688502342
 40
0.8313607979240017
 40
0.9134078467940238
 40
1.0
 40
1.0
 40
1.0
 40
1.0
 10
-130.4220277925666
 20
8.003527941282004
 30
0.0
 10
-130.4230838328859
 20
7.962038535905852
 30
0.0
 10
-130.4251899176903
 20
7.879295287739545
 30
0.0
 10
-130.4505979775018
 20
7.757375653595779
 30
0.0
 10
-130.4870860413346
 20
7.638072274176979
 30
0.0
 10
-130.5405972494634
 20
7.522594543958195
 30
0.0
 10
-130.6087888712024
 20
7.410439492596264
 30
0.0
 10
-130.6917702719117
 20
7.301218117742689
 30
0.0
 10
-130.7909118232202
 20
7.196310679485115
 30
0.0
 10
-130.903488606542
 20
7.094372347223696
 30
0.0
 10
-131.0312837990781
 20
6.998542782447747
 30
0.0
 10
-131.170052794471
 20
6.905696492183703
 30
0.0
 10
-131.3226218749104
 20
6.820503494700054
 30
0.0
 10
-131.4873605064309
 20
6.740973916469668
 30
0.0
 10
-131.6638149268729
 20
6.664210015445955
 30
0.0
 10
-131.8541066823456
 20
6.596671842978333
 30
0.0
 10
-132.0561975832106
 20
6.532241463389883
 30
0.0
 10
-132.1961918930937
 20
6.495961812148239
 30
0.0
 10
-132.2680755866842
 20
6.477333088340828
 30
0.0
  0
SPLINE
  5
142
330
1F
100
AcDbEntity
  8
0
  6
Continuous
 62
     7
370
    25
100
AcDbSpline
210
0.0
220
0.0
230
1.0
 70
     8
 71
     3
 72
    15
 73
    11
 74
     0
 42
0.00000001
 43
0.00000001
 40
0.0
 40
0.0
 40
0.0
 40
0.0
 40
0.14977113814964
 40
0.2895722419713143
 40
0.4207874143990734
 40
0.5469496810403902
 40
0.6664631524386082
 40
0.7796934165075453
 40
0.8892956357751702
 40
0.9999999999999999
 40
0.9999999999999999
 40
0.9999999999999999
 40
0.9999999999999999
 10
-131.2933513219783
 20
9.038913970693772
 30
0.0
 10
-131.2273231643239
 20
9.010585029370265
 30
0.0
 10
-131.0996622419229
 20
8.955812960779026
 30
0.0
 10
-130.92671489071
 20
8.851086906792254
 30
0.0
 10
-130.7748094678345
 20
8.735434353955469
 30
0.0
 10
-130.6502173612566
 20
8.603871081713795
 30
0.0
 10
-130.5474622026715
 20
8.46510246958379
 30
0.0
 10
-130.4750050207114
 20
8.317099010490221
 30
0.0
 10
-130.429433981094
 20
8.162467245615778
 30
0.0
 10
-130.4245047420388
 20
8.05668411257467
 30
0.0
 10
-130.4220277925666
 20
8.003527941282004
 30
0.0
  0
SPLINE
  5
143
330
1F
100
AcDbEntity
  8
0
  6
Continuous
 62
     7
370
    25
100
AcDbSpline
210
0.0
220
0.0
230
1.0
 70
     8
 71
     3
 72
     9
 73
     5
 74
     0
 42
0.00000001
 43
0.00000001
 40
0.0
 40
0.0
 40
0.0
 40
0.0
 40
0.5497065105312838
 40
1.0
 40
1.0
 40
1.0
 40
1.0
 10
-130.9679836749195
 20
9.095439705987886
 30
0.0
 10
-131.0278018527352
 20
9.086220383789167
 30
0.0
 10
-131.136620243403
 20
9.069449030308547
 30
0.0
 10
-131.2446887686453
 20
9.048394630053352
 30
0.0
 10
-131.2933513219783
 20
9.038913970693772
 30
0.0
  0
SPLINE
  5
144
330
1F
100
AcDbEntity
  8
0
  6
Continuous
 62
     7
370
    25
100
AcDbSpline
210
0.0
220
0.0
230
1.0
 70
     8
 71
     3
 72
    11
 73
     7
 74
     0
 42
0.00000001
 43
0.00000001
 40
0.0
 40
0.0
 40
0.0
 40
0.0
 40
0.118896209340387
 40
0.3123839328256787
 40
0.60446474228714
 40
1.0
 40
1.0
 40
1.0
 40
1.0
 10
-130.6867336749195
 20
9.212627205987888
 30
0.0
 10
-130.6917897077931
 20
9.200781841666645
 30
0.0
 10
-130.7050737598442
 20
9.169659726731693
 30
0.0
 10
-130.7675741932882
 20
9.142135394831358
 30
0.0
 10
-130.8548651038445
 20
9.115780201917168
 30
0.0
 10
-130.9266760735399
 20
9.102867461569714
 30
0.0
 10
-130.9679836749195
 20
9.095439705987886
 30
0.0
  0
SPLINE
  5
145
330
1F
100
AcDbEntity
  8
0
  6
Continuous
 62
     7
370
    25
100
AcDbSpline
210
0.0
220
0.0
230
1.0
 70
     8
 71
     3
 72
    11
 73
     7
 74
     0
 42
0.00000001
 43
0.00000001
 40
0.0
 40
0.0
 40
0.0
 40
0.0
 40
0.343860335320625
 40
0.6069852597007499
 40
0.8056946695810423
 40
1.0
 40
1.0
 40
1.0
 40
1.0
 10
-130.7915130866842
 20
9.269152941282004
 30
0.0
 10
-130.7762561504789
 20
9.269005329279157
 30
0.0
 10
-130.7493244737673
 20
9.268744763285698
 30
0.0
 10
-130.7147114260315
 20
9.258825966640943
 30
0.0
 10
-130.6908319845788
 20
9.23907631147407
 30
0.0
 10
-130.688089534275
 20
9.221377464044785
 30
0.0
 10
-130.6867336749195
 20
9.212627205987888
 30
0.0
  0
SPLINE
  5
146
330
1F
100
AcDbEntity
  8
0
  6
Continuous
 62
     7
370
    25
100
AcDbSpline
210
0.0
220
0.0
230
1.0
 70
     8
 71
     3
 72
    15
 73
    11
 74
     0
 42
0.00000001
 43
0.00000001
 40
0.0
 40
0.0
 40
0.0
 40
0.0
 40
0.1925288710431728
 40
0.3694784790237047
 40
0.5268460659954352
 40
0.6671260719354769
 40
0.7858265728204705
 40
0.8829738556741531
 40
0.9521502983506598
 40
1.0
 40
1.0
 40
1.0
 40
1.0
 10
-131.4408697043313
 20
9.127149264811417
 30
0.0
 10
-131.3995405935623
 20
9.137842884421085
 30
0.0
 10
-131.3202266864915
 20
9.158364805560659
 30
0.0
 10
-131.2066402719897
 20
9.185677513146057
 30
0.0
 10
-131.1040156625139
 20
9.208962347402663
 30
0.0
 10
-131.0140660729841
 20
9.2297353787936
 30
0.0
 10
-130.9368456267599
 20
9.24627560411538
 30
0.0
 10
-130.8748940113892
 20
9.25871650365017
 30
0.0
 10
-130.8279820406435
 20
9.266422265783884
 30
0.0
 10
-130.8020969812268
 20
9.26836045401916
 30
0.0
 10
-130.7915130866843
 20
9.269152941282007
 30
0.0
  0
SPLINE
  5
147
330
1F
100
AcDbEntity
  8
0
  6
Continuous
 62
     7
370
    25
100
AcDbSpline
210
0.0
220
0.0
230
1.0
 70
     8
 71
     3
 72
    15
 73
    11
 74
     0
 42
0.00000001
 43
0.00000001
 40
0.0
 40
0.0
 40
0.0
 40
0.0
 40
0.1336166677170376
 40
0.2623084157571289
 40
0.3874998556312612
 40
0.5094032700049522
 40
0.6303116659392829
 40
0.7515096783171368
 40
0.8753668472033002
 40
1.0
 40
1.0
 40
1.0
 40
1.0
 10
-132.9670645572725
 20
9.473197058929061
 30
0.0
 10
-132.8967325315435
 20
9.472009608110746
 30
0.0
 10
-132.7586608181776
 20
9.469678474216565
 30
0.0
 10
-132.5550253764459
 20
9.455119470954232
 30
0.0
 10
-132.3591335413334
 20
9.426765641243902
 30
0.0
 10
-132.1688656259879
 20
9.389865985939535
 30
0.0
 10
-131.9833966364906
 20
9.34119116855825
 30
0.0
 10
-131.8001082449634
 20
9.281561061976307
 30
0.0
 10
-131.6189193649852
 20
9.210148596774797
 30
0.0
 10
-131.5003430210199
 20
9.154873246630155
 30
0.0
 10
-131.4408697043313
 20
9.127149264811417
 30
0.0
  0
SPLINE
  5
148
330
1F
100
AcDbEntity
  8
0
  6
Continuous
 62
     7
370
    25
100
AcDbSpline
210
0.0
220
0.0
230
1.0
 70
     8
 71
     3
 72
    15
 73
    11
 74
     0
 42
0.00000001
 43
0.00000001
 40
0.0
 40
0.0
 40
0.0
 40
0.0
 40
0.1189146500730467
 40
0.2401182548023957
 40
0.3646252508090719
 40
0.4930459014924692
 40
0.6223021071330315
 40
0.749394510599403
 40
0.8754017826124684
 40
1.0
 40
1.0
 40
1.0
 40
1.0
 10
-136.2207410278607
 20
8.593601470693768
 30
0.0
 10
-136.1036190118591
 20
8.66118410736718
 30
0.0
 10
-135.8671205311087
 20
8.797650259880733
 30
0.0
 10
-135.4897032856535
 20
8.970222009464203
 30
0.0
 10
-135.0917996837323
 20
9.121053385270146
 30
0.0
 10
-134.6753569042478
 20
9.245609060901973
 30
0.0
 10
-134.249948949017
 20
9.348418893830146
 30
0.0
 10
-133.8208715160549
 20
9.418929428286821
 30
0.0
 10
-133.3936645546433
 20
9.465873108062757
 30
0.0
 10
-133.1087305329766
 20
9.470764910190486
 30
0.0
 10
-132.9670645572725
 20
9.473197058929065
 30
0.0
  0
SPLINE
  5
149
330
1F
100
AcDbEntity
  8
0
  6
Continuous
 62
     7
370
    25
100
AcDbSpline
210
0.0
220
0.0
230
1.0
 70
     8
 71
     3
 72
    15
 73
    11
 74
     0
 42
0.00000001
 43
0.00000001
 40
0.0
 40
0.0
 40
0.0
 40
0.0
 40
0.0935615911769873
 40
0.1929750244319267
 40
0.3015202520173169
 40
0.4222680114210027
 40
0.5536930659421956
 40
0.69228139330341
 40
0.8411795458432249
 40
1.0
 40
1.0
 40
1.0
 40
1.0
 10
-137.4808513219783
 20
6.991579411870239
 30
0.0
 10
-137.4766470058598
 20
7.05774985291558
 30
0.0
 10
-137.4679754132171
 20
7.194229388126153
 30
0.0
 10
-137.4008039303931
 20
7.398432623017367
 30
0.0
 10
-137.2950156602527
 20
7.605614857346808
 30
0.0
 10
-137.1493509673014
 20
7.815536558298811
 30
0.0
 10
-136.9665904400033
 20
8.023033792384116
 30
0.0
 10
-136.7488193433942
 20
8.223907820931354
 30
0.0
 10
-136.4991210171271
 20
8.417075740048109
 30
0.0
 10
-136.315507875984
 20
8.533508117180736
 30
0.0
 10
-136.2207410278607
 20
8.593601470693768
 30
0.0
  0
SPLINE
  5
14A
330
1F
100
AcDbEntity
  8
0
  6
Continuous
 62
     7
370
    25
100
AcDbSpline
210
0.0
220
0.0
230
1.0
 70
     8
 71
     3
 72
    23
 73
    19
 74
     0
 42
0.00000001
 43
0.00000001
 40
0.0
 40
0.0
 40
0.0
 40
0.0
 40
0.0756521090917492
 40
0.1476088351139591
 40
0.2170393295316441
 40
0.2845562492063246
 40
0.3494339980271365
 40
0.4127572003662276
 40
0.4751176671777134
 40
0.5372181892694563
 40
0.598145855950392
 40
0.6568009116693481
 40
0.7132810278195791
 40
0.7694567286594579
 40
0.8257704818087017
 40
0.8817904671472964
 40
0.9395842499709369
 40
1.0
 40
1.0
 40
1.0
 40
1.0
 10
-136.2882961749195
 20
6.032020588340827
 30
0.0
 10
-136.3315301488907
 20
6.03275513393529
 30
0.0
 10
-136.4158862443367
 20
6.034188344731906
 30
0.0
 10
-136.5393255373928
 20
6.047112623846163
 30
0.0
 10
-136.6571777137831
 20
6.066977675301913
 30
0.0
 10
-136.7683083942268
 20
6.098125384153219
 30
0.0
 10
-136.8743292539922
 20
6.134259532029809
 30
0.0
 10
-136.9721144598963
 20
6.18252098947222
 30
0.0
 10
-137.0655976685742
 20
6.235436359913319
 30
0.0
 10
-137.1505544642054
 20
6.299150389566292
 30
0.0
 10
-137.2273044534145
 20
6.369178074698375
 30
0.0
 10
-137.2955001425345
 20
6.44339717761222
 30
0.0
 10
-137.3526103003384
 20
6.523120507886566
 30
0.0
 10
-137.4002513859583
 20
6.607398723671269
 30
0.0
 10
-137.4352583308617
 20
6.697318948213956
 30
0.0
 10
-137.4625077813698
 20
6.790788054891507
 30
0.0
 10
-137.4774450610615
 20
6.88953830661674
 30
0.0
 10
-137.4796992353041
 20
6.957066436952992
 30
0.0
 10
-137.4808513219783
 20
6.991579411870239
 30
0.0
  0
SPLINE
  5
14B
330
1F
100
AcDbEntity
  8
0
  6
Continuous
 62
     7
370
    25
100
AcDbSpline
210
0.0
220
0.0
230
1.0
 70
     8
 71
     3
 72
    23
 73
    19
 74
     0
 42
0.00000001
 43
0.00000001
 40
0.0
 40
0.0
 40
0.0
 40
0.0
 40
0.0657601191234582
 40
0.1293566789516271
 40
0.191910210057431
 40
0.2532669666277057
 40
0.3146031302265774
 40
0.3769029250012908
 40
0.4398575287644956
 40
0.5047728564390803
 40
0.5693625211353102
 40
0.6319657447417624
 40
0.6935122649297776
 40
0.7536532822482745
 40
0.814180855344871
 40
0.8745927214202085
 40
0.936441652372498
 40
1.0
 40
1.0
 40
1.0
 40
1.0
 10
-134.3154101455078
 20
8.036616176576121
 30
0.0
 10
-134.3174344029589
 20
7.968060926527063
 30
0.0
 10
-134.3214163182095
 20
7.83320594771543
 30
0.0
 10
-134.347863649689
 20
7.634533330487275
 30
0.0
 10
-134.392701777041
 20
7.443864528086687
 30
0.0
 10
-134.4590801661904
 20
7.262168294248517
 30
0.0
 10
-134.540213018275
 20
7.086934362643203
 30
0.0
 10
-134.6410641911856
 20
6.920110153753704
 30
0.0
 10
-134.7611863404144
 20
6.762053178578038
 30
0.0
 10
-134.8961268737105
 20
6.613230667884554
 30
0.0
 10
-135.0440167249178
 20
6.477797662320203
 30
0.0
 10
-135.2004848304869
 20
6.358058200610892
 30
0.0
 10
-135.3644558054007
 20
6.25724064482433
 30
0.0
 10
-135.5361445137088
 20
6.175297656566058
 30
0.0
 10
-135.7136342429874
 20
6.11010855636682
 30
0.0
 10
-135.8989473801883
 20
6.064190460875788
 30
0.0
 10
-136.0913187655877
 20
6.038144795861766
 30
0.0
 10
-136.2220430742453
 20
6.034080457738088
 30
0.0
 10
-136.2882961749195
 20
6.032020588340827
 30
0.0
  0
SPLINE
  5
14C
330
1F
100
AcDbEntity
  8
0
  6
Continuous
 62
     7
370
    25
100
AcDbSpline
210
0.0
220
0.0
230
1.0
 70
     8
 71
     3
 72
    15
 73
    11
 74
     0
 42
0.00000001
 43
0.00000001
 40
0.0
 40
0.0
 40
0.0
 40
0.0
 40
0.0626103033750938
 40
0.1268080444423967
 40
0.1919071380444607
 40
0.2735409861151487
 40
0.3833444592174035
 40
0.5407981607575194
 40
0.7460926707151909
 40
1.0
 40
1.0
 40
1.0
 40
1.0
 10
-134.4188108808019
 20
8.414373529517297
 30
0.0
 10
-134.4099231558842
 20
8.413650117495036
 30
0.0
 10
-134.3919223643915
 20
8.412184951876538
 30
0.0
 10
-134.3675878622832
 20
8.397764124642773
 30
0.0
 10
-134.3506108617042
 20
8.37277432882004
 30
0.0
 10
-134.3361162819998
 20
8.339349414104017
 30
0.0
 10
-134.3278267060203
 20
8.290510068334873
 30
0.0
 10
-134.3190924572201
 20
8.22441949704407
 30
0.0
 10
-134.3162496511763
 20
8.13726429282858
 30
0.0
 10
-134.3157090571634
 20
8.072452617226556
 30
0.0
 10
-134.3154101455078
 20
8.036616176576121
 30
0.0
  0
SPLINE
  5
14D
330
1F
100
AcDbEntity
  8
0
  6
Continuous
 62
     7
370
    25
100
AcDbSpline
210
0.0
220
0.0
230
1.0
 70
     8
 71
     3
 72
    13
 73
     9
 74
     0
 42
0.00000001
 43
0.00000001
 40
0.0
 40
0.0
 40
0.0
 40
0.0
 40
0.3232185213480708
 40
0.6459655634132189
 40
0.7902826453681092
 40
0.8962273581835869
 40
0.9639344713782734
 40
0.9999999999999999
 40
0.9999999999999999
 40
0.9999999999999999
 40
0.9999999999999999
 10
-134.6766233808019
 20
7.693325735399652
 30
0.0
 10
-134.6414149123686
 20
7.769190856837905
 30
0.0
 10
-134.5710493341412
 20
7.920810435161823
 30
0.0
 10
-134.5227817582185
 20
8.119221817649908
 30
0.0
 10
-134.4930660327614
 20
8.265174914057686
 30
0.0
 10
-134.4691157734332
 20
8.341579724026147
 30
0.0
 10
-134.4515356604722
 20
8.397051268310678
 30
0.0
 10
-134.4272508973878
 20
8.409905961718152
 30
0.0
 10
-134.4188108808019
 20
8.414373529517297
 30
0.0
  0
SPLINE
  5
14E
330
1F
100
AcDbEntity
  8
0
  6
Continuous
 62
     7
370
    25
100
AcDbSpline
210
0.0
220
0.0
230
1.0
 70
     8
 71
     3
 72
    19
 73
    15
 74
     0
 42
0.00000001
 43
0.00000001
 40
0.0
 40
0.0
 40
0.0
 40
0.0
 40
0.0502131451428888
 40
0.1021573861708069
 40
0.156002670332344
 40
0.2125225626692011
 40
0.2717309886198508
 40
0.3343872649116162
 40
0.4004674425743832
 40
0.4700300052648992
 40
0.6094475146902649
 40
0.7432079325965147
 40
0.8723314679370228
 40
1.0
 40
1.0
 40
1.0
 40
1.0
 10
-136.5667888219784
 20
6.384961764811417
 30
0.0
 10
-136.5267119983799
 20
6.385781330635252
 30
0.0
 10
-136.44517670452
 20
6.387448716777262
 30
0.0
 10
-136.3224709652024
 20
6.409311142992529
 30
0.0
 10
-136.1959214777758
 20
6.436723373454631
 30
0.0
 10
-136.0680678554334
 20
6.481231915758102
 30
0.0
 10
-135.9359644158961
 20
6.534146320073927
 30
0.0
 10
-135.8031400076066
 20
6.603707750980771
 30
0.0
 10
-135.6642964697831
 20
6.679391253964086
 30
0.0
 10
-135.481592894854
 20
6.80091689787087
 30
0.0
 10
-135.2635954729105
 20
6.966217301055996
 30
0.0
 10
-135.0300044930162
 20
7.186879545231003
 30
0.0
 10
-134.8319832439581
 20
7.428767758954701
 30
0.0
 10
-134.7282140137515
 20
7.605473485922977
 30
0.0
 10
-134.6766233808019
 20
7.693325735399652
 30
0.0
  0
SPLINE
  5
14F
330
1F
100
AcDbEntity
  8
0
  6
Continuous
 62
     7
370
    25
100
AcDbSpline
210
0.0
220
0.0
230
1.0
 70
     8
 71
     3
 72
    15
 73
    11
 74
     0
 42
0.00000001
 43
0.00000001
 40
0.0
 40
0.0
 40
0.0
 40
0.0
 40
0.1294669442976284
 40
0.2493036734615702
 40
0.3653231703287804
 40
0.4832748825309875
 40
0.6031116116949208
 40
0.7266243170772401
 40
0.8568099308686988
 40
1.0
 40
1.0
 40
1.0
 40
1.0
 10
-137.2161454396254
 20
6.981928676576121
 30
0.0
 10
-137.2142867381195
 20
6.93892225202732
 30
0.0
 10
-137.2107075919844
 20
6.856108374858668
 30
0.0
 10
-137.1758316835989
 20
6.739114773990681
 30
0.0
 10
-137.1220690247618
 20
6.633881820365779
 30
0.0
 10
-137.0430719552404
 20
6.545887284994834
 30
0.0
 10
-136.9473385944318
 20
6.47250559543706
 30
0.0
 10
-136.8332498767062
 20
6.422469867907211
 30
0.0
 10
-136.7051909587294
 20
6.388831819652419
 30
0.0
 10
-136.6143630919023
 20
6.386292055209731
 30
0.0
 10
-136.5667888219783
 20
6.384961764811416
 30
0.0
  0
SPLINE
  5
150
330
1F
100
AcDbEntity
  8
0
  6
Continuous
 62
     7
370
    25
100
AcDbSpline
210
0.0
220
0.0
230
1.0
 70
     8
 71
     3
 72
    19
 73
    15
 74
     0
 42
0.00000001
 43
0.00000001
 40
0.0
 40
0.0
 40
0.0
 40
0.0
 40
0.1557409641608377
 40
0.3038645366953627
 40
0.4459945746874203
 40
0.5827671145810543
 40
0.647651794060111
 40
0.7084920214032047
 40
0.7654697704922656
 40
0.8184890941230991
 40
0.8681869073299375
 40
0.9140178492841974
 40
0.9580199700280936
 40
1.0
 40
1.0
 40
1.0
 40
1.0
 10
-136.0346197043313
 20
8.440568382458473
 30
0.0
 10
-136.1197189122404
 20
8.386407796436874
 30
0.0
 10
-136.285755070574
 20
8.280735653803884
 30
0.0
 10
-136.5126922010953
 20
8.10139792761256
 30
0.0
 10
-136.7146035143957
 20
7.912239452811429
 30
0.0
 10
-136.8637267330635
 20
7.746446176362363
 30
0.0
 10
-136.9658984179912
 20
7.610554999648893
 30
0.0
 10
-137.0322777181367
 20
7.512625402860178
 30
0.0
 10
-137.0894546051482
 20
7.417829373825562
 30
0.0
 10
-137.1349363299058
 20
7.324888651381127
 30
0.0
 10
-137.1713877531739
 20
7.235754879148418
 30
0.0
 10
-137.1965194846159
 20
7.148864749015226
 30
0.0
 10
-137.2124612895786
 20
7.064773623632715
 30
0.0
 10
-137.214936795567
 20
7.009107279986644
 30
0.0
 10
-137.2161454396254
 20
6.981928676576121
 30
0.0
  0
SPLINE
  5
151
330
1F
100
AcDbEntity
  8
0
  6
Continuous
 62
     7
370
    25
100
AcDbSpline
210
0.0
220
0.0
230
1.0
 70
     8
 71
     3
 72
    15
 73
    11
 74
     0
 42
0.00000001
 43
0.00000001
 40
0.0
 40
0.0
 40
0.0
 40
0.0
 40
0.1176550234172402
 40
0.2389972634357504
 40
0.3651747073741394
 40
0.4966880507473125
 40
0.6285365041970825
 40
0.7559804767849897
 40
0.8794130231935943
 40
1.0
 40
1.0
 40
1.0
 40
1.0
 10
-133.0098035278607
 20
9.296726470693766
 30
0.0
 10
-133.134451952905
 20
9.293479599236987
 30
0.0
 10
-133.3876551873434
 20
9.286884101906235
 30
0.0
 10
-133.7724933826444
 20
9.242603989093638
 30
0.0
 10
-134.1674700700681
 20
9.168809897823177
 30
0.0
 10
-134.5676488831009
 20
9.067141568525768
 30
0.0
 10
-134.9633246804121
 20
8.944321581533305
 30
0.0
 10
-135.341464889571
 20
8.79740058103455
 30
0.0
 10
-135.6997258470261
 20
8.633402269006638
 30
0.0
 10
-135.9238596443733
 20
8.504344687607468
 30
0.0
 10
-136.0346197043313
 20
8.440568382458476
 30
0.0
  0
SPLINE
  5
152
330
1F
100
AcDbEntity
  8
0
  6
Continuous
 62
     7
370
    25
100
AcDbSpline
210
0.0
220
0.0
230
1.0
 70
     8
 71
     3
 72
    15
 73
    11
 74
     0
 42
0.00000001
 43
0.00000001
 40
0.0
 40
0.0
 40
0.0
 40
0.0
 40
0.106188245718605
 40
0.2164132376127794
 40
0.3318574059198756
 40
0.4536632562261817
 40
0.5804617093399597
 40
0.7143805616134982
 40
0.8538312453148157
 40
1.0
 40
1.0
 40
1.0
 40
1.0
 10
-131.6449138219784
 20
9.056836764811418
 30
0.0
 10
-131.690079892237
 20
9.076991938224525
 30
0.0
 10
-131.7821290209212
 20
9.1180684839708
 30
0.0
 10
-131.9295914425608
 20
9.164744913042137
 30
0.0
 10
-132.0857376598066
 20
9.207060805934981
 30
0.0
 10
-132.2522741432946
 20
9.238881293724445
 30
0.0
 10
-132.4283038758215
 20
9.265897264335614
 30
0.0
 10
-132.6138647840479
 20
9.282763613591596
 30
0.0
 10
-132.8088324450448
 20
9.294246929190605
 30
0.0
 10
-132.9417708827484
 20
9.295887097363224
 30
0.0
 10
-133.0098035278607
 20
9.29672647069377
 30
0.0
  0
SPLINE
  5
153
330
1F
100
AcDbEntity
  8
0
  6
Continuous
 62
     7
370
    25
100
AcDbSpline
210
0.0
220
0.0
230
1.0
 70
     8
 71
     3
 72
    19
 73
    15
 74
     0
 42
0.00000001
 43
0.00000001
 40
0.0
 40
0.0
 40
0.0
 40
0.0
 40
0.1510432275331274
 40
0.2949590636074802
 40
0.4325348498849292
 40
0.5639506900532562
 40
0.6271245517275073
 40
0.6877525646966995
 40
0.745340626052264
 40
0.8005845655042052
 40
0.8532448353354483
 40
0.9040890362222223
 40
0.9528220218967121
 40
1.0
 40
1.0
 40
1.0
 40
1.0
 10
-134.1527263219783
 20
6.833031617752592
 30
0.0
 10
-134.0569931357049
 20
6.976228775478451
 30
0.0
 10
-133.8700441977051
 20
7.255865937924606
 30
0.0
 10
-133.5674905156688
 20
7.645909945731433
 30
0.0
 10
-133.2531943611866
 20
7.996942499316387
 30
0.0
 10
-132.9799305543127
 20
8.259665219876894
 30
0.0
 10
-132.7596169982889
 20
8.449891029514948
 30
0.0
 10
-132.5957629609058
 20
8.576258429852418
 30
0.0
 10
-132.4337594474685
 20
8.689743706109342
 30
0.0
 10
-132.2746325950758
 20
8.791436853592092
 30
0.0
 10
-132.1146073598226
 20
8.876232132232195
 30
0.0
 10
-131.9583524389917
 20
8.952026314537928
 30
0.0
 10
-131.8016788219794
 20
9.011531202280757
 30
0.0
 10
-131.6966009449677
 20
9.041899028820573
 30
0.0
 10
-131.6449138219784
 20
9.056836764811418
 30
0.0
  0
SPLINE
  5
154
330
1F
100
AcDbEntity
  8
0
  6
Continuous
 62
     7
370
    25
100
AcDbSpline
210
0.0
220
0.0
230
1.0
 70
     8
 71
     3
 72
    15
 73
    11
 74
     0
 42
0.00000001
 43
0.00000001
 40
0.0
 40
0.0
 40
0.0
 40
0.0
 40
0.0385857034641081
 40
0.1050664614457577
 40
0.2039828401357756
 40
0.3392235827350766
 40
0.4950295089780332
 40
0.65557146248233
 40
0.8246743770772846
 40
1.0
 40
1.0
 40
1.0
 40
1.0
 10
-97.02634764550776
 20
8.679079411870239
 30
0.0
 10
-97.01403881259589
 20
8.674041244081169
 30
0.0
 10
-96.98052262907524
 20
8.660322627748053
 30
0.0
 10
-96.95085733961628
 20
8.593263701731864
 30
0.0
 10
-96.91231848844785
 20
8.50235057462266
 30
0.0
 10
-96.8794629963689
 20
8.37438813354931
 30
0.0
 10
-96.84422472511945
 20
8.227273907272192
 30
0.0
 10
-96.82232040384075
 20
8.065556878991611
 30
0.0
 10
-96.80583574522238
 20
7.896801013087318
 30
0.0
 10
-96.80487154423268
 20
7.781148785630278
 30
0.0
 10
-96.80438073374305
 20
7.722277941282004
 30
0.0
  0
SPLINE
  5
155
330
1F
100
AcDbEntity
  8
0
  6
Continuous
 62
     7
370
    25
100
AcDbSpline
210
0.0
220
0.0
230
1.0
 70
     8
 71
     3
 72
    11
 73
     7
 74
     0
 42
0.00000001
 43
0.00000001
 40
0.0
 40
0.0
 40
0.0
 40
0.0
 40
0.3476936536158484
 40
0.6279669624571603
 40
0.8541485565690808
 40
1.0
 40
1.0
 40
1.0
 40
1.0
 10
-97.0787373513901
 20
8.563270588340826
 30
0.0
 10
-97.078249783495
 20
8.5791123643884
 30
0.0
 10
-97.07736919068898
 20
8.607724080136066
 30
0.0
 10
-97.06431022727378
 20
8.643755763061547
 30
0.0
 10
-97.04891199826012
 20
8.671077689337288
 30
0.0
 10
-97.03270242835978
 20
8.67682589236108
 30
0.0
 10
-97.02634764550776
 20
8.679079411870239
 30
0.0
  0
SPLINE
  5
156
330
1F
100
AcDbEntity
  8
0
  6
Continuous
 62
     7
370
    25
100
AcDbSpline
210
0.0
220
0.0
230
1.0
 70
     8
 71
     3
 72
    11
 73
     7
 74
     0
 42
0.00000001
 43
0.00000001
 40
0.0
 40
0.0
 40
0.0
 40
0.0
 40
0.2846793436399427
 40
0.5930265007566436
 40
0.8604732877273172
 40
1.0
 40
1.0
 40
1.0
 40
1.0
 10
-97.06908661609599
 20
8.326138235399652
 30
0.0
 10
-97.06931390005806
 20
8.348665810560082
 30
0.0
 10
-97.06978736402976
 20
8.395593869677777
 30
0.0
 10
-97.07486191351438
 20
8.463512189658697
 30
0.0
 10
-97.07690665818689
 20
8.520071857437312
 30
0.0
 10
-97.0782699579684
 20
8.552241540647325
 30
0.0
 10
-97.0787373513901
 20
8.563270588340826
 30
0.0
  0
SPLINE
  5
157
330
1F
100
AcDbEntity
  8
0
  6
Continuous
 62
     7
370
    25
100
AcDbSpline
210
0.0
220
0.0
230
1.0
 70
     8
 71
     3
 72
    23
 73
    19
 74
     0
 42
0.00000001
 43
0.00000001
 40
0.0
 40
0.0
 40
0.0
 40
0.0
 40
0.0473539318264423
 40
0.0957896135312847
 40
0.1466114778926173
 40
0.2004048148920219
 40
0.2584342589306122
 40
0.3214687654845991
 40
0.3889072472401915
 40
0.4622346776044042
 40
0.5371382915398175
 40
0.608376852616384
 40
0.677711162620297
 40
0.7444342964742775
 40
0.8097768861492733
 40
0.8736280366423878
 40
0.936848183468812
 40
1.0
 40
1.0
 40
1.0
 40
1.0
 10
-98.64491382197835
 20
6.296726470693768
 30
0.0
 10
-98.60110653195805
 20
6.299133619690716
 30
0.0
 10
-98.51249122127432
 20
6.304002906426502
 30
0.0
 10
-98.37966372390268
 20
6.335304466177985
 30
0.0
 10
-98.24838246227182
 20
6.389296324591585
 30
0.0
 10
-98.11585333347641
 20
6.461352559939932
 30
0.0
 10
-97.98493882081901
 20
6.557007996072513
 30
0.0
 10
-97.85300068187475
 20
6.67129414138581
 30
0.0
 10
-97.72110546925093
 20
6.806390673993926
 30
0.0
 10
-97.59353517668238
 20
6.959985103211271
 30
0.0
 10
-97.47142238425057
 20
7.122380180832833
 30
0.0
 10
-97.3643113958051
 20
7.290787349533111
 30
0.0
 10
-97.27353885856213
 20
7.459886207205862
 30
0.0
 10
-97.19739794065681
 20
7.630277658361241
 30
0.0
 10
-97.14183971328616
 20
7.803110794059077
 30
0.0
 10
-97.099608416181
 20
7.976184101561236
 30
0.0
 10
-97.07389517550986
 20
8.150733950451613
 30
0.0
 10
-97.07068889134644
 20
8.267691220316255
 30
0.0
 10
-97.06908661609599
 20
8.326138235399652
 30
0.0
  0
SPLINE
  5
158
330
1F
100
AcDbEntity
  8
0
  6
Continuous
 62
     7
370
    25
100
AcDbSpline
210
0.0
220
0.0
230
1.0
 70
     8
 71
     3
 72
    15
 73
    11
 74
     0
 42
0.00000001
 43
0.00000001
 40
0.0
 40
0.0
 40
0.0
 40
0.0
 40
0.1402683092136899
 40
0.2719526905860936
 40
0.3984324370621496
 40
0.5244911952887307
 40
0.6469084967269977
 40
0.7635054215743043
 40
0.8790793329465035
 40
1.0
 40
1.0
 40
1.0
 40
1.0
 10
-99.18673367491952
 20
6.914373529517298
 30
0.0
 10
-99.18496570112829
 20
6.871482207133302
 30
0.0
 10
-99.18153794733195
 20
6.788324360642445
 30
0.0
 10
-99.15257734642367
 20
6.669008550498718
 30
0.0
 10
-99.10137809107451
 20
6.562637882009696
 30
0.0
 10
-99.03470008426004
 20
6.468708264797812
 30
0.0
 10
-98.95203028035652
 20
6.392345562540077
 30
0.0
 10
-98.85765494235513
 20
6.337881572364943
 30
0.0
 10
-98.75444388517714
 20
6.302459269485967
 30
0.0
 10
-98.68197001494138
 20
6.298665990238064
 30
0.0
 10
-98.64491382197835
 20
6.296726470693768
 30
0.0
  0
SPLINE
  5
159
330
1F
100
AcDbEntity
  8
0
  6
Continuous
 62
     7
370
    25
100
AcDbSpline
210
0.0
220
0.0
230
1.0
 70
     8
 71
     3
 72
    15
 73
    11
 74
     0
 42
0.00000001
 43
0.00000001
 40
0.0
 40
0.0
 40
0.0
 40
0.0
 40
0.1565217435086723
 40
0.3033912294783904
 40
0.4419373174614479
 40
0.5725991359224868
 40
0.6933608597546583
 40
0.8033812141482827
 40
0.9054408215406645
 40
0.9999999999999999
 40
0.9999999999999999
 40
0.9999999999999999
 40
0.9999999999999999
 10
-98.3126527925666
 20
8.349575735399652
 30
0.0
 10
-98.37978016021279
 20
8.28944094448112
 30
0.0
 10
-98.50989533875149
 20
8.172879706775584
 30
0.0
 10
-98.68381629888603
 20
7.986892361133598
 30
0.0
 10
-98.83546786505634
 20
7.801215603384079
 30
0.0
 10
-98.9602642067339
 20
7.614339985756863
 30
0.0
 10
-99.06101889081303
 20
7.431829546015539
 30
0.0
 10
-99.13211185745722
 20
7.253638743602318
 30
0.0
 10
-99.17824388678015
 20
7.082149626299168
 30
0.0
 10
-99.18397664145493
 20
6.968858318276448
 30
0.0
 10
-99.18673367491952
 20
6.914373529517298
 30
0.0
  0
SPLINE
  5
15A
330
1F
100
AcDbEntity
  8
0
  6
Continuous
 62
     7
370
    25
100
AcDbSpline
210
0.0
220
0.0
230
1.0
 70
     8
 71
     3
 72
    15
 73
    11
 74
     0
 42
0.00000001
 43
0.00000001
 40
0.0
 40
0.0
 40
0.0
 40
0.0
 40
0.1135383959826962
 40
0.2276504901425049
 40
0.3459276263155852
 40
0.4672172863371865
 40
0.593196027084865
 40
0.7229688000232674
 40
0.858233232930637
 40
1.0
 40
1.0
 40
1.0
 40
1.0
 10
-96.53278146903718
 20
9.120255882458475
 30
0.0
 10
-96.60782288747978
 20
9.117733594671627
 30
0.0
 10
-96.75828490115877
 20
9.112676274229612
 30
0.0
 10
-96.98447679653897
 20
9.07541647318294
 30
0.0
 10
-97.21004317894732
 20
9.01293955893847
 30
0.0
 10
-97.43586864449313
 20
8.926394510021199
 30
0.0
 10
-97.66059963077564
 20
8.817983499571184
 30
0.0
 10
-97.88146460525842
 20
8.683462443259591
 30
0.0
 10
-98.1024661425587
 20
8.529832985391637
 30
0.0
 10
-98.24150277705212
 20
8.410594387788107
 30
0.0
 10
-98.31265279256658
 20
8.349575735399648
 30
0.0
  0
SPLINE
  5
15B
330
1F
100
AcDbEntity
  8
0
  6
Continuous
 62
     7
370
    25
100
AcDbSpline
210
0.0
220
0.0
230
1.0
 70
     8
 71
     3
 72
    23
 73
    19
 74
     0
 42
0.00000001
 43
0.00000001
 40
0.0
 40
0.0
 40
0.0
 40
0.0
 40
0.029311002589981
 40
0.0654454387119182
 40
0.1087775592330591
 40
0.1597214385840968
 40
0.2186226927321441
 40
0.2846984006981392
 40
0.3583249683831985
 40
0.4396751896089102
 40
0.5227363584527556
 40
0.6018236938174208
 40
0.6773693891723932
 40
0.7486605757059632
 40
0.8166034806410885
 40
0.8811379240697913
 40
0.9420567167837516
 40
1.0
 40
1.0
 40
1.0
 40
1.0
 10
-94.07460132197834
 20
8.502608823634947
 30
0.0
 10
-94.0994494872512
 20
8.504095113113921
 30
0.0
 10
-94.1549303283611
 20
8.507413691750246
 30
0.0
 10
-94.24635042363596
 20
8.52167845577289
 30
0.0
 10
-94.35389767242104
 20
8.548111743011274
 30
0.0
 10
-94.47990405848569
 20
8.580371619307275
 30
0.0
 10
-94.62224185800646
 20
8.625752925656768
 30
0.0
 10
-94.78281905378634
 20
8.677201479476002
 30
0.0
 10
-94.95895602969979
 20
8.742080761360182
 30
0.0
 10
-95.1487394411886
 20
8.811450703629209
 30
0.0
 10
-95.34188623755301
 20
8.885317323207829
 30
0.0
 10
-95.53435431806103
 20
8.946135137584111
 30
0.0
 10
-95.71815744333016
 20
9.001156137072266
 30
0.0
 10
-95.89566218137425
 20
9.043067362884877
 30
0.0
 10
-96.06496499342975
 20
9.079085688332752
 30
0.0
 10
-96.22770643861446
 20
9.101219861133675
 30
0.0
 10
-96.38259864592018
 20
9.11845703236017
 30
0.0
 10
-96.48356301832904
 20
9.119666356885194
 30
0.0
 10
-96.53278146903718
 20
9.120255882458475
 30
0.0
  0
SPLINE
  5
15C
330
1F
100
AcDbEntity
  8
0
  6
Continuous
 62
     7
370
    25
100
AcDbSpline
210
0.0
220
0.0
230
1.0
 70
     8
 71
     3
 72
    19
 73
    15
 74
     0
 42
0.00000001
 43
0.00000001
 40
0.0
 40
0.0
 40
0.0
 40
0.0
 40
0.0326005762349337
 40
0.0687133373737452
 40
0.112067923729204
 40
0.1595727071622481
 40
0.2155950380688207
 40
0.2781256228453335
 40
0.348198567681946
 40
0.4259478522384388
 40
0.5804170519937986
 40
0.724952410019426
 40
0.8625922108700591
 40
1.0
 40
1.0
 40
1.0
 40
1.0
 10
-93.09849838080187
 20
9.209869853046712
 30
0.0
 10
-93.09986107365289
 20
9.195995238605017
 30
0.0
 10
-93.10273326747347
 20
9.166751244382564
 30
0.0
 10
-93.11775437859718
 20
9.120965352923637
 30
0.0
 10
-93.14263509125922
 20
9.072710260575018
 30
0.0
 10
-93.17705599500026
 20
9.020240177729525
 30
0.0
 10
-93.22087899395916
 20
8.964467256058747
 30
0.0
 10
-93.275363619715
 20
8.90517326680365
 30
0.0
 10
-93.33901528961763
 20
8.841871019439974
 30
0.0
 10
-93.43337142755529
 20
8.75399096010802
 30
0.0
 10
-93.56044854913918
 20
8.654175183007325
 30
0.0
 10
-93.72659939223911
 20
8.568462023167523
 30
0.0
 10
-93.89808950238842
 20
8.511228773385096
 30
0.0
 10
-94.01579714554241
 20
8.505480523938944
 30
0.0
 10
-94.07460132197834
 20
8.502608823634947
 30
0.0
  0
SPLINE
  5
15D
330
1F
100
AcDbEntity
  8
0
  6
Continuous
 62
     7
370
    25
100
AcDbSpline
210
0.0
220
0.0
230
1.0
 70
     8
 71
     3
 72
    11
 73
     7
 74
     0
 42
0.00000001
 43
0.00000001
 40
0.0
 40
0.0
 40
0.0
 40
0.0
 40
0.269661321219879
 40
0.5108537392798311
 40
0.7441768084285645
 40
1.0
 40
1.0
 40
1.0
 40
1.0
 10
-93.16053882197835
 20
9.271910294223181
 30
0.0
 10
-93.15149679578496
 20
9.271439793868762
 30
0.0
 10
-93.13436733550253
 20
9.270548465203976
 30
0.0
 10
-93.11428275417781
 20
9.255006210453283
 30
0.0
 10
-93.10036289266469
 20
9.234663326546974
 30
0.0
 10
-93.09913865588163
 20
9.218383954532976
 30
0.0
 10
-93.09849838080187
 20
9.209869853046712
 30
0.0
  0
SPLINE
  5
15E
330
1F
100
AcDbEntity
  8
0
  6
Continuous
 62
     7
370
    25
100
AcDbSpline
210
0.0
220
0.0
230
1.0
 70
     8
 71
     3
 72
     9
 73
     5
 74
     0
 42
0.00000001
 43
0.00000001
 40
0.0
 40
0.0
 40
0.0
 40
0.0
 40
0.6776056246321034
 40
0.9999999999999999
 40
0.9999999999999999
 40
0.9999999999999999
 40
0.9999999999999999
 10
-93.23085132197834
 20
9.226413970693768
 30
0.0
 10
-93.21643825964124
 20
9.239177448845705
 30
0.0
 10
-93.19516768305043
 20
9.258013594367474
 30
0.0
 10
-93.16898119759864
 20
9.26852233526547
 30
0.0
 10
-93.16053882197835
 20
9.271910294223181
 30
0.0
  0
SPLINE
  5
15F
330
1F
100
AcDbEntity
  8
0
  6
Continuous
 62
     7
370
    25
100
AcDbSpline
210
0.0
220
0.0
230
1.0
 70
     8
 71
     3
 72
    11
 73
     7
 74
     0
 42
0.00000001
 43
0.00000001
 40
0.0
 40
0.0
 40
0.0
 40
0.0
 40
0.2505462806895648
 40
0.4938936102328665
 40
0.7426067227686619
 40
1.0
 40
1.0
 40
1.0
 40
1.0
 10
-93.77129249844893
 20
9.03202058834083
 30
0.0
 10
-93.72233201799992
 20
9.034389043877187
 30
0.0
 10
-93.62581783953696
 20
9.039057902071004
 30
0.0
 10
-93.48503517452974
 20
9.077060296262262
 30
0.0
 10
-93.35063123074097
 20
9.137137899275734
 30
0.0
 10
-93.27123188086463
 20
9.196316956125363
 30
0.0
 10
-93.23085132197834
 20
9.226413970693768
 30
0.0
  0
SPLINE
  5
160
330
1F
100
AcDbEntity
  8
0
  6
Continuous
 62
     7
370
    25
100
AcDbSpline
210
0.0
220
0.0
230
1.0
 70
     8
 71
     3
 72
    19
 73
    15
 74
     0
 42
0.00000001
 43
0.00000001
 40
0.0
 40
0.0
 40
0.0
 40
0.0
 40
0.1286250285839183
 40
0.2679450217549478
 40
0.4182581618349164
 40
0.5815313810165933
 40
0.6620021701767451
 40
0.7350401123495494
 40
0.799075307569453
 40
0.8556917048226883
 40
0.9033604216882796
 40
0.9436485576714894
 40
0.9757576117918589
 40
1.0
 40
1.0
 40
1.0
 40
1.0
 10
-95.88618220433129
 20
9.473197058929061
 30
0.0
 10
-95.79321531642599
 20
9.470321631860152
 30
0.0
 10
-95.59955149316768
 20
9.464331690578767
 30
0.0
 10
-95.3000090349077
 20
9.42002485329483
 30
0.0
 10
-94.97994283446694
 20
9.350831195928492
 30
0.0
 10
-94.70661071555143
 20
9.270419594768091
 30
0.0
 10
-94.48784516281425
 20
9.203129355058536
 30
0.0
 10
-94.33749568693375
 20
9.15716305970837
 30
0.0
 10
-94.20244531078377
 20
9.120421026525104
 30
0.0
 10
-94.08523713983625
 20
9.08781535377072
 30
0.0
 10
-93.9832989878973
 20
9.064915791454041
 30
0.0
 10
-93.89863626783604
 20
9.045820885960287
 30
0.0
 10
-93.82940225554488
 20
9.036000222476858
 30
0.0
 10
-93.7887717432102
 20
9.033217650634674
 30
0.0
 10
-93.77129249844893
 20
9.03202058834083
 30
0.0
  0
SPLINE
  5
161
330
1F
100
AcDbEntity
  8
0
  6
Continuous
 62
     7
370
    25
100
AcDbSpline
210
0.0
220
0.0
230
1.0
 70
     8
 71
     3
 72
    15
 73
    11
 74
     0
 42
0.00000001
 43
0.00000001
 40
0.0
 40
0.0
 40
0.0
 40
0.0
 40
0.1303315258172541
 40
0.2570507428235745
 40
0.3819557022536677
 40
0.5057315377760381
 40
0.6290329409982041
 40
0.751556374972416
 40
0.8751202615213897
 40
1.0
 40
1.0
 40
1.0
 40
1.0
 10
-98.52634764550776
 20
8.426781617752594
 30
0.0
 10
-98.43078323778461
 20
8.509421148799143
 30
0.0
 10
-98.24230311496943
 20
8.672409748133845
 30
0.0
 10
-97.93791786132697
 20
8.88412722278773
 30
0.0
 10
-97.62137241349991
 20
9.064170870996923
 30
0.0
 10
-97.29217138757558
 20
9.212227350448964
 30
0.0
 10
-96.95269969778913
 20
9.327722520020703
 30
0.0
 10
-96.60467436952398
 20
9.413023176711759
 30
0.0
 10
-96.24797404408254
 20
9.46364671338725
 30
0.0
 10
-96.00720455318059
 20
9.47000238972208
 30
0.0
 10
-95.8861822043313
 20
9.473197058929065
 30
0.0
  0
SPLINE
  5
162
330
1F
100
AcDbEntity
  8
0
  6
Continuous
 62
     7
370
    25
100
AcDbSpline
210
0.0
220
0.0
230
1.0
 70
     8
 71
     3
 72
    15
 73
    11
 74
     0
 42
0.00000001
 43
0.00000001
 40
0.0
 40
0.0
 40
0.0
 40
0.0
 40
0.0969684985874863
 40
0.2003048563186591
 40
0.3134141753847355
 40
0.4371842026412989
 40
0.569582066921778
 40
0.7067924189433499
 40
0.8498484161628422
 40
1.0
 40
1.0
 40
1.0
 40
1.0
 10
-99.45143955727247
 20
6.841303676576121
 30
0.0
 10
-99.448468328957
 20
6.902256506739649
 30
0.0
 10
-99.44233075366722
 20
7.028164900351682
 30
0.0
 10
-99.3909875338258
 20
7.219342088386909
 30
0.0
 10
-99.31325951937455
 20
7.418502175204758
 30
0.0
 10
-99.20494843845718
 20
7.623978408709688
 30
0.0
 10
-99.07100113744457
 20
7.831819704823537
 30
0.0
 10
-98.91085156106826
 20
8.035762477595462
 30
0.0
 10
-98.73021660722378
 20
8.237125056675815
 30
0.0
 10
-98.5953915492336
 20
8.36255100003748
 30
0.0
 10
-98.52634764550776
 20
8.426781617752594
 30
0.0
  0
SPLINE
  5
163
330
1F
100
AcDbEntity
  8
0
  6
Continuous
 62
     7
370
    25
100
AcDbSpline
210
0.0
220
0.0
230
1.0
 70
     8
 71
     3
 72
    15
 73
    11
 74
     0
 42
0.00000001
 43
0.00000001
 40
0.0
 40
0.0
 40
0.0
 40
0.0
 40
0.1398766737664797
 40
0.2703263842969877
 40
0.3935360639295922
 40
0.5163519646586243
 40
0.6359463248156985
 40
0.7530924632314016
 40
0.8718633532622477
 40
1.0
 40
1.0
 40
1.0
 40
1.0
 10
-98.45879249844894
 20
5.943785294223181
 30
0.0
 10
-98.52893202101315
 20
5.946349108777317
 30
0.0
 10
-98.66448402565084
 20
5.951303950065472
 30
0.0
 10
-98.85714340643312
 20
5.999155395838756
 30
0.0
 10
-99.0297827259232
 20
6.077424600420263
 30
0.0
 10
-99.17874288400324
 20
6.186175917639805
 30
0.0
 10
-99.30008997908377
 20
6.320934697433823
 30
0.0
 10
-99.38907792325332
 20
6.47669367173858
 30
0.0
 10
-99.44161744593349
 20
6.65328051812095
 30
0.0
 10
-99.44808375956593
 20
6.777064160025724
 30
0.0
 10
-99.45143955727247
 20
6.841303676576121
 30
0.0
  0
SPLINE
  5
164
330
1F
100
AcDbEntity
  8
0
  6
Continuous
 62
     7
370
    25
100
AcDbSpline
210
0.0
220
0.0
230
1.0
 70
     8
 71
     3
 72
    23
 73
    19
 74
     0
 42
0.00000001
 43
0.00000001
 40
0.0
 40
0.0
 40
0.0
 40
0.0
 40
0.067982655735681
 40
0.1338517459960022
 40
0.1982658597221015
 40
0.2612410678308475
 40
0.323871681450597
 40
0.3870184816333193
 40
0.4503549370360154
 40
0.5154915950181284
 40
0.5797780736767784
 40
0.6419008038156945
 40
0.7020965126814651
 40
0.761700218124222
 40
0.8202111974774564
 40
0.8792876205602796
 40
0.9386480400843077
 40
1.0
 40
1.0
 40
1.0
 40
1.0
 10
-96.80438073374305
 20
7.722277941282004
 30
0.0
 10
-96.80617328666962
 20
7.661098807362849
 30
0.0
 10
-96.80970266245544
 20
7.540642585036957
 30
0.0
 10
-96.83155062141886
 20
7.363214511212819
 30
0.0
 10
-96.87026007011953
 20
7.193348662183019
 30
0.0
 10
-96.92445944659973
 20
7.030892984352378
 30
0.0
 10
-96.99339328411793
 20
6.875275623551304
 30
0.0
 10
-97.0795107296486
 20
6.728141400504801
 30
0.0
 10
-97.17935317760474
 20
6.587213849483073
 30
0.0
 10
-97.29426111971027
 20
6.456848710779235
 30
0.0
 10
-97.41896466433835
 20
6.337575734630379
 30
0.0
 10
-97.54989458169749
 20
6.231986452475629
 30
0.0
 10
-97.68766052084767
 20
6.142950468756533
 30
0.0
 10
-97.83083970248386
 20
6.069897455142019
 30
0.0
 10
-97.97993171876983
 20
6.012339765045491
 30
0.0
 10
-98.13450655620457
 20
5.972808405244258
 30
0.0
 10
-98.29488873040675
 20
5.948646019118295
 30
0.0
 10
-98.4035602797588
 20
5.94542325913153
 30
0.0
 10
-98.45879249844894
 20
5.943785294223181
 30
0.0
  0
SPLINE
  5
165
330
1F
100
AcDbEntity
  8
0
  6
Continuous
 62
     7
370
    25
100
AcDbSpline
210
0.0
220
0.0
230
1.0
 70
     8
 71
     3
 72
     8
 73
     4
 74
     0
 42
0.00000001
 43
0.00000001
 40
0.9091755624367497
 40
0.9091755624367497
 40
0.9091755624367497
 40
0.9091755624367497
 40
0.9999999999999999
 40
0.9999999999999999
 40
0.9999999999999999
 40
0.9999999999999999
 10
-123.2081882683719
 20
5.139012588748822
 30
0.0
 10
-123.2415234784367
 20
5.104005182735882
 30
0.0
 10
-123.274790341384
 20
5.068932003185414
 30
0.0
 10
-123.3080572043313
 20
5.033858823634944
 30
0.0
  0
SPLINE
  5
166
330
1F
100
AcDbEntity
  8
0
  6
Continuous
 62
     7
370
    25
100
AcDbSpline
210
0.0
220
0.0
230
1.0
 70
     8
 71
     3
 72
    12
 73
     8
 74
     0
 42
0.00000001
 43
0.00000001
 40
0.0
 40
0.0
 40
0.0
 40
0.0
 40
0.2500000000000157
 40
0.2500000000000157
 40
0.5000000000000313
 40
0.5000000000000313
 40
1.0
 40
1.0
 40
1.0
 40
1.0
 10
-123.2081882731498
 20
5.139012587585625
 30
0.0
 10
-123.1657681217267
 20
5.149339786923983
 30
0.0
 10
-123.1330986315532
 20
5.17908689518172
 30
0.0
 10
-123.065911684499
 20
5.232455830493624
 30
0.0
 10
-123.0339613776698
 20
5.261201503273293
 30
0.0
 10
-122.9396917230754
 20
5.34901428394631
 30
0.0
 10
-122.8783671341247
 20
5.409172695233879
 30
0.0
 10
-122.8172483808019
 20
5.469520588340828
 30
0.0
  0
SPLINE
  5
167
330
1F
100
AcDbEntity
  8
0
  6
Continuous
 62
     7
370
    25
100
AcDbSpline
210
0.0
220
0.0
230
1.0
 70
     8
 71
     3
 72
    11
 73
     7
 74
     0
 42
0.00000001
 43
0.00000001
 40
0.0
 40
0.0
 40
0.0
 40
0.0
 40
0.2093040126454719
 40
0.446322018869729
 40
0.7092698879927667
 40
1.0
 40
1.0
 40
1.0
 40
1.0
 10
-122.4615498513901
 20
5.805917647164358
 30
0.0
 10
-122.4869699183709
 20
5.783094623925143
 30
0.0
 10
-122.5411759293845
 20
5.734426575567695
 30
0.0
 10
-122.6241882069354
 20
5.653727682813237
 30
0.0
 10
-122.7190029164569
 20
5.566175725895137
 30
0.0
 10
-122.783422420244
 20
5.502798998620894
 30
0.0
 10
-122.8172483808019
 20
5.469520588340826
 30
0.0
  0
SPLINE
  5
168
330
1F
100
AcDbEntity
  8
0
  6
Continuous
 62
     7
370
    25
100
AcDbSpline
210
0.0
220
0.0
230
1.0
 70
     8
 71
     3
 72
    15
 73
    11
 74
     0
 42
0.00000001
 43
0.00000001
 40
0.0
 40
0.0
 40
0.0
 40
0.0
 40
0.0719434330508261
 40
0.1574863563206148
 40
0.2564424001835552
 40
0.3704398485102287
 40
0.5011017080536978
 40
0.6497361959173432
 40
0.8155576157729337
 40
0.9999999999999999
 40
0.9999999999999999
 40
0.9999999999999999
 40
0.9999999999999999
 10
-123.1867336749195
 20
4.125311029517298
 30
0.0
 10
-123.1841911432448
 20
4.169570448339998
 30
0.0
 10
-123.1786254643176
 20
4.26645565811767
 30
0.0
 10
-123.1430189147448
 20
4.420899726877401
 30
0.0
 10
-123.0845247673466
 20
4.59505778699105
 30
0.0
 10
-123.0068616275291
 20
4.791857344029912
 30
0.0
 10
-122.905059500121
 20
5.011540728211981
 30
0.0
 10
-122.7791343112662
 20
5.254847745824305
 30
0.0
 10
-122.6293659153707
 20
5.522887610271328
 30
0.0
 10
-122.5194365855049
 20
5.708288826040284
 30
0.0
 10
-122.4615498513901
 20
5.805917647164358
 30
0.0
  0
SPLINE
  5
169
330
1F
100
AcDbEntity
  8
0
  6
Continuous
 62
     7
370
    25
100
AcDbSpline
210
0.0
220
0.0
230
1.0
 70
     8
 71
     3
 72
    15
 73
    11
 74
     0
 42
0.00000001
 43
0.00000001
 40
0.0
 40
0.0
 40
0.0
 40
0.0
 40
0.1350236022337982
 40
0.2577918448875469
 40
0.3763717764353381
 40
0.4939005759479335
 40
0.612892271084738
 40
0.7333140515952272
 40
0.8609510765451861
 40
1.0
 40
1.0
 40
1.0
 40
1.0
 10
-122.5566785278607
 20
3.473197058929062
 30
0.0
 10
-122.6029018061352
 20
3.474980809327501
 30
0.0
 10
-122.6911529265761
 20
3.478386408781411
 30
0.0
 10
-122.815728920152
 20
3.513577138964608
 30
0.0
 10
-122.9273567050225
 20
3.56636029251624
 30
0.0
 10
-123.0205269336252
 20
3.64582665063435
 30
0.0
 10
-123.0959263304908
 20
3.742755600606629
 30
0.0
 10
-123.1485158374425
 20
3.857505288588133
 30
0.0
 10
-123.1808864297974
 20
3.986600722718177
 30
0.0
 10
-123.1847297723817
 20
4.077773782486731
 30
0.0
 10
-123.1867336749195
 20
4.125311029517298
 30
0.0
  0
SPLINE
  5
16A
330
1F
100
AcDbEntity
  8
0
  6
Continuous
 62
     7
370
    25
100
AcDbSpline
210
0.0
220
0.0
230
1.0
 70
     8
 71
     3
 72
    23
 73
    19
 74
     0
 42
0.00000001
 43
0.00000001
 40
0.0
 40
0.0
 40
0.0
 40
0.0
 40
0.0990514306859433
 40
0.1933550346193322
 40
0.281982273049046
 40
0.3663810823775389
 40
0.4446877555265725
 40
0.5183241182957737
 40
0.5878281704410717
 40
0.6513671767385854
 40
0.7104980151326548
 40
0.7651445834938888
 40
0.8146872994833934
 40
0.8599473218679171
 40
0.9007781992343096
 40
0.937442050860724
 40
0.9704440766821867
 40
1.0
 40
1.0
 40
1.0
 40
1.0
 10
-120.9325976455078
 20
4.682296323634945
 30
0.0
 10
-120.9798717763813
 20
4.633525427350849
 30
0.0
 10
-121.0721540498258
 20
4.538321367458702
 30
0.0
 10
-121.2077427452665
 20
4.400440370530259
 30
0.0
 10
-121.3396848325726
 20
4.273156362064913
 30
0.0
 10
-121.4653523695519
 20
4.155192319900411
 30
0.0
 10
-121.586246986226
 20
4.047242142841207
 30
0.0
 10
-121.7006841174507
 20
3.947405760884468
 30
0.0
 10
-121.8099898313838
 20
3.857175184652291
 30
0.0
 10
-121.913885946251
 20
3.776026453548652
 30
0.0
 10
-122.0135397609438
 20
3.706335501910253
 30
0.0
 10
-122.1062702025992
 20
3.643429872564745
 30
0.0
 10
-122.1953968801604
 20
3.592698694859226
 30
0.0
 10
-122.2777077395532
 20
3.549372656099541
 30
0.0
 10
-122.3550280587927
 20
3.515662287304742
 30
0.0
 10
-122.4271767024524
 20
3.492601698433158
 30
0.0
 10
-122.4933651980731
 20
3.475293458440377
 30
0.0
 10
-122.5363636298949
 20
3.473869715734677
 30
0.0
 10
-122.5566785278607
 20
3.473197058929062
 30
0.0
  0
SPLINE
  5
16B
330
1F
100
AcDbEntity
  8
0
  6
Continuous
 62
     7
370
    25
100
AcDbSpline
210
0.0
220
0.0
230
1.0
 70
     8
 71
     3
 72
    11
 73
     7
 74
     0
 42
0.00000001
 43
0.00000001
 40
0.0
 40
0.0
 40
0.0
 40
0.0
 40
0.1956933294140265
 40
0.4262768562217036
 40
0.6943783656890136
 40
0.9999999999999999
 40
0.9999999999999999
 40
0.9999999999999999
 40
0.9999999999999999
 10
-120.6802998513901
 20
4.94424485304671
 30
0.0
 10
-120.6968868966836
 20
4.927282526518018
 30
0.0
 10
-120.7330182944316
 20
4.890333657343437
 30
0.0
 10
-120.7908786917526
 20
4.829187449079845
 30
0.0
 10
-120.8585341248556
 20
4.758970741099988
 30
0.0
 10
-120.9068564177339
 20
4.708944984500852
 30
0.0
 10
-120.9325976455078
 20
4.682296323634945
 30
0.0
  0
SPLINE
  5
16C
330
1F
100
AcDbEntity
  8
0
  6
Continuous
 62
     7
370
    25
100
AcDbSpline
210
0.0
220
0.0
230
1.0
 70
     8
 71
     3
 72
     9
 73
     5
 74
     0
 42
0.00000001
 43
0.00000001
 40
0.0
 40
0.0
 40
0.0
 40
0.0
 40
0.5935093006762763
 40
1.0
 40
1.0
 40
1.0
 40
1.0
 10
-120.5355388219784
 20
5.094520588340828
 30
0.0
 10
-120.5639246212536
 20
5.064546104250316
 30
0.0
 10
-120.6117516717192
 20
5.014042288966619
 30
0.0
 10
-120.6604887019064
 20
4.964417050809359
 30
0.0
 10
-120.6802998513901
 20
4.94424485304671
 30
0.0
  0
SPLINE
  5
16D
330
1F
100
AcDbEntity
  8
0
  6
Continuous
 62
     7
370
    25
100
AcDbSpline
210
0.0
220
0.0
230
1.0
 70
     8
 71
     3
 72
    10
 73
     6
 74
     0
 42
0.00000001
 43
0.00000001
 40
0.5891723892621024
 40
0.5891723892621024
 40
0.5891723892621024
 40
0.5891723892621024
 40
0.6752494400319258
 40
0.8309111193119532
 40
0.9999999999999999
 40
0.9999999999999999
 40
0.9999999999999999
 40
0.9999999999999999
 10
-120.0934862890378
 20
5.540207005686939
 30
0.0
 10
-120.1252351608775
 20
5.509966729838125
 30
0.0
 10
-120.2137916433793
 20
5.424404151299338
 30
0.0
 10
-120.3617672841647
 20
5.276406925284156
 30
0.0
 10
-120.4760400610343
 20
5.156797827852791
 30
0.0
 10
-120.5355388219784
 20
5.094520588340828
 30
0.0
  0
SPLINE
  5
16E
330
1F
100
AcDbEntity
  8
0
  6
Continuous
 62
     7
370
    25
100
AcDbSpline
210
0.0
220
0.0
230
1.0
 70
     8
 71
     3
 72
    10
 73
     6
 74
     0
 42
0.00000001
 43
0.00000001
 40
0.0
 40
0.0
 40
0.0
 40
0.0
 40
0.2095715622967557
 40
0.4459583657277844
 40
0.6992737908023046
 40
0.6992737908023046
 40
0.6992737908023046
 40
0.6992737908023046
 10
-119.8434432337431
 20
5.75077058834083
 30
0.0
 10
-119.8688297148284
 20
5.730222854823837
 30
0.0
 10
-119.922850945058
 20
5.686498250406031
 30
0.0
 10
-120.0051985895053
 20
5.615116456289853
 30
0.0
 10
-120.063573379745
 20
5.565962171468812
 30
0.0
 10
-120.0934862890378
 20
5.540207005686918
 30
0.0
  0
SPLINE
  5
16F
330
1F
100
AcDbEntity
  8
0
  6
Continuous
 62
     7
370
    25
100
AcDbSpline
210
0.0
220
0.0
230
1.0
 70
     8
 71
     3
 72
    11
 73
     7
 74
     0
 42
0.00000001
 43
0.00000001
 40
0.0
 40
0.0
 40
0.0
 40
0.0
 40
0.3041659570860166
 40
0.5765272925573636
 40
0.8057420043612681
 40
0.9999999999999999
 40
0.9999999999999999
 40
0.9999999999999999
 40
0.9999999999999999
 10
-120.0281858808019
 20
5.410237500105533
 30
0.0
 10
-120.0094517648174
 20
5.444762915337721
 30
0.0
 10
-119.9739424354025
 20
5.510203651569101
 30
0.0
 10
-119.922691624502
 20
5.600780954413517
 30
0.0
 10
-119.8817341881776
 20
5.68078278477134
 30
0.0
 10
-119.8554846039104
 20
5.728761498663482
 30
0.0
 10
-119.8434432337431
 20
5.750770588340828
 30
0.0
  0
SPLINE
  5
170
330
1F
100
AcDbEntity
  8
0
  6
Continuous
 62
     7
370
    25
100
AcDbSpline
210
0.0
220
0.0
230
1.0
 70
     8
 71
     3
 72
    15
 73
    11
 74
     0
 42
0.00000001
 43
0.00000001
 40
0.0
 40
0.0
 40
0.0
 40
0.0
 40
0.0680347917627474
 40
0.1522212232014465
 40
0.2516719893804513
 40
0.3669871921471689
 40
0.4999761510670634
 40
0.6494027383893937
 40
0.8158997547364895
 40
1.0
 40
1.0
 40
1.0
 40
1.0
 10
-120.5396748513901
 20
4.112902941282004
 30
0.0
 10
-120.5376311305996
 20
4.144702764444046
 30
0.0
 10
-120.5330585042925
 20
4.215851772971858
 30
0.0
 10
-120.5077792613018
 20
4.331243373181578
 30
0.0
 10
-120.4673155091087
 20
4.465181830194918
 30
0.0
 10
-120.4090769881244
 20
4.617193645419223
 30
0.0
 10
-120.3381698616359
 20
4.789257032650696
 30
0.0
 10
-120.2485784706305
 20
4.97926973032714
 30
0.0
 10
-120.1455758772606
 20
5.189318324757591
 30
0.0
 10
-120.0686041114121
 20
5.33417341930827
 30
0.0
 10
-120.0281858808019
 20
5.410237500105535
 30
0.0
  0
SPLINE
  5
171
330
1F
100
AcDbEntity
  8
0
  6
Continuous
 62
     7
370
    25
100
AcDbSpline
210
0.0
220
0.0
230
1.0
 70
     8
 71
     3
 72
    15
 73
    11
 74
     0
 42
0.00000001
 43
0.00000001
 40
0.0
 40
0.0
 40
0.0
 40
0.0
 40
0.1329107384158175
 40
0.25425199329952
 40
0.3689501180218885
 40
0.4837260892237432
 40
0.6018093213023216
 40
0.7229786988374287
 40
0.8545536170342891
 40
1.0
 40
1.0
 40
1.0
 40
1.0
 10
-119.9592520572725
 20
3.473197058929062
 30
0.0
 10
-120.0026749129195
 20
3.475183384295822
 30
0.0
 10
-120.0857407940861
 20
3.478983131328002
 30
0.0
 10
-120.2027056845429
 20
3.51142210918674
 30
0.0
 10
-120.3052947896277
 20
3.564368096957852
 30
0.0
 10
-120.390383557797
 20
3.640886548833133
 30
0.0
 10
-120.4587076944864
 20
3.735199454449638
 30
0.0
 10
-120.505362087082
 20
3.847648364887931
 30
0.0
 10
-120.5350250317574
 20
3.974884093075261
 30
0.0
 10
-120.5380740201966
 20
4.065386070745063
 30
0.0
 10
-120.5396748513901
 20
4.112902941282004
 30
0.0
  0
SPLINE
  5
172
330
1F
100
AcDbEntity
  8
0
  6
Continuous
 62
     7
370
    25
100
AcDbSpline
210
0.0
220
0.0
230
1.0
 70
     8
 71
     3
 72
    15
 73
    11
 74
     0
 42
0.00000001
 43
0.00000001
 40
0.0
 40
0.0
 40
0.0
 40
0.0
 40
0.1865300142271363
 40
0.3541052466779822
 40
0.5039376012852351
 40
0.6350145100458013
 40
0.7497884834413046
 40
0.8476931118834544
 40
0.9303901000347846
 40
1.0
 40
1.0
 40
1.0
 40
1.0
 10
-118.4261638219784
 20
4.501689705987886
 30
0.0
 10
-118.5100531495921
 20
4.420541020881661
 30
0.0
 10
-118.6693071504636
 20
4.266489806785127
 30
0.0
 10
-118.9062472425637
 20
4.05842373285358
 30
0.0
 10
-119.1222062357125
 20
3.879048023746897
 30
0.0
 10
-119.3235693461575
 20
3.734878128929699
 30
0.0
 10
-119.505722656281
 20
3.619818061765274
 30
0.0
 10
-119.6719459310517
 20
3.539008379661607
 30
0.0
 10
-119.8204563856707
 20
3.485390998303775
 30
0.0
 10
-119.9157152302514
 20
3.47702200118509
 30
0.0
 10
-119.9592520572725
 20
3.473197058929062
 30
0.0
  0
SPLINE
  5
174
330
1F
100
AcDbEntity
  8
0
  6
Continuous
 62
     7
370
    25
100
AcDbSpline
210
0.0
220
0.0
230
1.0
 70
     8
 71
     3
 72
    14
 73
    10
 74
     0
 42
0.00000001
 43
0.00000001
 40
0.0
 40
0.0
 40
0.0
 40
0.0
 40
0.0001723124093089
 40
0.0001723124093089
 40
0.0001723124093089
 40
0.000344625699643
 40
0.000344625699643
 40
0.000344625699643
 40
0.0006892455110126
 40
0.0006892455110126
 40
0.0006892455110126
 40
0.0006892455110126
 10
-118.3517152925666
 20
4.56924485304671
 30
0.0
 10
-118.3108107876171
 20
4.6095671100318
 30
0.0
 10
-118.2698997333273
 20
4.649882723275147
 30
0.0
 10
-118.2289984584175
 20
4.690208256678745
 30
0.0
 10
-118.188097078834
 20
4.730533893282479
 30
0.0
 10
-118.1472433280236
 20
4.770908492551708
 30
0.0
 10
-118.1065683487836
 20
4.811462479817473
 30
0.0
 10
-118.0252204231078
 20
4.892568427591681
 30
0.0
 10
-117.9444418407424
 20
4.974244080689786
 30
0.0
 10
-117.8636638219784
 20
5.055917647164357
 30
0.0
  0
SPLINE
  5
175
330
1F
100
AcDbEntity
  8
0
  6
Continuous
 62
     7
370
    25
100
AcDbSpline
210
0.0
220
0.0
230
1.0
 70
     8
 71
     3
 72
    15
 73
    11
 74
     0
 42
0.00000001
 43
0.00000001
 40
0.0
 40
0.0
 40
0.0
 40
0.0
 40
0.071068511888621
 40
0.1562332187797983
 40
0.2573956169887095
 40
0.3747273336322579
 40
0.5069355813565763
 40
0.6555215853822376
 40
0.819858494566773
 40
1.0
 40
1.0
 40
1.0
 40
1.0
 10
-116.7455572043313
 20
6.015476470693769
 30
0.0
 10
-116.7762195354309
 20
5.998546761893483
 30
0.0
 10
-116.8436259655878
 20
5.961329394756
 30
0.0
 10
-116.9467617118952
 20
5.887269698973741
 30
0.0
 10
-117.0653063668968
 20
5.796177189328453
 30
0.0
 10
-117.1986424170947
 20
5.686294411256367
 30
0.0
 10
-117.3446828208089
 20
5.555442282221133
 30
0.0
 10
-117.5059129750849
 20
5.40691039988709
 30
0.0
 10
-117.6809084151176
 20
5.238540381098318
 30
0.0
 10
-117.8009101352431
 20
5.118625777297881
 30
0.0
 10
-117.8636638219784
 20
5.055917647164357
 30
0.0
  0
SPLINE
  5
176
330
1F
100
AcDbEntity
  8
0
  6
Continuous
 62
     7
370
    25
100
AcDbSpline
210
0.0
220
0.0
230
1.0
 70
     8
 71
     3
 72
     9
 73
     5
 74
     0
 42
0.00000001
 43
0.00000001
 40
0.0
 40
0.0
 40
0.0
 40
0.0
 40
0.609639959757034
 40
1.0
 40
1.0
 40
1.0
 40
1.0
 10
-116.7772667631549
 20
6.019612500105534
 30
0.0
 10
-116.7708407336272
 20
6.01863198947585
 30
0.0
 10
-116.7603000375576
 20
6.017023645708363
 30
0.0
 10
-116.7496964292838
 20
6.015910858394423
 30
0.0
 10
-116.7455572043313
 20
6.015476470693771
 30
0.0
  0
SPLINE
  5
177
330
1F
100
AcDbEntity
  8
0
  6
Continuous
 62
     7
370
    25
100
AcDbSpline
210
0.0
220
0.0
230
1.0
 70
     8
 71
     3
 72
     9
 73
     5
 74
     0
 42
0.00000001
 43
0.00000001
 40
0.0
 40
0.0
 40
0.0
 40
0.0
 40
0.3486429231745706
 40
1.0
 40
1.0
 40
1.0
 40
1.0
 10
-116.8517152925666
 20
6.032020588340829
 30
0.0
 10
-116.8429623627995
 20
6.031241408008186
 30
0.0
 10
-116.8178566480828
 20
6.029006512988528
 30
0.0
 10
-116.7932769339207
 20
6.023317850606039
 30
0.0
 10
-116.7772667631549
 20
6.019612500105534
 30
0.0
  0
SPLINE
  5
178
330
1F
100
AcDbEntity
  8
0
  6
Continuous
 62
     7
370
    25
100
AcDbSpline
210
0.0
220
0.0
230
1.0
 70
     8
 71
     3
 72
    23
 73
    19
 74
     0
 42
0.00000001
 43
0.00000001
 40
0.0
 40
0.0
 40
0.0
 40
0.0
 40
0.1093459969667282
 40
0.2123101985408839
 40
0.3094591356981216
 40
0.3997393373010516
 40
0.4836482507432803
 40
0.5617687664941012
 40
0.633529513126669
 40
0.6984709317573253
 40
0.7576766504086492
 40
0.810565383590155
 40
0.8571574731284727
 40
0.8977212797831735
 40
0.9314497693917064
 40
0.960132712147986
 40
0.9825284738369509
 40
0.9999999999999999
 40
0.9999999999999999
 40
0.9999999999999999
 40
0.9999999999999999
 10
-118.2951895572725
 20
4.924943382458475
 30
0.0
 10
-118.2455775226887
 20
4.969543223435878
 30
0.0
 10
-118.1492489765625
 20
5.056139910607563
 30
0.0
 10
-118.0085074490822
 20
5.181988384651155
 30
0.0
 10
-117.8753671734706
 20
5.298884368815663
 30
0.0
 10
-117.7494433197251
 20
5.406346228887596
 30
0.0
 10
-117.6322953730164
 20
5.50621420478855
 30
0.0
 10
-117.5220298295251
 20
5.596697654997932
 30
0.0
 10
-117.4205224408424
 20
5.679613861146984
 30
0.0
 10
-117.3262491800077
 20
5.753101408051055
 30
0.0
 10
-117.2396688063589
 20
5.817704986066773
 30
0.0
 10
-117.1609792560859
 20
5.874060991647267
 30
0.0
 10
-117.0911583063868
 20
5.923462617005129
 30
0.0
 10
-117.027570890931
 20
5.960740886196355
 30
0.0
 10
-116.9737502280191
 20
5.993602935887918
 30
0.0
 10
-116.9255557073201
 20
6.012313430699346
 30
0.0
 10
-116.8867912089409
 20
6.029127992756774
 30
0.0
 10
-116.8624031625749
 20
6.031139194815446
 30
0.0
 10
-116.8517152925666
 20
6.032020588340827
 30
0.0
  0
SPLINE
  5
17A
330
1F
100
AcDbEntity
  8
0
  6
Continuous
 62
     7
370
    25
100
AcDbSpline
210
0.0
220
0.0
230
1.0
 70
     8
 71
     3
 72
    19
 73
    15
 74
     0
 42
0.00000001
 43
0.00000001
 40
0.0
 40
0.0
 40
0.0
 40
0.0
 40
0.0410137112808773
 40
0.1008458895700454
 40
0.1810575949594112
 40
0.2821665950536869
 40
0.3424795324371212
 40
0.4111375816210741
 40
0.4883113216046145
 40
0.5738958906210403
 40
0.6679921051537373
 40
0.7699827349034155
 40
0.8810349062231456
 40
1.0
 40
1.0
 40
1.0
 40
1.0
 10
-119.7193623513901
 20
3.737902941282003
 30
0.0
 10
-119.6960472487237
 20
3.741918524248534
 30
0.0
 10
-119.6387192919165
 20
3.751792174395158
 30
0.0
 10
-119.5467726469938
 20
3.803371606529316
 30
0.0
 10
-119.4331302840254
 20
3.881493295176345
 30
0.0
 10
-119.3236809012636
 20
3.966900436685218
 30
0.0
 10
-119.2214895636624
 20
4.050434806034873
 30
0.0
 10
-119.1343150615125
 20
4.130396471538695
 30
0.0
 10
-119.033910054718
 20
4.217271281254618
 30
0.0
 10
-118.9276406374084
 20
4.319389613659696
 30
0.0
 10
-118.8083205572003
 20
4.428353348160361
 30
0.0
 10
-118.6818068302436
 20
4.55099925761332
 30
0.0
 10
-118.5437956520217
 20
4.68225115546839
 30
0.0
 10
-118.4499069495023
 20
4.774968069488912
 30
0.0
 10
-118.4013476455078
 20
4.822921323634946
 30
0.0
  0
SPLINE
  5
17B
330
1F
100
AcDbEntity
  8
0
  6
Continuous
 62
     7
370
    25
100
AcDbSpline
210
0.0
220
0.0
230
1.0
 70
     8
 71
     3
 72
    11
 73
     7
 74
     0
 42
0.00000001
 43
0.00000001
 40
0.0
 40
0.0
 40
0.0
 40
0.0
 40
0.2188836481370292
 40
0.4444603724154797
 40
0.7058839353052931
 40
1.0
 40
1.0
 40
1.0
 40
1.0
 10
-119.833792498449
 20
3.819244853046709
 30
0.0
 10
-119.8321336393828
 20
3.80774443817837
 30
0.0
 10
-119.8287651962644
 20
3.784391946026399
 30
0.0
 10
-119.801835139907
 20
3.75655698600195
 30
0.0
 10
-119.763663627147
 20
3.740641460341454
 30
0.0
 10
-119.7346976419143
 20
3.738850904623126
 30
0.0
 10
-119.7193623513901
 20
3.737902941282003
 30
0.0
  0
SPLINE
  5
17C
330
1F
100
AcDbEntity
  8
0
  6
Continuous
 62
     7
370
    25
100
AcDbSpline
210
0.0
220
0.0
230
1.0
 70
     8
 71
     3
 72
    19
 73
    15
 74
     0
 42
0.00000001
 43
0.00000001
 40
0.0
 40
0.0
 40
0.0
 40
0.0
 40
0.1796049582036272
 40
0.347439017839959
 40
0.5038750686705048
 40
0.6484039509832077
 40
0.7147553364986985
 40
0.7741018198642706
 40
0.8276927516753562
 40
0.8746102663144808
 40
0.9146675263640043
 40
0.9490695219152222
 40
0.9775856370390598
 40
1.0
 40
1.0
 40
1.0
 40
1.0
 10
-119.0258880866843
 20
5.546726470693769
 30
0.0
 10
-119.0836893601191
 20
5.447666841458958
 30
0.0
 10
-119.1955037436026
 20
5.256039724740324
 30
0.0
 10
-119.3518601300176
 20
4.974792706731936
 30
0.0
 10
-119.4898633656411
 20
4.709085379440701
 30
0.0
 10
-119.5912715488248
 20
4.497559287272495
 30
0.0
 10
-119.663067930618
 20
4.340629319377715
 30
0.0
 10
-119.7070493279903
 20
4.234908926897607
 30
0.0
 10
-119.7456058155792
 20
4.140412426933024
 30
0.0
 10
-119.7781346708817
 20
4.056693462241926
 30
0.0
 10
-119.8010588993346
 20
3.982645918691078
 30
0.0
 10
-119.8202971459124
 20
3.919707209412694
 30
0.0
 10
-119.8299288254415
 20
3.865929861508634
 30
0.0
 10
-119.8326117505202
 20
3.833511905910699
 30
0.0
 10
-119.833792498449
 20
3.819244853046709
 30
0.0
  0
SPLINE
  5
184
330
1F
100
AcDbEntity
  8
0
  6
Continuous
 62
     7
370
    25
100
AcDbSpline
210
0.0
220
0.0
230
1.0
 70
     8
 71
     3
 72
     9
 73
     5
 74
     0
 42
0.00000001
 43
0.00000001
 40
0.0
 40
0.0
 40
0.0
 40
0.0
 40
0.602695297999675
 40
1.0
 40
1.0
 40
1.0
 40
1.0
 10
-119.1279101455078
 20
6.950219117752593
 30
0.0
 10
-119.1143482427177
 20
6.971216769701426
 30
0.0
 10
-119.0918461544566
 20
7.00605635119231
 30
0.0
 10
-119.0712824198429
 20
7.042069151209041
 30
0.0
 10
-119.0631123513902
 20
7.056377205987889
 30
0.0
  0
SPLINE
  5
185
330
1F
100
AcDbEntity
  8
0
  6
Continuous
 62
     7
370
    25
100
AcDbSpline
210
0.0
220
0.0
230
1.0
 70
     8
 71
     3
 72
    11
 73
     7
 74
     0
 42
0.00000001
 43
0.00000001
 40
0.0
 40
0.0
 40
0.0
 40
0.0
 40
0.212980679837569
 40
0.4507120337554885
 40
0.7127048952714591
 40
1.0
 40
1.0
 40
1.0
 40
1.0
 10
-119.950979998449
 20
5.854171323634947
 30
0.0
 10
-119.8831248546459
 20
5.924328134822247
 30
0.0
 10
-119.7395290604752
 20
6.072794742573443
 30
0.0
 10
-119.5383626242593
 20
6.330396893612233
 30
0.0
 10
-119.3288659492841
 20
6.623861413697804
 30
0.0
 10
-119.1969213659053
 20
6.838143014352208
 30
0.0
 10
-119.1279101455078
 20
6.950219117752593
 30
0.0
  0
SPLINE
  5
187
330
1F
100
AcDbEntity
  8
0
  6
Continuous
 62
     7
370
    25
100
AcDbSpline
210
0.0
220
0.0
230
1.0
 70
     8
 71
     3
 72
     9
 73
     5
 74
     0
 42
0.00000001
 43
0.00000001
 40
0.0
 40
0.0
 40
0.0
 40
0.0
 40
0.5538943906330276
 40
1.0
 40
1.0
 40
1.0
 40
1.0
 10
-120.4707410278607
 20
5.424024264811416
 30
0.0
 10
-120.4256702075211
 20
5.458351861476055
 30
0.0
 10
-120.3442994243866
 20
5.520326846681103
 30
0.0
 10
-120.267755395548
 20
5.588157854214637
 30
0.0
 10
-120.2336086749196
 20
5.618417647164358
 30
0.0
  0
SPLINE
  5
188
330
1F
100
AcDbEntity
  8
0
  6
Continuous
 62
     7
370
    25
100
AcDbSpline
210
0.0
220
0.0
230
1.0
 70
     8
 71
     3
 72
    11
 73
     7
 74
     0
 42
0.00000001
 43
0.00000001
 40
0.0
 40
0.0
 40
0.0
 40
0.0
 40
0.1165258791998693
 40
0.3176918004059218
 40
0.6115740351849466
 40
1.0
 40
1.0
 40
1.0
 40
1.0
 10
-120.670649116096
 20
5.215844117752593
 30
0.0
 10
-120.6670657213496
 20
5.226720355518851
 30
0.0
 10
-120.6572960878882
 20
5.256372923526336
 30
0.0
 10
-120.6147660088293
 20
5.30030352229875
 30
0.0
 10
-120.5511991725617
 20
5.357350657705434
 30
0.0
 10
-120.4999285083032
 20
5.399837346126392
 30
0.0
 10
-120.4707410278607
 20
5.424024264811416
 30
0.0
  0
SPLINE
  5
189
330
1F
100
AcDbEntity
  8
0
  6
Continuous
 62
     7
370
    25
100
AcDbSpline
210
0.0
220
0.0
230
1.0
 70
     8
 71
     3
 72
     8
 73
     4
 74
     0
 42
0.00000001
 43
0.00000001
 40
0.78982804149339
 40
0.78982804149339
 40
0.78982804149339
 40
0.78982804149339
 40
0.9999999999999999
 40
0.9999999999999999
 40
0.9999999999999999
 40
0.9999999999999999
 10
-120.6662575279981
 20
5.19280641275148
 30
0.0
 10
-120.6686486954235
 20
5.200185768490434
 30
0.0
 10
-120.6696489057598
 20
5.208014943121514
 30
0.0
 10
-120.670649116096
 20
5.215844117752593
 30
0.0
  0
SPLINE
  5
18A
330
1F
100
AcDbEntity
  8
0
  6
Continuous
 62
     7
370
    25
100
AcDbSpline
210
0.0
220
0.0
230
1.0
 70
     8
 71
     3
 72
     8
 73
     4
 74
     0
 42
0.00000001
 43
0.00000001
 40
0.0
 40
0.0
 40
0.0
 40
0.0
 40
0.1097441391725143
 40
0.1097441391725143
 40
0.1097441391725143
 40
0.1097441391725143
 10
-120.7988660278607
 20
5.062811029517299
 30
0.0
 10
-120.7546459095646
 20
5.106125145097078
 30
0.0
 10
-120.7104257912685
 20
5.149439260676859
 30
0.0
 10
-120.6662575280006
 20
5.192806412759151
 30
0.0
  0
SPLINE
  5
18B
330
1F
100
AcDbEntity
  8
0
  6
Continuous
 62
     7
370
    25
100
AcDbSpline
210
0.0
220
0.0
230
1.0
 70
     8
 71
     3
 72
    14
 73
    10
 74
     0
 42
0.00000001
 43
0.00000001
 40
0.0
 40
0.0
 40
0.0
 40
0.0
 40
0.0001228394006502
 40
0.0001228394006502
 40
0.0001228394006502
 40
0.0002456763941354
 40
0.0002456763941354
 40
0.0002456763941354
 40
0.0004913395204893
 40
0.0004913395204893
 40
0.0004913395204893
 40
0.0004913395204893
 10
-120.7988660278607
 20
5.062811029517299
 30
0.0
 10
-120.8281786075833
 20
5.034221069387224
 30
0.0
 10
-120.8574691053548
 20
5.005606473540026
 30
0.0
 10
-120.8864789632839
 20
4.976709392490845
 30
0.0
 10
-120.9154887640174
 20
4.947812368415055
 30
0.0
 10
-120.9443156678129
 20
4.918732312285552
 30
0.0
 10
-120.9732291229883
 20
4.889738888050822
 30
0.0
 10
-121.0310525700527
 20
4.831755512446381
 30
0.0
 10
-121.0892960547134
 20
4.774191174748201
 30
0.0
 10
-121.1476711749195
 20
4.71676323539965
 30
0.0
  0
SPLINE
  5
18C
330
1F
100
AcDbEntity
  8
0
  6
Continuous
 62
     7
370
    25
100
AcDbSpline
210
0.0
220
0.0
230
1.0
 70
     8
 71
     3
 72
    15
 73
    11
 74
     0
 42
0.00000001
 43
0.00000001
 40
0.0
 40
0.0
 40
0.0
 40
0.0
 40
0.0411907031185189
 40
0.103641776073628
 40
0.191201229992616
 40
0.3032682841729382
 40
0.4388687535955312
 40
0.600660878345965
 40
0.7880921500686998
 40
1.0
 40
1.0
 40
1.0
 40
1.0
 10
-122.3360902925666
 20
3.737902941282003
 30
0.0
 10
-122.3150614245415
 20
3.741993684609835
 30
0.0
 10
-122.262149746276
 20
3.752286587421858
 30
0.0
 10
-122.1767555513711
 20
3.805066703881865
 30
0.0
 10
-122.065779618562
 20
3.88173672390317
 30
0.0
 10
-121.9303040433049
 20
3.990311325607003
 30
0.0
 10
-121.7696373930064
 20
4.12791980226339
 30
0.0
 10
-121.5838606682042
 20
4.296179207829406
 30
0.0
 10
-121.3739135382642
 20
4.496264680887274
 30
0.0
 10
-121.2261051549774
 20
4.640320526033761
 30
0.0
 10
-121.1476711749195
 20
4.71676323539965
 30
0.0
  0
SPLINE
  5
18D
330
1F
100
AcDbEntity
  8
0
  6
Continuous
 62
     7
370
    25
100
AcDbSpline
210
0.0
220
0.0
230
1.0
 70
     8
 71
     3
 72
    11
 73
     7
 74
     0
 42
0.00000001
 43
0.00000001
 40
0.0
 40
0.0
 40
0.0
 40
0.0
 40
0.2394098038418509
 40
0.4722286884691887
 40
0.7230177623719782
 40
1.0
 40
1.0
 40
1.0
 40
1.0
 10
-122.4808513219784
 20
3.867498529517298
 30
0.0
 10
-122.479138515328
 20
3.850006153528259
 30
0.0
 10
-122.4757600553606
 20
3.815502964273024
 30
0.0
 10
-122.4437081424877
 20
3.771409322912672
 30
0.0
 10
-122.394678944729
 20
3.742816683529368
 30
0.0
 10
-122.3562554922013
 20
3.739594166284024
 30
0.0
 10
-122.3360902925666
 20
3.737902941282003
 30
0.0
  0
SPLINE
  5
18E
330
1F
100
AcDbEntity
  8
0
  6
Continuous
 62
     7
370
    25
100
AcDbSpline
210
0.0
220
0.0
230
1.0
 70
     8
 71
     3
 72
    15
 73
    11
 74
     0
 42
0.00000001
 43
0.00000001
 40
0.0
 40
0.0
 40
0.0
 40
0.0
 40
0.2077290444765579
 40
0.3911962914731624
 40
0.551763340166938
 40
0.6876026500910466
 40
0.8006232470796012
 40
0.8898444415142743
 40
0.956646292270897
 40
1.0
 40
1.0
 40
1.0
 40
1.0
 10
-122.0479469102137
 20
4.763638235399652
 30
0.0
 10
-122.0822742480047
 20
4.703612111764972
 30
0.0
 10
-122.146919648333
 20
4.590570639800534
 30
0.0
 10
-122.2332970439558
 20
4.428488794645577
 30
0.0
 10
-122.3081434542063
 20
4.287351433991095
 30
0.0
 10
-122.3685841786976
 20
4.165258261303468
 30
0.0
 10
-122.4184157654743
 20
4.064193004606337
 30
0.0
 10
-122.4506846879174
 20
3.980778529258024
 30
0.0
 10
-122.4742232222511
 20
3.918295387124456
 30
0.0
 10
-122.4789794304278
 20
3.881844452552172
 30
0.0
 10
-122.4808513219784
 20
3.867498529517298
 30
0.0
  0
SPLINE
  5
18F
330
1F
100
AcDbEntity
  8
0
  6
Continuous
 62
     7
370
    25
100
AcDbSpline
210
0.0
220
0.0
230
1.0
 70
     8
 71
     3
 72
    11
 73
     7
 74
     0
 42
0.00000001
 43
0.00000001
 40
0.0
 40
0.0
 40
0.0
 40
0.0
 40
0.2035413902440511
 40
0.4372823848209479
 40
0.702702577636906
 40
0.9999999999999999
 40
0.9999999999999999
 40
0.9999999999999999
 40
0.9999999999999999
 10
-121.6977630866842
 20
5.390936029517297
 30
0.0
 10
-121.7210283101796
 20
5.348100998280259
 30
0.0
 10
-121.7710106376133
 20
5.256075466810946
 30
0.0
 10
-121.855164392767
 20
5.110330031826313
 30
0.0
 10
-121.9463663601473
 20
4.942802337622492
 30
0.0
 10
-122.0128316687601
 20
4.825573228912177
 30
0.0
 10
-122.0479469102137
 20
4.76363823539965
 30
0.0
  0
SPLINE
  5
193
330
1F
100
AcDbEntity
  8
0
  6
Continuous
 62
     7
370
    25
100
AcDbSpline
210
0.0
220
0.0
230
1.0
 70
     8
 71
     3
 72
    11
 73
     7
 74
     0
 42
0.00000001
 43
0.00000001
 40
0.0
 40
0.0
 40
0.0
 40
0.0
 40
0.2772058088194262
 40
0.5403141540797509
 40
0.7837986580454142
 40
1.0
 40
1.0
 40
1.0
 40
1.0
 10
-122.6311270572725
 20
5.91207573539965
 30
0.0
 10
-122.5763418517538
 20
5.969938773963887
 30
0.0
 10
-122.4695575743898
 20
6.082722192419183
 30
0.0
 10
-122.323866143722
 20
6.254611984365832
 30
0.0
 10
-122.1932503478181
 20
6.416226266317228
 30
0.0
 10
-122.1159926349993
 20
6.523423157525531
 30
0.0
 10
-122.0796564690372
 20
6.573840441282004
 30
0.0
  0
SPLINE
  5
195
330
1F
100
AcDbEntity
  8
0
  6
Continuous
 62
     7
370
    25
100
AcDbSpline
210
0.0
220
0.0
230
1.0
 70
     8
 71
     3
 72
    12
 73
     8
 74
     0
 42
0.00000001
 43
0.00000001
 40
0.0
 40
0.0
 40
0.0
 40
0.0
 40
0.2499999999999957
 40
0.2499999999999957
 40
0.4999999999999915
 40
0.4999999999999915
 40
1.0
 40
1.0
 40
1.0
 40
1.0
 10
-122.6564255176771
 20
5.887336356992845
 30
0.0
 10
-122.7631420802288
 20
5.801246979910878
 30
0.0
 10
-122.8639405077844
 20
5.708596889694056
 30
0.0
 10
-123.0647621401863
 20
5.522437314568852
 30
0.0
 10
-123.1631987178175
 20
5.427161304041427
 30
0.0
 10
-123.4584432580585
 20
5.141429618337441
 30
0.0
 10
-123.6521458133579
 20
4.947763114788433
 30
0.0
 10
-123.8457410278607
 20
4.753987500105533
 30
0.0
  0
SPLINE
  5
196
330
1F
100
AcDbEntity
  8
0
  6
Continuous
 62
     7
370
    25
100
AcDbSpline
210
0.0
220
0.0
230
1.0
 70
     8
 71
     3
 72
    19
 73
    15
 74
     0
 42
0.00000001
 43
0.00000001
 40
0.0
 40
0.0
 40
0.0
 40
0.0
 40
0.0217965446773841
 40
0.0486794514378976
 40
0.0800729274531463
 40
0.116961501516862
 40
0.1595241802096019
 40
0.2087230447439564
 40
0.2630343271617849
 40
0.3230019380174732
 40
0.4602351641765672
 40
0.6188901777751261
 40
0.7991838883444253
 40
0.9999999999999999
 40
0.9999999999999999
 40
0.9999999999999999
 40
0.9999999999999999
 10
-125.1320461749196
 20
3.737902941282003
 30
0.0
 10
-125.120016950352
 20
3.738856184470941
 30
0.0
 10
-125.0931514052926
 20
3.740985116198943
 30
0.0
 10
-125.0509464245803
 20
3.754958497802864
 30
0.0
 10
-125.0018438129999
 20
3.773681203186555
 30
0.0
 10
-124.9487118693714
 20
3.804308300364202
 30
0.0
 10
-124.8871043516872
 20
3.839556375143964
 30
0.0
 10
-124.820819909273
 20
3.885557538231235
 30
0.0
 10
-124.7472166398219
 20
3.937704742353745
 30
0.0
 10
-124.6377724584549
 20
4.023116678891045
 30
0.0
 10
-124.4863200359607
 20
4.148185105372588
 30
0.0
 10
-124.2914311463329
 20
4.324512571379834
 30
0.0
 10
-124.0735500186502
 20
4.527634598041501
 30
0.0
 10
-123.924355354989
 20
4.675875652861771
 30
0.0
 10
-123.8457410278607
 20
4.753987500105533
 30
0.0
  0
SPLINE
  5
197
330
1F
100
AcDbEntity
  8
0
  6
Continuous
 62
     7
370
    25
100
AcDbSpline
210
0.0
220
0.0
230
1.0
 70
     8
 71
     3
 72
    11
 73
     7
 74
     0
 42
0.00000001
 43
0.00000001
 40
0.0
 40
0.0
 40
0.0
 40
0.0
 40
0.2538725415553528
 40
0.5027645834585447
 40
0.7461274584447277
 40
1.0
 40
1.0
 40
1.0
 40
1.0
 10
-125.2161454396254
 20
3.820623529517297
 30
0.0
 10
-125.2152296458099
 20
3.809340558528352
 30
0.0
 10
-125.2134160243235
 20
3.7869959671256
 30
0.0
 10
-125.1946178299233
 20
3.758262871652953
 30
0.0
 10
-125.1653218372244
 20
3.740864943053785
 30
0.0
 10
-125.1432932624656
 20
3.738904090197797
 30
0.0
 10
-125.1320461749196
 20
3.737902941282003
 30
0.0
  0
SPLINE
  5
198
330
1F
100
AcDbEntity
  8
0
  6
Continuous
 62
     7
370
    25
100
AcDbSpline
210
0.0
220
0.0
230
1.0
 70
     8
 71
     3
 72
    15
 73
    11
 74
     0
 42
0.00000001
 43
0.00000001
 40
0.0
 40
0.0
 40
0.0
 40
0.0
 40
0.2082909991021034
 40
0.3939699899813896
 40
0.5552704549706012
 40
0.6946579050298566
 40
0.8080095514122375
 40
0.8966135074932777
 40
0.9609064137579236
 40
1.0
 40
1.0
 40
1.0
 40
1.0
 10
-124.7377447043313
 20
4.745715441282004
 30
0.0
 10
-124.7746161335197
 20
4.683279279217963
 30
0.0
 10
-124.8443562406322
 20
4.565185006067021
 30
0.0
 10
-124.9410351820941
 20
4.397774528736801
 30
0.0
 10
-125.0221264024
 20
4.24914264102174
 30
0.0
 10
-125.0916761465966
 20
4.122864563149215
 30
0.0
 10
-125.1435630730886
 20
4.015906296580271
 30
0.0
 10
-125.1835608330284
 20
3.932360573339706
 30
0.0
 10
-125.2071739891783
 20
3.869469684788827
 30
0.0
 10
-125.2136838592076
 20
3.834025904084118
 30
0.0
 10
-125.2161454396254
 20
3.820623529517297
 30
0.0
  0
SPLINE
  5
19B
330
1F
100
AcDbEntity
  8
0
  6
Continuous
 62
     7
370
    25
100
AcDbSpline
210
0.0
220
0.0
230
1.0
 70
     8
 71
     3
 72
    11
 73
     7
 74
     0
 42
0.00000001
 43
0.00000001
 40
0.0
 40
0.0
 40
0.0
 40
0.0
 40
0.289111720189376
 40
0.5502527718285984
 40
0.7881982033411821
 40
1.0
 40
1.0
 40
1.0
 40
1.0
 10
-125.2161454396254
 20
5.963086764811415
 30
0.0
 10
-125.1714190431116
 20
6.00428627844853
 30
0.0
 10
-125.0862933912027
 20
6.082699379660626
 30
0.0
 10
-124.9666792691763
 20
6.19752337438869
 30
0.0
 10
-124.8623792586071
 20
6.304702367322959
 30
0.0
 10
-124.7982678874739
 20
6.374262346352518
 30
0.0
 10
-124.7680755866842
 20
6.407020588340827
 30
0.0
  0
SPLINE
  5
19C
330
1F
100
AcDbEntity
  8
0
  6
Continuous
 62
     7
370
    25
100
AcDbSpline
210
0.0
220
0.0
230
1.0
 70
     8
 71
     3
 72
     9
 73
     5
 74
     0
 42
0.00000001
 43
0.00000001
 40
0.0
 40
0.0
 40
0.0
 40
0.0
 40
0.3865836393806227
 40
1.0
 40
1.0
 40
1.0
 40
1.0
 10
-125.2699138219784
 20
5.913454411870238
 30
0.0
 10
-125.2630315555387
 20
5.919900253052857
 30
0.0
 10
-125.2452287678916
 20
5.936574112280178
 30
0.0
 10
-125.2272028392001
 20
5.953006728917994
 30
0.0
 10
-125.2161454396254
 20
5.963086764811415
 30
0.0
  0
SPLINE
  5
19E
330
1F
100
AcDbEntity
  8
0
  6
Continuous
 62
     7
370
    25
100
AcDbSpline
210
0.0
220
0.0
230
1.0
 70
     8
 71
     3
 72
     9
 73
     5
 74
     0
 42
0.00000001
 43
0.00000001
 40
0.0
 40
0.0
 40
0.0
 40
0.0
 40
0.5580093062285018
 40
1.0
 40
1.0
 40
1.0
 40
1.0
 10
-125.7731307337431
 20
5.421266911870238
 30
0.0
 10
-125.7348670716496
 20
5.456063630473932
 30
0.0
 10
-125.6662953441419
 20
5.518422301226001
 30
0.0
 10
-125.5988824763156
 20
5.582031093925574
 30
0.0
 10
-125.569086616096
 20
5.610145588340826
 30
0.0
  0
SPLINE
  5
19F
330
1F
100
AcDbEntity
  8
0
  6
Continuous
 62
     7
370
    25
100
AcDbSpline
210
0.0
220
0.0
230
1.0
 70
     8
 71
     3
 72
    11
 73
     7
 74
     0
 42
0.00000001
 43
0.00000001
 40
0.0
 40
0.0
 40
0.0
 40
0.0
 40
0.1302732965646946
 40
0.3327862983275944
 40
0.6240862450992146
 40
1.0
 40
1.0
 40
1.0
 40
1.0
 10
-125.950979998449
 20
5.213086764811415
 30
0.0
 10
-125.947964205137
 20
5.224892695122782
 30
0.0
 10
-125.9402602879164
 20
5.255051230680243
 30
0.0
 10
-125.9015573722608
 20
5.299972069970519
 30
0.0
 10
-125.8455142534792
 20
5.357009734724558
 30
0.0
 10
-125.7992157155212
 20
5.398110435077354
 30
0.0
 10
-125.7731307337431
 20
5.421266911870238
 30
0.0
  0
SPLINE
  5
1A0
330
1F
100
AcDbEntity
  8
0
  6
Continuous
 62
     7
370
    25
100
AcDbSpline
210
0.0
220
0.0
230
1.0
 70
     8
 71
     3
 72
     9
 73
     5
 74
     0
 42
0.00000001
 43
0.00000001
 40
0.753414769196301
 40
0.753414769196301
 40
0.753414769196301
 40
0.753414769196301
 40
0.8169543315470469
 40
1.0
 40
1.0
 40
1.0
 40
1.0
 10
-125.9413019463101
 20
5.188336375086719
 30
0.0
 10
-125.9429077051003
 20
5.190013772666473
 30
0.0
 10
-125.9483840758354
 20
5.197053429723026
 30
0.0
 10
-125.9498739970164
 20
5.206255709261495
 30
0.0
 10
-125.950979998449
 20
5.213086764811415
 30
0.0
  0
SPLINE
  5
1A1
330
1F
100
AcDbEntity
  8
0
  6
Continuous
 62
     7
370
    25
100
AcDbSpline
210
0.0
220
0.0
230
1.0
 70
     8
 71
     3
 72
     9
 73
     5
 74
     0
 42
0.00000001
 43
0.00000001
 40
0.0
 40
0.0
 40
0.0
 40
0.0
 40
0.1094346711429618
 40
0.1677292591873127
 40
0.1677292591873127
 40
0.1677292591873127
 40
0.1677292591873127
 10
-126.155024116096
 20
4.977333088340828
 30
0.0
 10
-126.1086608149583
 20
5.023341691979261
 30
0.0
 10
-126.0376003176582
 20
5.093858548510369
 30
0.0
 10
-125.9661723685503
 20
5.164003856954931
 30
0.0
 10
-125.9413019463299
 20
5.188336375107012
 30
0.0
  0
SPLINE
  5
1A2
330
1F
100
AcDbEntity
  8
0
  6
Continuous
 62
     7
370
    25
100
AcDbSpline
210
0.0
220
0.0
230
1.0
 70
     8
 71
     3
 72
    17
 73
    13
 74
     0
 42
0.00000001
 43
0.00000001
 40
0.0
 40
0.0
 40
0.0
 40
0.0
 40
0.0002178898810108
 40
0.0002178898810108
 40
0.0002178898810108
 40
0.0004357797545051
 40
0.0004357797545051
 40
0.0004357797545051
 40
0.000653668171525
 40
0.000653668171525
 40
0.000653668171525
 40
0.0008715566300099
 40
0.0008715566300099
 40
0.0008715566300099
 40
0.0008715566300099
 10
-126.155024116096
 20
4.977333088340828
 30
0.0
 10
-126.2067337018988
 20
4.92633083471762
 30
0.0
 10
-126.2584433126293
 20
4.875328556558387
 30
0.0
 10
-126.3102141645062
 20
4.824388493400913
 30
0.0
 10
-126.361985021723
 20
4.773448424989127
 30
0.0
 10
-126.4138549560648
 20
4.722609105688872
 30
0.0
 10
-126.4656192643951
 20
4.67166238243952
 30
0.0
 10
-126.5173830841711
 20
4.620716140028118
 30
0.0
 10
-126.5689582407004
 20
4.569578446241496
 30
0.0
 10
-126.6205344358
 20
4.518442267730698
 30
0.0
 10
-126.6721106488813
 20
4.46730607139166
 30
0.0
 10
-126.72376353458
 20
4.41624723186257
 30
0.0
 10
-126.7754285278607
 20
4.36520073539965
 30
0.0
  0
SPLINE
  5
1A3
330
1F
100
AcDbEntity
  8
0
  6
Continuous
 62
     7
370
    25
100
AcDbSpline
210
0.0
220
0.0
230
1.0
 70
     8
 71
     3
 72
    15
 73
    11
 74
     0
 42
0.00000001
 43
0.00000001
 40
0.0
 40
0.0
 40
0.0
 40
0.0
 40
0.0619410815450677
 40
0.1350819794863254
 40
0.2230934221948877
 40
0.3264863839625853
 40
0.4521930712782065
 40
0.6070213484976462
 40
0.7892644502124877
 40
1.0
 40
1.0
 40
1.0
 40
1.0
 10
-127.6853549984489
 20
3.737902941282003
 30
0.0
 10
-127.662138160745
 20
3.739554447106355
 30
0.0
 10
-127.6115065554157
 20
3.743156074173913
 30
0.0
 10
-127.5335157282166
 20
3.775162421490077
 30
0.0
 10
-127.4450263741733
 20
3.818849784710216
 30
0.0
 10
-127.3452897681867
 20
3.883414532233672
 30
0.0
 10
-127.2310067587294
 20
3.970101176518713
 30
0.0
 10
-127.0962692089539
 20
4.078535122081363
 30
0.0
 10
-126.942022600677
 20
4.213129939572962
 30
0.0
 10
-126.8335807022692
 20
4.31211812992724
 30
0.0
 10
-126.7754285278607
 20
4.36520073539965
 30
0.0
  0
SPLINE
  5
1A4
330
1F
100
AcDbEntity
  8
0
  6
Continuous
 62
     7
370
    25
100
AcDbSpline
210
0.0
220
0.0
230
1.0
 70
     8
 71
     3
 72
    11
 73
     7
 74
     0
 42
0.00000001
 43
0.00000001
 40
0.0
 40
0.0
 40
0.0
 40
0.0
 40
0.2060689762631188
 40
0.4364610957523013
 40
0.6964003014906196
 40
1.0
 40
1.0
 40
1.0
 40
1.0
 10
-127.7749689690371
 20
3.80270073539965
 30
0.0
 10
-127.7738820666256
 20
3.794146194157166
 30
0.0
 10
-127.7715799703754
 20
3.776027385047419
 30
0.0
 10
-127.7517731749124
 20
3.75318357372495
 30
0.0
 10
-127.7212565741948
 20
3.739409708778308
 30
0.0
 10
-127.6979247393621
 20
3.738430485732393
 30
0.0
 10
-127.6853549984489
 20
3.737902941282003
 30
0.0
  0
SPLINE
  5
1A5
330
1F
100
AcDbEntity
  8
0
  6
Continuous
 62
     7
370
    25
100
AcDbSpline
210
0.0
220
0.0
230
1.0
 70
     8
 71
     3
 72
    15
 73
    11
 74
     0
 42
0.00000001
 43
0.00000001
 40
0.0
 40
0.0
 40
0.0
 40
0.0
 40
0.2179806444188512
 40
0.4040663552011924
 40
0.5637905591380494
 40
0.6917721243100677
 40
0.7954180100498811
 40
0.8794994567114308
 40
0.9489072055242135
 40
1.0
 40
1.0
 40
1.0
 40
1.0
 10
-127.4937189690372
 20
4.417590441282003
 30
0.0
 10
-127.5178121949263
 20
4.374497871505933
 30
0.0
 10
-127.5624733252575
 20
4.294618037899188
 30
0.0
 10
-127.6219671313317
 20
4.181638303972717
 30
0.0
 10
-127.6717003343552
 20
4.086534874756216
 30
0.0
 10
-127.7096608756856
 20
4.006441310516331
 30
0.0
 10
-127.7381789009289
 20
3.940798934742753
 30
0.0
 10
-127.7577087913285
 20
3.88599290731876
 30
0.0
 10
-127.7714774663541
 20
3.841493681794199
 30
0.0
 10
-127.773929356245
 20
3.814251533717758
 30
0.0
 10
-127.7749689690371
 20
3.80270073539965
 30
0.0
  0
SPLINE
  5
1A8
330
1F
100
AcDbEntity
  8
0
  6
Continuous
 62
     7
370
    25
100
AcDbSpline
210
0.0
220
0.0
230
1.0
 70
     8
 71
     3
 72
    23
 73
    19
 74
     0
 42
0.00000001
 43
0.00000001
 40
0.0
 40
0.0
 40
0.0
 40
0.0
 40
0.0172968557056072
 40
0.0397585162162815
 40
0.0688246298679354
 40
0.1044714965803482
 40
0.1472641858725527
 40
0.1970521434361548
 40
0.2536384081513954
 40
0.317895322399783
 40
0.3879330946023042
 40
0.4623669880762704
 40
0.5406703496049727
 40
0.6239721507501644
 40
0.7111875286733612
 40
0.8031069041977371
 40
0.8992996035086719
 40
1.0
 40
1.0
 40
1.0
 40
1.0
 10
-129.6968439690372
 20
3.737902941282003
 30
0.0
 10
-129.67674393911
 20
3.740484167751022
 30
0.0
 10
-129.6305420525124
 20
3.746417369494336
 30
0.0
 10
-129.5598651997944
 20
3.786740033867381
 30
0.0
 10
-129.4756952290861
 20
3.842519932318506
 30
0.0
 10
-129.3809528008309
 20
3.924615022039123
 30
0.0
 10
-129.2740449475174
 20
4.028312394970974
 30
0.0
 10
-129.1542532174025
 20
4.15372195335786
 30
0.0
 10
-129.0232729329481
 20
4.302611334241941
 30
0.0
 10
-128.8796549022131
 20
4.471683255721858
 30
0.0
 10
-128.7280336391409
 20
4.66104368950146
 30
0.0
 10
-128.5697746146782
 20
4.865933461197569
 30
0.0
 10
-128.4066423929503
 20
5.08646002161623
 30
0.0
 10
-128.2375745467977
 20
5.321042545207877
 30
0.0
 10
-128.0639489597175
 20
5.571771928653095
 30
0.0
 10
-127.8830093277185
 20
5.835652575589877
 30
0.0
 10
-127.69850662716
 20
6.116030063971665
 30
0.0
 10
-127.5748735420172
 20
6.308554519901786
 30
0.0
 10
-127.5116417631548
 20
6.407020588340827
 30
0.0
  0
SPLINE
  5
1A9
330
1F
100
AcDbEntity
  8
0
  6
Continuous
 62
     7
370
    25
100
AcDbSpline
210
0.0
220
0.0
230
1.0
 70
     8
 71
     3
 72
    11
 73
     7
 74
     0
 42
0.00000001
 43
0.00000001
 40
0.0
 40
0.0
 40
0.0
 40
0.0
 40
0.2282577370893776
 40
0.4960567521848184
 40
0.7618134189563581
 40
1.0
 40
1.0
 40
1.0
 40
1.0
 10
-129.804380733743
 20
3.848197058929062
 30
0.0
 10
-129.802510710134
 20
3.835461888370452
 30
0.0
 10
-129.7984467171679
 20
3.807785423044982
 30
0.0
 10
-129.7728975860521
 20
3.772398780886921
 30
0.0
 10
-129.7381929439322
 20
3.744845372399717
 30
0.0
 10
-129.7101149232246
 20
3.740131114665899
 30
0.0
 10
-129.6968439690372
 20
3.737902941282003
 30
0.0
  0
SPLINE
  5
1AA
330
1F
100
AcDbEntity
  8
0
  6
Continuous
 62
     7
370
    25
100
AcDbSpline
210
0.0
220
0.0
230
1.0
 70
     8
 71
     3
 72
    15
 73
    11
 74
     0
 42
0.00000001
 43
0.00000001
 40
0.0
 40
0.0
 40
0.0
 40
0.0
 40
0.2051432267454844
 40
0.389610847870021
 40
0.552799823408873
 40
0.6940092153293526
 40
0.8112392330014202
 40
0.9004136408052383
 40
0.9639242158497137
 40
1.0
 40
1.0
 40
1.0
 40
1.0
 10
-129.4045645572724
 20
4.651965441282004
 30
0.0
 10
-129.4346355535185
 20
4.598306290807368
 30
0.0
 10
-129.4917468046655
 20
4.496396091557432
 30
0.0
 10
-129.5697135085379
 20
4.35012359632376
 30
0.0
 10
-129.6389049686665
 20
4.220904965952441
 30
0.0
 10
-129.6970429359342
 20
4.108638289158332
 30
0.0
 10
-129.7416046070807
 20
4.014368331506576
 30
0.0
 10
-129.7757862752938
 20
3.941108705478019
 30
0.0
 10
-129.7966084535723
 20
3.888179220677128
 30
0.0
 10
-129.8023138999538
 20
3.85882926480109
 30
0.0
 10
-129.804380733743
 20
3.848197058929062
 30
0.0
  0
SPLINE
  5
1AD
330
1F
100
AcDbEntity
  8
0
  6
Continuous
 62
     7
370
    25
100
AcDbSpline
210
0.0
220
0.0
230
1.0
 70
     8
 71
     3
 72
    13
 73
     9
 74
     0
 42
0.00000001
 43
0.00000001
 40
0.0
 40
0.0
 40
0.0
 40
0.0
 40
0.2038418633380212
 40
0.4148826923580453
 40
0.5313162429192523
 40
0.6695887441005005
 40
0.8253254188527797
 40
1.0
 40
1.0
 40
1.0
 40
1.0
 10
-129.8609064690371
 20
5.934134558929063
 30
0.0
 10
-129.8276461685924
 20
5.965206080611702
 30
0.0
 10
-129.7599509328287
 20
6.028446459012179
 30
0.0
 10
-129.6759960202083
 20
6.112275273464461
 30
0.0
 10
-129.6022359993792
 20
6.185578218645967
 30
0.0
 10
-129.5384428635946
 20
6.251374486150222
 30
0.0
 10
-129.4648501555112
 20
6.325771350450942
 30
0.0
 10
-129.4136886870142
 20
6.378922044378621
 30
0.0
 10
-129.3866417631548
 20
6.407020588340827
 30
0.0
  0
SPLINE
  5
1AF
330
1F
100
AcDbEntity
  8
0
  6
Continuous
 62
     7
370
    25
100
AcDbSpline
210
0.0
220
0.0
230
1.0
 70
     8
 71
     3
 72
     9
 73
     5
 74
     0
 42
0.00000001
 43
0.00000001
 40
0.0
 40
0.0
 40
0.0
 40
0.0
 40
0.5534243116653093
 40
1.0
 40
1.0
 40
1.0
 40
1.0
 10
-130.397211616096
 20
5.421266911870238
 30
0.0
 10
-130.3531345674892
 20
5.460807757182948
 30
0.0
 10
-130.2734903457273
 20
5.532255368860376
 30
0.0
 10
-130.1979498440847
 20
5.608020349004728
 30
0.0
 10
-130.1642152925666
 20
5.641855147164357
 30
0.0
  0
SPLINE
  5
1B0
330
1F
100
AcDbEntity
  8
0
  6
Continuous
 62
     7
370
    25
100
AcDbSpline
210
0.0
220
0.0
230
1.0
 70
     8
 71
     3
 72
    11
 73
     7
 74
     0
 42
0.00000001
 43
0.00000001
 40
0.0
 40
0.0
 40
0.0
 40
0.0
 40
0.1262621301452635
 40
0.332967063240341
 40
0.6212359733363156
 40
1.0
 40
1.0
 40
1.0
 40
1.0
 10
-130.6109064690371
 20
5.168969117752591
 30
0.0
 10
-130.6069713529912
 20
5.18261770533642
 30
0.0
 10
-130.5965940210722
 20
5.218610525352505
 30
0.0
 10
-130.5515232972593
 20
5.273254512415048
 30
0.0
 10
-130.4850698020612
 20
5.343998362753243
 30
0.0
 10
-130.4290318655856
 20
5.393281989536737
 30
0.0
 10
-130.397211616096
 20
5.42126691187024
 30
0.0
  0
SPLINE
  5
1B1
330
1F
100
AcDbEntity
  8
0
  6
Continuous
 62
     7
370
    25
100
AcDbSpline
210
0.0
220
0.0
230
1.0
 70
     8
 71
     3
 72
    11
 73
     7
 74
     0
 42
0.00000001
 43
0.00000001
 40
0.0
 40
0.0
 40
0.0
 40
0.0
 40
0.2455780423048791
 40
0.4950338724581776
 40
0.7479921256106608
 40
1.0
 40
1.0
 40
1.0
 40
1.0
 10
-130.5364579396254
 20
5.101413970693769
 30
0.0
 10
-130.545348566508
 20
5.102698262059921
 30
0.0
 10
-130.5632702072742
 20
5.105287124331097
 30
0.0
 10
-130.5874208140241
 20
5.119402157126654
 30
0.0
 10
-130.6043636047892
 20
5.142040312904054
 30
0.0
 10
-130.6087282524705
 20
5.160004119149717
 30
0.0
 10
-130.6109064690372
 20
5.168969117752591
 30
0.0
  0
SPLINE
  5
1B2
330
1F
100
AcDbEntity
  8
0
  6
Continuous
 62
     7
370
    25
100
AcDbSpline
210
0.0
220
0.0
230
1.0
 70
     8
 71
     3
 72
    15
 73
    11
 74
     0
 42
0.00000001
 43
0.00000001
 40
0.0
 40
0.0
 40
0.0
 40
0.0
 40
0.212074213893552
 40
0.3982764792279831
 40
0.5586712630160177
 40
0.6952891503137848
 40
0.8081195657562537
 40
0.8941932806945261
 40
0.9595269605969279
 40
1.0
 40
1.0
 40
1.0
 40
1.0
 10
-130.1407777925666
 20
5.446083088340827
 30
0.0
 10
-130.166218166603
 20
5.418676216886096
 30
0.0
 10
-130.2139953216632
 20
5.367205969422993
 30
0.0
 10
-130.2853905424394
 20
5.299354685647174
 30
0.0
 10
-130.345247214592
 20
5.238672730069002
 30
0.0
 10
-130.3996369767048
 20
5.191167199754863
 30
0.0
 10
-130.4438611765053
 20
5.151651373017508
 30
0.0
 10
-130.4821358048126
 20
5.125351034918815
 30
0.0
 10
-130.5111331040069
 20
5.10698229369657
 30
0.0
 10
-130.5294510025145
 20
5.102954627844772
 30
0.0
 10
-130.5364579396254
 20
5.101413970693767
 30
0.0
  0
SPLINE
  5
1B3
330
1F
100
AcDbEntity
  8
0
  6
Continuous
 62
     7
370
    25
100
AcDbSpline
210
0.0
220
0.0
230
1.0
 70
     8
 71
     3
 72
    11
 73
     7
 74
     0
 42
0.00000001
 43
0.00000001
 40
0.0
 40
0.0
 40
0.0
 40
0.0
 40
0.2083335968364948
 40
0.4464183388289982
 40
0.7103030532271686
 40
1.0
 40
1.0
 40
1.0
 40
1.0
 10
-129.7947299984489
 20
5.794888235399651
 30
0.0
 10
-129.8191345836722
 20
5.771039730335542
 30
0.0
 10
-129.8714288586267
 20
5.719937026902502
 30
0.0
 10
-129.9535837572158
 20
5.637562562662204
 30
0.0
 10
-130.0445937099054
 20
5.545204529246672
 30
0.0
 10
-130.1077350534142
 20
5.48013491714289
 30
0.0
 10
-130.1407777925666
 20
5.446083088340827
 30
0.0
  0
SPLINE
  5
1B4
330
1F
100
AcDbEntity
  8
0
  6
Continuous
 62
     7
370
    25
100
AcDbSpline
210
0.0
220
0.0
230
1.0
 70
     8
 71
     3
 72
    19
 73
    15
 74
     0
 42
0.00000001
 43
0.00000001
 40
0.0
 40
0.0
 40
0.0
 40
0.0
 40
0.0675892922341463
 40
0.1445613794800766
 40
0.232948131682569
 40
0.3319265689907232
 40
0.3882756678237337
 40
0.4527239670228859
 40
0.5243249621327826
 40
0.6044378690805713
 40
0.6917413252556972
 40
0.7866167851352079
 40
0.8893180162499491
 40
1.0
 40
1.0
 40
1.0
 40
1.0
 10
-130.5984983808019
 20
4.089465441282004
 30
0.0
 10
-130.5958872079705
 20
4.132337440923792
 30
0.0
 10
-130.5903023773845
 20
4.224032962572639
 30
0.0
 10
-130.5577443880101
 20
4.368850477077916
 30
0.0
 10
-130.5045560858135
 20
4.528094241154875
 30
0.0
 10
-130.44418426643
 20
4.670691908636532
 30
0.0
 10
-130.3829621690082
 20
4.796042511774744
 30
0.0
 10
-130.3263303168567
 20
4.90423148069508
 30
0.0
 10
-130.2615856984798
 20
5.025201327088894
 30
0.0
 10
-130.1853613296933
 20
5.156374212501607
 30
0.0
 10
-130.1017032390868
 20
5.30029938001119
 30
0.0
 10
-130.0069947100708
 20
5.454323820624907
 30
0.0
 10
-129.9059155027711
 20
5.62184350121748
 30
0.0
 10
-129.8327045549123
 20
5.735786133295974
 30
0.0
 10
-129.7947299984489
 20
5.794888235399651
 30
0.0
  0
SPLINE
  5
1B5
330
1F
100
AcDbEntity
  8
0
  6
Continuous
 62
     7
370
    25
100
AcDbSpline
210
0.0
220
0.0
230
1.0
 70
     8
 71
     3
 72
    15
 73
    11
 74
     0
 42
0.00000001
 43
0.00000001
 40
0.0
 40
0.0
 40
0.0
 40
0.0
 40
0.1327405927311406
 40
0.2547764751288868
 40
0.3730726480062531
 40
0.4914124774422321
 40
0.610431275796366
 40
0.7326109836799631
 40
0.860208806890317
 40
1.0
 40
1.0
 40
1.0
 40
1.0
 10
-130.0125608808019
 20
3.473197058929062
 30
0.0
 10
-130.0550229892146
 20
3.475357715197908
 30
0.0
 10
-130.1365228988155
 20
3.479504784129992
 30
0.0
 10
-130.2529076912349
 20
3.51010823734429
 30
0.0
 10
-130.355401570648
 20
3.563506572233343
 30
0.0
 10
-130.443230251192
 20
3.637186128306578
 30
0.0
 10
-130.5130540941732
 20
3.729777604899287
 30
0.0
 10
-130.5623468349583
 20
3.837601156776254
 30
0.0
 10
-130.5941705959196
 20
3.958997658101091
 30
0.0
 10
-130.5970125860648
 20
4.044673856006337
 30
0.0
 10
-130.5984983808019
 20
4.089465441282004
 30
0.0
  0
SPLINE
  5
1B6
330
1F
100
AcDbEntity
  8
0
  6
Continuous
 62
     7
370
    25
100
AcDbSpline
210
0.0
220
0.0
230
1.0
 70
     8
 71
     3
 72
    19
 73
    15
 74
     0
 42
0.00000001
 43
0.00000001
 40
0.0
 40
0.0
 40
0.0
 40
0.0
 40
0.1292490627098341
 40
0.2468590985887595
 40
0.3528530930455014
 40
0.4473437864539527
 40
0.5310016806080828
 40
0.6024384004705373
 40
0.6628453809173964
 40
0.7123424704878335
 40
0.7945594336968367
 40
0.868467403428311
 40
0.9363104424610852
 40
1.0
 40
1.0
 40
1.0
 40
1.0
 10
-128.1196380866842
 20
5.258583088340827
 30
0.0
 10
-128.1874217252218
 20
5.165123981543054
 30
0.0
 10
-128.3168850076445
 20
4.986621868063099
 30
0.0
 10
-128.5055504926669
 20
4.734114599782296
 30
0.0
 10
-128.6797421312585
 20
4.509627957141817
 30
0.0
 10
-128.8365210242481
 20
4.310014243168172
 30
0.0
 10
-128.9789390300588
 20
4.138443409022925
 30
0.0
 10
-129.1062680697482
 20
3.994044015276999
 30
0.0
 10
-129.2175305723187
 20
3.876235523408424
 30
0.0
 10
-129.3418432316431
 20
3.757835019645923
 30
0.0
 10
-129.4878505884615
 20
3.6450825322098
 30
0.0
 10
-129.6633621109605
 20
3.54816210610622
 30
0.0
 10
-129.8378654502508
 20
3.485197916205283
 30
0.0
 10
-129.9555679912061
 20
3.477112235941078
 30
0.0
 10
-130.0125608808019
 20
3.473197058929062
 30
0.0
  0
SPLINE
  5
1B7
330
1F
100
AcDbEntity
  8
0
  6
Continuous
 62
     7
370
    25
100
AcDbSpline
210
0.0
220
0.0
230
1.0
 70
     8
 71
     3
 72
    19
 73
    15
 74
     0
 42
0.00000001
 43
0.00000001
 40
0.0
 40
0.0
 40
0.0
 40
0.0
 40
0.0677349107299687
 40
0.1439108465057082
 40
0.2261493206162938
 40
0.3178585032032736
 40
0.3703030803060677
 40
0.4318601682702873
 40
0.5035921292126907
 40
0.5840775393686932
 40
0.6733235309911854
 40
0.7727918884033431
 40
0.8815203236267467
 40
1.0
 40
1.0
 40
1.0
 40
1.0
 10
-128.569086616096
 20
4.086708088340828
 30
0.0
 10
-128.5677655167851
 20
4.115245000723172
 30
0.0
 10
-128.5649586847085
 20
4.175875053576923
 30
0.0
 10
-128.5495428850669
 20
4.270210416733281
 30
0.0
 10
-128.5219111508459
 20
4.37204173004481
 30
0.0
 10
-128.4925585312562
 20
4.462884490840295
 30
0.0
 10
-128.462002970547
 20
4.544061606551245
 30
0.0
 10
-128.4311199723597
 20
4.616023517160308
 30
0.0
 10
-128.3939640569576
 20
4.698116819239664
 30
0.0
 10
-128.3511947857887
 20
4.790479417467658
 30
0.0
 10
-128.3027220302096
 20
4.893080110084859
 30
0.0
 10
-128.2478814153247
 20
5.005837335133693
 30
0.0
 10
-128.1852101618965
 20
5.128455324360144
 30
0.0
 10
-128.1421120025142
 20
5.213983608983608
 30
0.0
 10
-128.1196380866843
 20
5.258583088340829
 30
0.0
  0
SPLINE
  5
1B8
330
1F
100
AcDbEntity
  8
0
  6
Continuous
 62
     7
370
    25
100
AcDbSpline
210
0.0
220
0.0
230
1.0
 70
     8
 71
     3
 72
    15
 73
    11
 74
     0
 42
0.00000001
 43
0.00000001
 40
0.0
 40
0.0
 40
0.0
 40
0.0
 40
0.1372810684759734
 40
0.2625724446219645
 40
0.3837109288144918
 40
0.502123376916336
 40
0.6211843053722926
 40
0.739818784718726
 40
0.8641104381099398
 40
1.0
 40
1.0
 40
1.0
 40
1.0
 10
-127.9445461749195
 20
3.473197058929062
 30
0.0
 10
-127.9897564148734
 20
3.475337603183975
 30
0.0
 10
-128.0762283760727
 20
3.479431743359846
 30
0.0
 10
-128.1998121871385
 20
3.510048085952878
 30
0.0
 10
-128.3084505511489
 20
3.56308737115299
 30
0.0
 10
-128.4027985161766
 20
3.635495829371654
 30
0.0
 10
-128.4776795101224
 20
3.727140791365473
 30
0.0
 10
-128.5306632311776
 20
3.834747017824498
 30
0.0
 10
-128.5633066810018
 20
3.956149870454166
 30
0.0
 10
-128.567103554247
 20
4.041914329113064
 30
0.0
 10
-128.569086616096
 20
4.086708088340828
 30
0.0
  0
SPLINE
  5
1B9
330
1F
100
AcDbEntity
  8
0
  6
Continuous
 62
     7
370
    25
100
AcDbSpline
210
0.0
220
0.0
230
1.0
 70
     8
 71
     3
 72
    15
 73
    11
 74
     0
 42
0.00000001
 43
0.00000001
 40
0.0
 40
0.0
 40
0.0
 40
0.0
 40
0.1843644248266808
 40
0.3500128559590572
 40
0.4982182435180069
 40
0.6294826604524169
 40
0.7444481812947885
 40
0.8427269386417425
 40
0.9272878943717545
 40
1.0
 40
1.0
 40
1.0
 40
1.0
 10
-126.4321380866842
 20
4.482388235399651
 30
0.0
 10
-126.5132413234979
 20
4.402601708461145
 30
0.0
 10
-126.6672144968547
 20
4.251128287343951
 30
0.0
 10
-126.8971308962922
 20
4.046943237368834
 30
0.0
 10
-127.1087660793286
 20
3.871735672026019
 30
0.0
 10
-127.3058297766275
 20
3.728678987063876
 30
0.0
 10
-127.4872881690998
 20
3.617156931840383
 30
0.0
 10
-127.6526882536484
 20
3.537308466498067
 30
0.0
 10
-127.8024115029236
 20
3.483233085676454
 30
0.0
 10
-127.8996088799669
 20
3.476370048937531
 30
0.0
 10
-127.9445461749195
 20
3.473197058929062
 30
0.0
  0
SPLINE
  5
1BB
330
1F
100
AcDbEntity
  8
0
  6
Continuous
 62
     7
370
    25
100
AcDbSpline
210
0.0
220
0.0
230
1.0
 70
     8
 71
     3
 72
    11
 73
     7
 74
     0
 42
0.00000001
 43
0.00000001
 40
0.0
 40
0.0
 40
0.0
 40
0.0
 40
0.3030045760786581
 40
0.5708874555018402
 40
0.8023481613220671
 40
1.0
 40
1.0
 40
1.0
 40
1.0
 10
-125.8820461749195
 20
5.039373529517298
 30
0.0
 10
-125.9348891834528
 20
4.985140010565541
 30
0.0
 10
-126.0344500913212
 20
4.882959257924885
 30
0.0
 10
-126.1744706268479
 20
4.739433806623547
 30
0.0
 10
-126.2980077740551
 20
4.616639752009644
 30
0.0
 10
-126.3737933096725
 20
4.540771234413588
 30
0.0
 10
-126.4087005866842
 20
4.50582573539965
 30
0.0
  0
SPLINE
  5
1BC
330
1F
100
AcDbEntity
  8
0
  6
Continuous
 62
     7
370
    25
100
AcDbSpline
210
0.0
220
0.0
230
1.0
 70
     8
 71
     3
 72
    11
 73
     7
 74
     0
 42
0.00000001
 43
0.00000001
 40
0.4493339026341979
 40
0.4493339026341979
 40
0.4493339026341979
 40
0.4493339026341979
 40
0.5024190436270192
 40
0.651470202481366
 40
0.8175223175387382
 40
1.0
 40
1.0
 40
1.0
 40
1.0
 10
-125.2530794277118
 20
5.658414275504991
 30
0.0
 10
-125.2739619115719
 20
5.639221964402799
 30
0.0
 10
-125.3530473593508
 20
5.565671728399105
 30
0.0
 10
-125.4947052740948
 20
5.42917863748496
 30
0.0
 10
-125.683184975257
 20
5.241700869485592
 30
0.0
 10
-125.8137086613929
 20
5.108902162329333
 30
0.0
 10
-125.8820461749195
 20
5.039373529517298
 30
0.0
  0
SPLINE
  5
1BD
330
1F
100
AcDbEntity
  8
0
  6
Continuous
 62
     7
370
    25
100
AcDbSpline
210
0.0
220
0.0
230
1.0
 70
     8
 71
     3
 72
     8
 73
     4
 74
     0
 42
0.00000001
 43
0.00000001
 40
0.0000008864094882
 40
0.0000008864094882
 40
0.0000008864094882
 40
0.0000008864094882
 40
0.0001486197318115
 40
0.0001486197318115
 40
0.0001486197318115
 40
0.0001486197318115
 10
-125.2530794277118
 20
5.658414275505003
 30
0.0
 10
-125.2773037137596
 20
5.615540053470246
 30
0.0
 10
-125.3017223332855
 20
5.57277429815359
 30
0.0
 10
-125.3264395572725
 20
5.530182353046708
 30
0.0
  0
SPLINE
  5
1BE
330
1F
100
AcDbEntity
  8
0
  6
Continuous
 62
     7
370
    25
100
AcDbSpline
210
0.0
220
0.0
230
1.0
 70
     8
 71
     3
 72
    15
 73
    11
 74
     0
 42
0.00000001
 43
0.00000001
 40
0.0
 40
0.0
 40
0.0
 40
0.0
 40
0.0678582459603382
 40
0.1504885875091175
 40
0.2490248531482138
 40
0.3654095448590568
 40
0.4978310444009743
 40
0.6477845418074827
 40
0.8150121178591476
 40
0.9999999999999999
 40
0.9999999999999999
 40
0.9999999999999999
 40
0.9999999999999999
 10
-125.9220277925666
 20
4.088086764811415
 30
0.0
 10
-125.9196887855083
 20
4.123589825790336
 30
0.0
 10
-125.9145015917723
 20
4.202324626894549
 30
0.0
 10
-125.88448363367
 20
4.329755698038746
 30
0.0
 10
-125.8360041723202
 20
4.477808835611164
 30
0.0
 10
-125.7718494586673
 20
4.648126405000898
 30
0.0
 10
-125.6858871737939
 20
4.838488778274843
 30
0.0
 10
-125.5843659932002
 20
5.050917987642867
 30
0.0
 10
-125.4620705921015
 20
5.283753820978824
 30
0.0
 10
-125.3731445868243
 20
5.445323810994405
 30
0.0
 10
-125.3264395572725
 20
5.53018235304671
 30
0.0
  0
SPLINE
  5
1BF
330
1F
100
AcDbEntity
  8
0
  6
Continuous
 62
     7
370
    25
100
AcDbSpline
210
0.0
220
0.0
230
1.0
 70
     8
 71
     3
 72
    15
 73
    11
 74
     0
 42
0.00000001
 43
0.00000001
 40
0.0
 40
0.0
 40
0.0
 40
0.0
 40
0.1338042435830206
 40
0.2555262406903793
 40
0.3716330218679564
 40
0.4858312685767235
 40
0.6030108398853798
 40
0.7237526959349483
 40
0.8546249109865666
 40
0.9999999999999999
 40
0.9999999999999999
 40
0.9999999999999999
 40
0.9999999999999999
 10
-125.3526344102137
 20
3.473197058929062
 30
0.0
 10
-125.3951199145536
 20
3.474720696973272
 30
0.0
 10
-125.4762545700557
 20
3.477630391697326
 30
0.0
 10
-125.5909760399249
 20
3.508805977731956
 30
0.0
 10
-125.6908075717824
 20
3.560383903566739
 30
0.0
 10
-125.7755942068112
 20
3.63222907276209
 30
0.0
 10
-125.8420532866347
 20
3.723084470004006
 30
0.0
 10
-125.889597867057
 20
3.830708517803103
 30
0.0
 10
-125.9168763473147
 20
3.9543949145803
 30
0.0
 10
-125.9202515780573
 20
4.041989913821577
 30
0.0
 10
-125.9220277925666
 20
4.088086764811417
 30
0.0
  0
SPLINE
  5
1C0
330
1F
100
AcDbEntity
  8
0
  6
Continuous
 62
     7
370
    25
100
AcDbSpline
210
0.0
220
0.0
230
1.0
 70
     8
 71
     3
 72
    19
 73
    15
 74
     0
 42
0.00000001
 43
0.00000001
 40
0.0
 40
0.0
 40
0.0
 40
0.0
 40
0.1080362118646264
 40
0.2083515529941115
 40
0.3019347859491838
 40
0.3864022053349937
 40
0.4646811349030996
 40
0.5348929959032303
 40
0.5980631648147171
 40
0.653883390599084
 40
0.7523735579387
 40
0.8418475540812206
 40
0.9239211190838018
 40
1.0
 40
1.0
 40
1.0
 40
1.0
 10
-123.724417498449
 20
4.592682353046709
 30
0.0
 10
-123.7753649142082
 20
4.540690516050706
 30
0.0
 10
-123.8736187590188
 20
4.440422468937878
 30
0.0
 10
-124.0170329152184
 20
4.296115487937808
 30
0.0
 10
-124.1524832063579
 20
4.166353483612403
 30
0.0
 10
-124.2793111181201
 20
4.049111013960032
 30
0.0
 10
-124.3967453243505
 20
3.944928389354042
 30
0.0
 10
-124.5061913730582
 20
3.853483127042376
 30
0.0
 10
-124.6062286719686
 20
3.774369828199941
 30
0.0
 10
-124.726351425378
 20
3.690392783919812
 30
0.0
 10
-124.8669740302363
 20
3.604744815662697
 30
0.0
 10
-125.0335133367458
 20
3.530661272755638
 30
0.0
 10
-125.1947076285999
 20
3.48315070209799
 30
0.0
 10
-125.3013394234404
 20
3.476430025430868
 30
0.0
 10
-125.3526344102137
 20
3.473197058929062
 30
0.0
  0
SPLINE
  5
1C1
330
1F
100
AcDbEntity
  8
0
  6
Continuous
 62
     7
370
    25
100
AcDbSpline
210
0.0
220
0.0
230
1.0
 70
     8
 71
     3
 72
    14
 73
    10
 74
     0
 42
0.00000001
 43
0.00000001
 40
0.0
 40
0.0
 40
0.0
 40
0.0
 40
0.0001516568705809
 40
0.0001516568705809
 40
0.0001516568705809
 40
0.0003033139758292
 40
0.0003033139758292
 40
0.0003033139758292
 40
0.0006066259450082
 40
0.0006066259450082
 40
0.0006066259450082
 40
0.0006066259450082
 10
-123.724417498449
 20
4.592682353046709
 30
0.0
 10
-123.6895512377332
 20
4.629286695788044
 30
0.0
 10
-123.6546885221471
 20
4.665894525224132
 30
0.0
 10
-123.6199037539262
 20
4.70257631830517
 30
0.0
 10
-123.5851189457241
 20
4.739258153547879
 30
0.0
 10
-123.5504012908498
 20
4.776003740096697
 30
0.0
 10
-123.5157368167913
 20
4.812799312611296
 30
0.0
 10
-123.4464083615995
 20
4.886389934411173
 30
0.0
 10
-123.3772425990435
 20
4.960133689015243
 30
0.0
 10
-123.3080572043313
 20
5.033858823634944
 30
0.0
  0
SPLINE
  5
1C2
330
1F
100
AcDbEntity
  8
0
  6
Continuous
 62
     7
370
    25
100
AcDbSpline
210
0.0
220
0.0
230
1.0
 70
     8
 71
     3
 72
    23
 73
    19
 74
     0
 42
0.00000001
 43
0.00000001
 40
0.0
 40
0.0
 40
0.0
 40
0.0
 40
0.0368416949987977
 40
0.0743151597746094
 40
0.1137363819061778
 40
0.1552538067497832
 40
0.2000011585946659
 40
0.24869009960976
 40
0.3012532750260634
 40
0.3586195795223195
 40
0.4204594032760753
 40
0.4878224171834969
 40
0.5594984205492453
 40
0.6369917838038709
 40
0.719398058123272
 40
0.8076759184797278
 40
0.9008301932086421
 40
1.0
 40
1.0
 40
1.0
 40
1.0
 10
-108.9808513219783
 20
1.460329411870239
 30
0.0
 10
-108.9787248481217
 20
1.504659746276322
 30
0.0
 10
-108.9744354351504
 20
1.594080601759692
 30
0.0
 10
-108.9389139207435
 20
1.726962263319974
 30
0.0
 10
-108.8838510215881
 20
1.858628034556052
 30
0.0
 10
-108.8042018056958
 20
1.987473914568168
 30
0.0
 10
-108.7060636051101
 20
2.11693914669581
 30
0.0
 10
-108.5833020274457
 20
2.242740453525946
 30
0.0
 10
-108.4405235160979
 20
2.369257787483984
 30
0.0
 10
-108.2744291328443
 20
2.492157010449287
 30
0.0
 10
-108.0870729336173
 20
2.615421245329527
 30
0.0
 10
-107.8784618922978
 20
2.737100593949267
 30
0.0
 10
-107.6476586319299
 20
2.857379253312022
 30
0.0
 10
-107.3962919936458
 20
2.976901789555345
 30
0.0
 10
-107.1220365161622
 20
3.094230933089626
 30
0.0
 10
-106.826396607939
 20
3.208817382531155
 30
0.0
 10
-106.5095809771042
 20
3.324375534481689
 30
0.0
 10
-106.2898996511425
 20
3.396186766028828
 30
0.0
 10
-106.1766233808019
 20
3.433215441282004
 30
0.0
  0
SPLINE
  5
1C3
330
1F
100
AcDbEntity
  8
0
  6
Continuous
 62
     7
370
    25
100
AcDbSpline
210
0.0
220
0.0
230
1.0
 70
     8
 71
     3
 72
    15
 73
    11
 74
     0
 42
0.00000001
 43
0.00000001
 40
0.0
 40
0.0
 40
0.0
 40
0.0
 40
0.1420238179344702
 40
0.2729128572011797
 40
0.398256887490917
 40
0.5215059406013279
 40
0.642441005021184
 40
0.7577689914543496
 40
0.8758160481337082
 40
1.0
 40
1.0
 40
1.0
 40
1.0
 10
-108.1591601455078
 20
0.7379029412820024
 30
0.0
 10
-108.2173444304611
 20
0.739847293938901
 30
0.0
 10
-108.3291513068128
 20
0.7435835604800937
 30
0.0
 10
-108.4877848373958
 20
0.7844651368259532
 30
0.0
 10
-108.631393016551
 20
0.8454391107508477
 30
0.0
 10
-108.7542956780162
 20
0.9350932265184547
 30
0.0
 10
-108.8561004228349
 20
1.042746929519202
 30
0.0
 10
-108.9275058175026
 20
1.16990153780595
 30
0.0
 10
-108.9744021242727
 20
1.310027153095408
 30
0.0
 10
-108.9786655846478
 20
1.409389547274907
 30
0.0
 10
-108.9808513219783
 20
1.460329411870239
 30
0.0
  0
SPLINE
  5
1C4
330
1F
100
AcDbEntity
  8
0
  6
Continuous
 62
     7
370
    25
100
AcDbSpline
210
0.0
220
0.0
230
1.0
 70
     8
 71
     3
 72
    23
 73
    19
 74
     0
 42
0.00000001
 43
0.00000001
 40
0.0
 40
0.0
 40
0.0
 40
0.0
 40
0.1089549619956006
 40
0.2098319655139256
 40
0.3024757521961308
 40
0.3871229616503532
 40
0.4642072516278556
 40
0.5331325861776094
 40
0.5943205595644621
 40
0.6481503605044513
 40
0.6971696879223162
 40
0.743878578634959
 40
0.7891017726918003
 40
0.8326279073292179
 40
0.8751069156093874
 40
0.9169411250895572
 40
0.958185522475164
 40
1.0
 40
1.0
 40
1.0
 40
1.0
 10
-105.1729469102136
 20
3.56143235304671
 30
0.0
 10
-105.2535049688071
 20
3.427965930747713
 30
0.0
 10
-105.4086484837332
 20
3.170928332751573
 30
0.0
 10
-105.6374915619317
 20
2.803522475325133
 30
0.0
 10
-105.8591186664149
 20
2.472870162577067
 30
0.0
 10
-106.0666828455521
 20
2.173868267640357
 30
0.0
 10
-106.2639905091552
 20
1.909166536437065
 30
0.0
 10
-106.452232789901
 20
1.680054985369248
 30
0.0
 10
-106.6262419786572
 20
1.48243229222482
 30
0.0
 10
-106.7941187374686
 20
1.318021469743925
 30
0.0
 10
-106.9584420108972
 20
1.180694876747658
 30
0.0
 10
-107.1216669486252
 20
1.061854162772215
 30
0.0
 10
-107.2886071500717
 20
0.9628795874005759
 30
0.0
 10
-107.4575895533475
 20
0.8804708570787513
 30
0.0
 10
-107.629365055531
 20
0.8167342603196421
 30
0.0
 10
-107.8033287782876
 20
0.7707500129094189
 30
0.0
 10
-107.9804881921186
 20
0.7440673433951814
 30
0.0
 10
-108.0993309326804
 20
0.7399671226993241
 30
0.0
 10
-108.1591601455078
 20
0.7379029412820024
 30
0.0
  0
SPLINE
  5
1C5
330
1F
100
AcDbEntity
  8
0
  6
Continuous
 62
     7
370
    25
100
AcDbSpline
210
0.0
220
0.0
230
1.0
 70
     8
 71
     3
 72
    23
 73
    19
 74
     0
 42
0.00000001
 43
0.00000001
 40
0.0
 40
0.0
 40
0.0
 40
0.0
 40
0.0277449865908017
 40
0.0629083849372349
 40
0.1055670094186171
 40
0.155763276800215
 40
0.2137767739018902
 40
0.2788915890320758
 40
0.3520711824374188
 40
0.4328487563612196
 40
0.5153389918089507
 40
0.5944306465980986
 40
0.6699657160064533
 40
0.7419284237005351
 40
0.8108746521581164
 40
0.876672278241512
 40
0.9396330603134954
 40
1.0
 40
1.0
 40
1.0
 40
1.0
 10
-101.9220277925666
 20
6.012719117752592
 30
0.0
 10
-101.9539912816272
 20
5.992409881304374
 30
0.0
 10
-102.0264646081931
 20
5.946361156065869
 30
0.0
 10
-102.1415105260925
 20
5.859486749302453
 30
0.0
 10
-102.2779859476746
 20
5.750477865714632
 30
0.0
 10
-102.4350019827866
 20
5.61730866060825
 30
0.0
 10
-102.6135817105099
 20
5.462259890783163
 30
0.0
 10
-102.8128700353887
 20
5.283272041340452
 30
0.0
 10
-103.033109534402
 20
5.081151800714762
 30
0.0
 10
-103.2674040396622
 20
4.859366351330468
 30
0.0
 10
-103.5107731412921
 20
4.635379606841041
 30
0.0
 10
-103.7578412297348
 20
4.426395343018092
 30
0.0
 10
-103.9996182711974
 20
4.233540086534288
 30
0.0
 10
-104.2405177783838
 20
4.062459154945759
 30
0.0
 10
-104.4774558398897
 20
3.909294613476739
 30
0.0
 10
-104.7106045282927
 20
3.773432621419675
 30
0.0
 10
-104.9408151220734
 20
3.656208523957139
 30
0.0
 10
-105.096662245522
 20
3.592578317486078
 30
0.0
 10
-105.1729469102136
 20
3.56143235304671
 30
0.0
  0
SPLINE
  5
1C6
330
1F
100
AcDbEntity
  8
0
  6
Continuous
 62
     7
370
    25
100
AcDbSpline
210
0.0
220
0.0
230
1.0
 70
     8
 71
     3
 72
     9
 73
     5
 74
     0
 42
0.00000001
 43
0.00000001
 40
0.0
 40
0.0
 40
0.0
 40
0.0
 40
0.6056180914034504
 40
1.0
 40
1.0
 40
1.0
 40
1.0
 10
-101.9633880866842
 20
6.022369853046709
 30
0.0
 10
-101.9551754985572
 20
6.019803653574211
 30
0.0
 10
-101.9416148268341
 20
6.01556633056665
 30
0.0
 10
-101.9275677181139
 20
6.013524413071517
 30
0.0
 10
-101.9220277925666
 20
6.012719117752592
 30
0.0
  0
SPLINE
  5
1C7
330
1F
100
AcDbEntity
  8
0
  6
Continuous
 62
     7
370
    25
100
AcDbSpline
210
0.0
220
0.0
230
1.0
 70
     8
 71
     3
 72
     9
 73
     5
 74
     0
 42
0.00000001
 43
0.00000001
 40
0.0
 40
0.0
 40
0.0
 40
0.0
 40
0.3601275548655098
 40
1.0
 40
1.0
 40
1.0
 40
1.0
 10
-102.0281858808019
 20
6.032020588340827
 30
0.0
 10
-102.0203638103012
 20
6.03116883385842
 30
0.0
 10
-101.9986435325969
 20
6.028803687201635
 30
0.0
 10
-101.9771446373522
 20
6.024880312445253
 30
0.0
 10
-101.9633880866842
 20
6.022369853046709
 30
0.0
  0
SPLINE
  5
1C8
330
1F
100
AcDbEntity
  8
0
  6
Continuous
 62
     7
370
    25
100
AcDbSpline
210
0.0
220
0.0
230
1.0
 70
     8
 71
     3
 72
    19
 73
    15
 74
     0
 42
0.00000001
 43
0.00000001
 40
0.0
 40
0.0
 40
0.0
 40
0.0
 40
0.1366161545046967
 40
0.2610661463942815
 40
0.3734228897109138
 40
0.4729428821933662
 40
0.5604011691546925
 40
0.6364717974093906
 40
0.6997502538639218
 40
0.7508839129333148
 40
0.8346757273003034
 40
0.9029819362464472
 40
0.9579733151031415
 40
1.0
 40
1.0
 40
1.0
 40
1.0
 10
-103.1049322043313
 20
5.215844117752591
 30
0.0
 10
-103.0589286038996
 20
5.257611152984429
 30
0.0
 10
-102.9710181900213
 20
5.337425717915071
 30
0.0
 10
-102.8460209385591
 20
5.452418251507312
 30
0.0
 10
-102.7315490268091
 20
5.553886937006494
 30
0.0
 10
-102.6296421197995
 20
5.644175948786197
 30
0.0
 10
-102.5381866940369
 20
5.721313554283382
 30
0.0
 10
-102.4590049577709
 20
5.787449264037658
 30
0.0
 10
-102.390935403112
 20
5.841033458335008
 30
0.0
 10
-102.3203690894338
 20
5.8971901298892
 30
0.0
 10
-102.2427519106545
 20
5.947664878088498
 30
0.0
 10
-102.1615452661008
 20
5.995364246931943
 30
0.0
 10
-102.0910367303623
 20
6.023587192978819
 30
0.0
 10
-102.0471827352363
 20
6.029471569748396
 30
0.0
 10
-102.0281858808019
 20
6.032020588340827
 30
0.0
  0
SPLINE
  5
1C9
330
1F
100
AcDbEntity
  8
0
  6
Continuous
 62
     7
370
    25
100
AcDbSpline
210
0.0
220
0.0
230
1.0
 70
     8
 71
     3
 72
    19
 73
    15
 74
     0
 42
0.00000001
 43
0.00000001
 40
0.0
 40
0.0
 40
0.0
 40
0.0
 40
0.0827182165074603
 40
0.1698953352594729
 40
0.2616059626317644
 40
0.3587618799499929
 40
0.4123952625644788
 40
0.4736814927104432
 40
0.5422813579277322
 40
0.6185081910790938
 40
0.7025086263858639
 40
0.7937957975782438
 40
0.8932435673093362
 40
1.0
 40
1.0
 40
1.0
 40
1.0
 10
-104.9992336749196
 20
3.783399264811416
 30
0.0
 10
-104.9396182663809
 20
3.81122154623134
 30
0.0
 10
-104.8171738974384
 20
3.868365861342329
 30
0.0
 10
-104.6351092181238
 20
3.969420562888428
 30
0.0
 10
-104.4503701194523
 20
4.088081076756154
 30
0.0
 10
-104.2915765352989
 20
4.197592088675779
 30
0.0
 10
-104.1571840396714
 20
4.299510970400251
 30
0.0
 10
-104.0434052566899
 20
4.390886447302705
 30
0.0
 10
-103.9156711923073
 20
4.493615515439426
 30
0.0
 10
-103.7788663288454
 20
4.613624365971233
 30
0.0
 10
-103.6266059952307
 20
4.743305197379269
 30
0.0
 10
-103.464174596229
 20
4.889412592373612
 30
0.0
 10
-103.287631568642
 20
5.046866569880955
 30
0.0
 10
-103.1672542033318
 20
5.158202874121066
 30
0.0
 10
-103.1049322043313
 20
5.215844117752591
 30
0.0
  0
SPLINE
  5
1CC
330
1F
100
AcDbEntity
  8
0
  6
Continuous
 62
     7
370
    25
100
AcDbSpline
210
0.0
220
0.0
230
1.0
 70
     8
 71
     3
 72
    23
 73
    19
 74
     0
 42
0.00000001
 43
0.00000001
 40
0.0
 40
0.0
 40
0.0
 40
0.0
 40
0.017304166095456
 40
0.0405661361481167
 40
0.0710266857184809
 40
0.1093091864330986
 40
0.1548282967642196
 40
0.2082307745932792
 40
0.2698641420629629
 40
0.3392029517037905
 40
0.4138923186321474
 40
0.4904350189631658
 40
0.5694212856098733
 40
0.6509855146084255
 40
0.7344496437993878
 40
0.8205921641527905
 40
0.9091405154662481
 40
0.9999999999999999
 40
0.9999999999999999
 40
0.9999999999999999
 40
0.9999999999999999
 10
-106.7873770572725
 20
3.649667647164355
 30
0.0
 10
-106.7668204331352
 20
3.652756043441615
 30
0.0
 10
-106.7186295634396
 20
3.659996167188203
 30
0.0
 10
-106.6439532627524
 20
3.702915065208706
 30
0.0
 10
-106.5540260149139
 20
3.765222122027491
 30
0.0
 10
-106.4506529734128
 20
3.85458460933953
 30
0.0
 10
-106.3318078281158
 20
3.966995064947882
 30
0.0
 10
-106.1978786809797
 20
4.103996391331348
 30
0.0
 10
-106.0502603051256
 20
4.267008919467933
 30
0.0
 10
-105.8873637127368
 20
4.45043795431585
 30
0.0
 10
-105.7193603819519
 20
4.652958396561584
 30
0.0
 10
-105.5495517707868
 20
4.868759980081371
 30
0.0
 10
-105.3792592931925
 20
5.094590533050315
 30
0.0
 10
-105.2127542228164
 20
5.333336419489173
 30
0.0
 10
-105.0429646217747
 20
5.580176883191719
 30
0.0
 10
-104.876835091188
 20
5.839483488943752
 30
0.0
 10
-104.7116072542038
 20
6.109721013187137
 30
0.0
 10
-104.6032719229694
 20
6.294260669107845
 30
0.0
 10
-104.5484064690372
 20
6.387719117752592
 30
0.0
  0
SPLINE
  5
1CD
330
1F
100
AcDbEntity
  8
0
  6
Continuous
 62
     7
370
    25
100
AcDbSpline
210
0.0
220
0.0
230
1.0
 70
     8
 71
     3
 72
    11
 73
     7
 74
     0
 42
0.00000001
 43
0.00000001
 40
0.0
 40
0.0
 40
0.0
 40
0.0
 40
0.233270297357544
 40
0.4832660994203582
 40
0.7431693399471605
 40
1.0
 40
1.0
 40
1.0
 40
1.0
 10
-106.8632042631548
 20
3.721358823634944
 30
0.0
 10
-106.862090654832
 20
3.712356699219915
 30
0.0
 10
-106.8597835923531
 20
3.693706997128267
 30
0.0
 10
-106.8418877914905
 20
3.670383553100098
 30
0.0
 10
-106.8172884745733
 20
3.652776263958667
 30
0.0
 10
-106.7973079272211
 20
3.650699736977885
 30
0.0
 10
-106.7873770572725
 20
3.649667647164355
 30
0.0
  0
SPLINE
  5
1CE
330
1F
100
AcDbEntity
  8
0
  6
Continuous
 62
     7
370
    25
100
AcDbSpline
210
0.0
220
0.0
230
1.0
 70
     8
 71
     3
 72
    15
 73
    11
 74
     0
 42
0.00000001
 43
0.00000001
 40
0.0
 40
0.0
 40
0.0
 40
0.0
 40
0.2132399839127727
 40
0.3999992357877289
 40
0.560301564796007
 40
0.6960155220696574
 40
0.8054003370125516
 40
0.8923995977031814
 40
0.9567993397290275
 40
1.0
 40
1.0
 40
1.0
 40
1.0
 10
-106.5764395572725
 20
4.332112500105533
 30
0.0
 10
-106.5995136517279
 20
4.289884001866246
 30
0.0
 10
-106.6427964356565
 20
4.210671057303807
 30
0.0
 10
-106.7020033113094
 20
4.098960171220141
 30
0.0
 10
-106.7523333180582
 20
4.002303506415918
 30
0.0
 10
-106.7917581681858
 20
3.919799842706079
 30
0.0
 10
-106.823841306239
 20
3.851913490952295
 30
0.0
 10
-106.8430314520198
 20
3.796382925700201
 30
0.0
 10
-106.8596362669482
 20
3.755337309497049
 30
0.0
 10
-106.8621821231955
 20
3.731092793669744
 30
0.0
 10
-106.8632042631548
 20
3.721358823634944
 30
0.0
  0
SPLINE
  5
1CF
330
1F
100
AcDbEntity
  8
0
  6
Continuous
 62
     7
370
    25
100
AcDbSpline
210
0.0
220
0.0
230
1.0
 70
     8
 71
     3
 72
    14
 73
    10
 74
     0
 42
0.00000001
 43
0.00000001
 40
0.0
 40
0.0
 40
0.0
 40
0.0
 40
0.0000396729404008
 40
0.0000396729404008
 40
0.0000396729404008
 40
0.0000793458906959
 40
0.0000793458906959
 40
0.0000793458906959
 40
0.0001586916876086
 40
0.0001586916876086
 40
0.0001586916876086
 40
0.0001586916876086
 10
-106.5764395572725
 20
4.332112500105533
 30
0.0
 10
-106.5698739763933
 20
4.343591856114928
 30
0.0
 10
-106.5633083951365
 20
4.355071212781409
 30
0.0
 10
-106.556747574633
 20
4.366553290162823
 30
0.0
 10
-106.5501867532174
 20
4.378035369140544
 30
0.0
 10
-106.5436312601865
 20
4.389520496395988
 30
0.0
 10
-106.5370838906027
 20
4.40101025125985
 30
0.0
 10
-106.5239891701858
 20
4.423989728082809
 30
0.0
 10
-106.5109220811766
 20
4.446984943167809
 30
0.0
 10
-106.4978549984489
 20
4.469980147164356
 30
0.0
  0
SPLINE
  5
1D0
330
1F
100
AcDbEntity
  8
0
  6
Continuous
 62
     7
370
    25
100
AcDbSpline
210
0.0
220
0.0
230
1.0
 70
     8
 71
     3
 72
    15
 73
    11
 74
     0
 42
0.00000001
 43
0.00000001
 40
0.0
 40
0.0
 40
0.0
 40
0.0
 40
0.0830118595310806
 40
0.1758158378436306
 40
0.2815965358966583
 40
0.3987109739211787
 40
0.5293431876296459
 40
0.6728274449554277
 40
0.8295065444442714
 40
1.0
 40
1.0
 40
1.0
 40
1.0
 10
-105.9808513219783
 20
5.808675000105533
 30
0.0
 10
-105.982746552372
 20
5.768606631079347
 30
0.0
 10
-105.986760575446
 20
5.683743408990832
 30
0.0
 10
-106.0117717812613
 20
5.549691531071374
 30
0.0
 10
-106.0539459237943
 20
5.403104738833108
 30
0.0
 10
-106.1116616877815
 20
5.242415009642416
 30
0.0
 10
-106.1825436881292
 20
5.067224195198453
 30
0.0
 10
-106.273900293319
 20
4.880275923630588
 30
0.0
 10
-106.3781698911355
 20
4.678352091022523
 30
0.0
 10
-106.4568525448158
 20
4.541365477873181
 30
0.0
 10
-106.4978549984489
 20
4.469980147164356
 30
0.0
  0
SPLINE
  5
1D1
330
1F
100
AcDbEntity
  8
0
  6
Continuous
 62
     7
370
    25
100
AcDbSpline
210
0.0
220
0.0
230
1.0
 70
     8
 71
     3
 72
    15
 73
    11
 74
     0
 42
0.00000001
 43
0.00000001
 40
0.0
 40
0.0
 40
0.0
 40
0.0
 40
0.1141342840953108
 40
0.2223394466722103
 40
0.3321102861310625
 40
0.4473434899704687
 40
0.5705471927246588
 40
0.7014749206734877
 40
0.8444161235143949
 40
1.0
 40
1.0
 40
1.0
 40
1.0
 10
-106.4689027925666
 20
6.473197058929063
 30
0.0
 10
-106.433634241847
 20
6.471395140850327
 30
0.0
 10
-106.3649292938632
 20
6.467884911897207
 30
0.0
 10
-106.2681213629826
 20
6.430764064098382
 30
0.0
 10
-106.1821321350271
 20
6.373431743225379
 30
0.0
 10
-106.1100383386844
 20
6.292734070086615
 30
0.0
 10
-106.0527609049412
 20
6.193929362125332
 30
0.0
 10
-106.0092679727753
 20
6.079129624646306
 30
0.0
 10
-105.9852521775216
 20
5.9484504864416
 30
0.0
 10
-105.9823591146711
 20
5.856563974157885
 30
0.0
 10
-105.9808513219783
 20
5.808675000105533
 30
0.0
  0
SPLINE
  5
1D2
330
1F
100
AcDbEntity
  8
0
  6
Continuous
 62
     7
370
    25
100
AcDbSpline
210
0.0
220
0.0
230
1.0
 70
     8
 71
     3
 72
    15
 73
    11
 74
     0
 42
0.00000001
 43
0.00000001
 40
0.0
 40
0.0
 40
0.0
 40
0.0
 40
0.1987363803256318
 40
0.3749042951963218
 40
0.5250518765125275
 40
0.6532979824829886
 40
0.7617890404287254
 40
0.8549955407963977
 40
0.9331156747826287
 40
1.0
 40
1.0
 40
1.0
 40
1.0
 10
-107.4780939690372
 20
5.676322058929062
 30
0.0
 10
-107.4206785107169
 20
5.741565090091306
 30
0.0
 10
-107.3123676825753
 20
5.864642166237483
 30
0.0
 10
-107.1533681658259
 20
6.03035406110922
 30
0.0
 10
-107.0107717701649
 20
6.168890607082873
 30
0.0
 10
-106.8824750318412
 20
6.279437944141103
 30
0.0
 10
-106.7650333305646
 20
6.363537678167052
 30
0.0
 10
-106.6598330481575
 20
6.426357864674489
 30
0.0
 10
-106.5613756670417
 20
6.463757766386313
 30
0.0
 10
-106.4980925669432
 20
6.470217473605675
 30
0.0
 10
-106.4689027925666
 20
6.473197058929063
 30
0.0
  0
SPLINE
  5
1D4
330
1F
100
AcDbEntity
  8
0
  6
Continuous
 62
     7
370
    25
100
AcDbSpline
210
0.0
220
0.0
230
1.0
 70
     8
 71
     3
 72
    15
 73
    11
 74
     0
 42
0.00000001
 43
0.00000001
 40
0.0
 40
0.0
 40
0.0
 40
0.0
 40
0.0450879906927756
 40
0.1141527479038
 40
0.2016496348292588
 40
0.3151913962690778
 40
0.449977986204783
 40
0.6112896856574604
 40
0.7923276606533195
 40
0.9999999999999999
 40
0.9999999999999999
 40
0.9999999999999999
 40
0.9999999999999999
 10
-107.7731307337431
 20
5.277884558929062
 30
0.0
 10
-107.7720052064007
 20
5.284396458601641
 30
0.0
 10
-107.7691556219106
 20
5.300883137876481
 30
0.0
 10
-107.7555226273057
 20
5.327354512519726
 30
0.0
 10
-107.7356467332689
 20
5.361258043121481
 30
0.0
 10
-107.708481835096
 20
5.402166849038022
 30
0.0
 10
-107.6714897543855
 20
5.449141531854168
 30
0.0
 10
-107.6282543892857
 20
5.50372612932948
 30
0.0
 10
-107.5762907364286
 20
5.564917324754384
 30
0.0
 10
-107.5392458571792
 20
5.607875111774612
 30
0.0
 10
-107.5194542631548
 20
5.63082573539965
 30
0.0
  0
SPLINE
  5
1D5
330
1F
100
AcDbEntity
  8
0
  6
Continuous
 62
     7
370
    25
100
AcDbSpline
210
0.0
220
0.0
230
1.0
 70
     8
 71
     3
 72
    11
 73
     7
 74
     0
 42
0.00000001
 43
0.00000001
 40
0.0
 40
0.0
 40
0.0
 40
0.0
 40
0.2648416901845733
 40
0.4899638806086299
 40
0.7195443689916142
 40
1.0
 40
1.0
 40
1.0
 40
1.0
 10
-107.7248770572725
 20
5.237902941282003
 30
0.0
 10
-107.730912843273
 20
5.238450264222273
 30
0.0
 10
-107.7420792012934
 20
5.239462825619133
 30
0.0
 10
-107.7575500620875
 20
5.246556101139634
 30
0.0
 10
-107.7676341399594
 20
5.260673060073176
 30
0.0
 10
-107.7711806176574
 20
5.271778155200264
 30
0.0
 10
-107.7731307337431
 20
5.277884558929062
 30
0.0
  0
SPLINE
  5
1D6
330
1F
100
AcDbEntity
  8
0
  6
Continuous
 62
     7
370
    25
100
AcDbSpline
210
0.0
220
0.0
230
1.0
 70
     8
 71
     3
 72
    23
 73
    19
 74
     0
 42
0.00000001
 43
0.00000001
 40
0.0
 40
0.0
 40
0.0
 40
0.0
 40
0.0328975179680439
 40
0.074611346220827
 40
0.1247362110128468
 40
0.1838477006880415
 40
0.2522950665330119
 40
0.3303022656167987
 40
0.4191253376569078
 40
0.5177363274529955
 40
0.615270465883241
 40
0.7029882626235227
 40
0.7787452822741222
 40
0.8437095783358755
 40
0.8979959489509429
 40
0.9418032182291807
 40
0.9755161264985122
 40
1.0
 40
1.0
 40
1.0
 40
1.0
 10
-106.9224873513901
 20
5.767314705987885
 30
0.0
 10
-106.9331336227942
 20
5.766319065483782
 30
0.0
 10
-106.9572792936761
 20
5.764060959615882
 30
0.0
 10
-106.9956748652656
 20
5.750404122192985
 30
0.0
 10
-107.0398610604518
 20
5.729460099548792
 30
0.0
 10
-107.0894547751702
 20
5.700044022730867
 30
0.0
 10
-107.1445857217346
 20
5.662624663969796
 30
0.0
 10
-107.2052950979051
 20
5.61648077259113
 30
0.0
 10
-107.2727283044274
 20
5.563079148713919
 30
0.0
 10
-107.3429019871384
 20
5.503047670913988
 30
0.0
 10
-107.4117528814569
 20
5.442035177240925
 30
0.0
 10
-107.477810449266
 20
5.389203572212425
 30
0.0
 10
-107.5356919151959
 20
5.343049192403646
 30
0.0
 10
-107.5866765651062
 20
5.305729680303868
 30
0.0
 10
-107.6306830890664
 20
5.276336225535381
 30
0.0
 10
-107.6678927057428
 20
5.255559552326234
 30
0.0
 10
-107.6981981692758
 20
5.241453008593144
 30
0.0
 10
-107.7169767507652
 20
5.238954207732196
 30
0.0
 10
-107.7248770572725
 20
5.237902941282003
 30
0.0
  0
SPLINE
  5
1D7
330
1F
100
AcDbEntity
  8
0
  6
Continuous
 62
     7
370
    25
100
AcDbSpline
210
0.0
220
0.0
230
1.0
 70
     8
 71
     3
 72
    11
 73
     7
 74
     0
 42
0.00000001
 43
0.00000001
 40
0.0
 40
0.0
 40
0.0
 40
0.0
 40
0.3247352397246487
 40
0.5050805952589039
 40
0.6849605426482356
 40
1.0
 40
1.0
 40
1.0
 40
1.0
 10
-106.8632042631548
 20
5.699759558929061
 30
0.0
 10
-106.8635297875093
 20
5.711120368164601
 30
0.0
 10
-106.864036095463
 20
5.728790530159258
 30
0.0
 10
-106.8705649368515
 20
5.754015142088686
 30
0.0
 10
-106.8940953507895
 20
5.764799779810248
 30
0.0
 10
-106.9114440739091
 20
5.76633650695166
 30
0.0
 10
-106.9224873513901
 20
5.767314705987885
 30
0.0
  0
SPLINE
  5
1D8
330
1F
100
AcDbEntity
  8
0
  6
Continuous
 62
     7
370
    25
100
AcDbSpline
210
0.0
220
0.0
230
1.0
 70
     8
 71
     3
 72
    23
 73
    19
 74
     0
 42
0.00000001
 43
0.00000001
 40
0.0
 40
0.0
 40
0.0
 40
0.0
 40
0.0599759818315751
 40
0.1236703197895784
 40
0.190080615171855
 40
0.2619137852308743
 40
0.337314062144329
 40
0.4180467866880473
 40
0.5036573383147795
 40
0.5943706226155294
 40
0.6824304208735114
 40
0.7599397882343107
 40
0.8269080678299707
 40
0.8826758015802599
 40
0.9279322817192039
 40
0.9627192382602203
 40
0.9864152591974878
 40
0.9999999999999999
 40
0.9999999999999999
 40
0.9999999999999999
 40
0.9999999999999999
 10
-107.569086616096
 20
4.096358823634945
 30
0.0
 10
-107.5679425038358
 20
4.131799564955379
 30
0.0
 10
-107.5655833473073
 20
4.204878282115631
 30
0.0
 10
-107.5483489607221
 20
4.316127242287724
 30
0.0
 10
-107.5198888351773
 20
4.43206248320235
 30
0.0
 10
-107.4817505659724
 20
4.552513130896177
 30
0.0
 10
-107.4310642102311
 20
4.677404856502629
 30
0.0
 10
-107.3704706341223
 20
4.806795915191738
 30
0.0
 10
-107.2985856792675
 20
4.940674824995824
 30
0.0
 10
-107.2173587097824
 20
5.074135127508685
 30
0.0
 10
-107.1364045179096
 20
5.202083500270696
 30
0.0
 10
-107.0647034601938
 20
5.319275900116171
 30
0.0
 10
-107.004310069186
 20
5.421018649120517
 30
0.0
 10
-106.9542872023782
 20
5.506705402274339
 30
0.0
 10
-106.9150921986682
 20
5.576828010372775
 30
0.0
 10
-106.888258258423
 20
5.631763079504231
 30
0.0
 10
-106.8691767980855
 20
5.670214985624911
 30
0.0
 10
-106.8647993587484
 20
5.691869036858156
 30
0.0
 10
-106.8632042631548
 20
5.699759558929063
 30
0.0
  0
SPLINE
  5
1D9
330
1F
100
AcDbEntity
  8
0
  6
Continuous
 62
     7
370
    25
100
AcDbSpline
210
0.0
220
0.0
230
1.0
 70
     8
 71
     3
 72
    15
 73
    11
 74
     0
 42
0.00000001
 43
0.00000001
 40
0.0
 40
0.0
 40
0.0
 40
0.0
 40
0.1258587981719515
 40
0.2457558490814225
 40
0.3625216067100711
 40
0.4832921235278152
 40
0.6051129907500354
 40
0.728973565896136
 40
0.8597390169454242
 40
1.0
 40
1.0
 40
1.0
 40
1.0
 10
-107.0010719102136
 20
3.473197058929062
 30
0.0
 10
-107.040799892785
 20
3.475336316462482
 30
0.0
 10
-107.1183740014761
 20
3.479513498027581
 30
0.0
 10
-107.2293312795479
 20
3.511612748946687
 30
0.0
 10
-107.3285148493479
 20
3.567070195511408
 30
0.0
 10
-107.4135652686072
 20
3.643208408689766
 30
0.0
 10
-107.4833639340554
 20
3.736366061112408
 30
0.0
 10
-107.533236746887
 20
3.844874015810847
 30
0.0
 10
-107.5644683951019
 20
3.966413216994962
 30
0.0
 10
-107.5675116682868
 20
4.052043588666486
 30
0.0
 10
-107.569086616096
 20
4.096358823634945
 30
0.0
  0
SPLINE
  5
1DA
330
1F
100
AcDbEntity
  8
0
  6
Continuous
 62
     7
370
    25
100
AcDbSpline
210
0.0
220
0.0
230
1.0
 70
     8
 71
     3
 72
    19
 73
    15
 74
     0
 42
0.00000001
 43
0.00000001
 40
0.0
 40
0.0
 40
0.0
 40
0.0
 40
0.1782274530013424
 40
0.3419249211819166
 40
0.4900736861176663
 40
0.6241756186905179
 40
0.6856242285179908
 40
0.7422490025722761
 40
0.7945922890161623
 40
0.8425037938327442
 40
0.8868283292110186
 40
0.9277398718098022
 40
0.9648654131491409
 40
0.9999999999999999
 40
0.9999999999999999
 40
0.9999999999999999
 40
0.9999999999999999
 10
-105.4500608808019
 20
4.733307353046709
 30
0.0
 10
-105.5254719357531
 20
4.637921550819218
 30
0.0
 10
-105.6701461629063
 20
4.454926269456684
 30
0.0
 10
-105.8913634026924
 20
4.203985109582999
 30
0.0
 10
-106.1056682436407
 20
3.987872760213366
 30
0.0
 10
-106.2804027021029
 20
3.831220523868871
 30
0.0
 10
-106.4159190864708
 20
3.725101207241646
 30
0.0
 10
-106.5115442797276
 20
3.658955484889884
 30
0.0
 10
-106.6019853524692
 20
3.601508471820865
 30
0.0
 10
-106.6898400608537
 20
3.556651240544701
 30
0.0
 10
-106.7719715768598
 20
3.517370088761464
 30
0.0
 10
-106.8521856343948
 20
3.493641081922013
 30
0.0
 10
-106.9277717107105
 20
3.476814172495907
 30
0.0
 10
-106.977091472958
 20
3.474380411300872
 30
0.0
 10
-107.0010719102136
 20
3.473197058929062
 30
0.0
  0
CIRCLE
  5
1EB
330
1F
100
AcDbEntity
  8
0
  6
Continuous
 62
     7
370
    25
100
AcDbCircle
 10
0.0
 20
-89.9127292158
 30
0.0
 40
6.250000000000014
  0
CIRCLE
  5
1EC
330
1F
100
AcDbEntity
  8
0
  6
Continuous
 62
     7
370
    25
100
AcDbCircle
 10
120.0
 20
-89.9127292158
 30
0.0
 40
6.250000000000043
  0
CIRCLE
  5
1ED
330
1F
100
AcDbEntity
  8
0
  6
Continuous
 62
     7
370
    25
100
AcDbCircle
 10
-120.0
 20
-89.9127292158
 30
0.0
 40
6.249999999999986
  0
SPLINE
  5
1EF
330
1F
100
AcDbEntity
  8
0
  6
Continuous
 62
     7
370
    25
100
AcDbSpline
210
0.0
220
0.0
230
1.0
 70
     8
 71
     3
 72
    11
 73
     7
 74
     0
 42
0.00000001
 43
0.00000001
 40
0.0
 40
0.0
 40
0.0
 40
0.0
 40
0.2688544652208706
 40
0.5291388441336381
 40
0.7744753789194105
 40
1.0
 40
1.0
 40
1.0
 40
1.0
 10
-92.83379249844893
 20
5.956193382458473
 30
0.0
 10
-92.83621093620293
 20
5.989209512626326
 30
0.0
 10
-92.84097072085709
 20
6.054189340803743
 30
0.0
 10
-92.89278365440337
 20
6.134890881269506
 30
0.0
 10
-92.96040314646501
 20
6.197949453741501
 30
0.0
 10
-93.01835292879566
 20
6.20507723831587
 30
0.0
 10
-93.04610867491952
 20
6.208491176576122
 30
0.0
  0
SPLINE
  5
1F0
330
1F
100
AcDbEntity
  8
0
  6
Continuous
 62
     7
370
    25
100
AcDbSpline
210
0.0
220
0.0
230
1.0
 70
     8
 71
     3
 72
    23
 73
    19
 74
     0
 42
0.00000001
 43
0.00000001
 40
0.0
 40
0.0
 40
0.0
 40
0.0
 40
0.0707959305431387
 40
0.1404750535120751
 40
0.2097030332129721
 40
0.2786808432287297
 40
0.3477713417004721
 40
0.4173356233900024
 40
0.4881040775581011
 40
0.5596650635280901
 40
0.6299340307101864
 40
0.6945643639376038
 40
0.7539098409259543
 40
0.8093391829146851
 40
0.8613908448946516
 40
0.9092509227464238
 40
0.9551755221759706
 40
1.0
 40
1.0
 40
1.0
 40
1.0
 10
-94.34895793962541
 20
4.70849117657612
 30
0.0
 10
-94.30013866694016
 20
4.716655285406386
 30
0.0
 10
-94.20327024681677
 20
4.732854714046018
 30
0.0
 10
-94.06053345889646
 20
4.767043914053374
 30
0.0
 10
-93.92253242339306
 20
4.813042891615533
 30
0.0
 10
-93.78839270027744
 20
4.868183576654819
 30
0.0
 10
-93.65855227800623
 20
4.933311429672089
 30
0.0
 10
-93.53228307299275
 20
5.007707649064074
 30
0.0
 10
-93.41159712107701
 20
5.093813294894764
 30
0.0
 10
-93.29527145936405
 20
5.186424545386575
 30
0.0
 10
-93.18850619190769
 20
5.283699509082275
 30
0.0
 10
-93.0941253457831
 20
5.38147635390052
 30
0.0
 10
-93.0145488511141
 20
5.478624282053295
 30
0.0
 10
-92.94918139120176
 20
5.575396872931925
 30
0.0
 10
-92.89778831455415
 20
5.67137509698001
 30
0.0
 10
-92.86131052976705
 20
5.766743025160044
 30
0.0
 10
-92.83752705598255
 20
5.86127044938888
 30
0.0
 10
-92.83502724951269
 20
5.924809157814265
 30
0.0
 10
-92.83379249844893
 20
5.956193382458473
 30
0.0
  0
SPLINE
  5
1F1
330
1F
100
AcDbEntity
  8
0
  6
Continuous
 62
     7
370
    25
100
AcDbSpline
210
0.0
220
0.0
230
1.0
 70
     8
 71
     3
 72
    19
 73
    15
 74
     0
 42
0.00000001
 43
0.00000001
 40
0.0
 40
0.0
 40
0.0
 40
0.0
 40
0.0304389945515574
 40
0.0648899073457744
 40
0.1040039503470912
 40
0.1478315652889959
 40
0.1978524551067095
 40
0.2536359018182844
 40
0.3159266463925897
 40
0.3844073720821249
 40
0.5295337414764497
 40
0.6798386697173001
 40
0.8366901049093265
 40
1.0
 40
1.0
 40
1.0
 40
1.0
 10
-93.04610867491954
 20
6.208491176576122
 30
0.0
 10
-93.06694652239504
 20
6.207027022502684
 30
0.0
 10
-93.11136868586964
 20
6.203905736022461
 30
0.0
 10
-93.17912139754645
 20
6.18068646149525
 30
0.0
 10
-93.25283564920625
 20
6.148585234382709
 30
0.0
 10
-93.32838498846118
 20
6.09748701012867
 30
0.0
 10
-93.41147114521208
 20
6.037852439959051
 30
0.0
 10
-93.49806044334383
 20
5.962080368286504
 30
0.0
 10
-93.59040802054798
 20
5.874106539029071
 30
0.0
 10
-93.71959839562835
 20
5.736605105785695
 30
0.0
 10
-93.87920211245803
 20
5.545368001366808
 30
0.0
 10
-94.0546205395647
 20
5.290298887939405
 30
0.0
 10
-94.21358438108638
 20
5.010138167585055
 30
0.0
 10
-94.3032306233286
 20
4.810383359338482
 30
0.0
 10
-94.34895793962541
 20
4.70849117657612
 30
0.0
  0
SPLINE
  5
1F2
330
1F
100
AcDbEntity
  8
0
  6
Continuous
 62
     7
370
    25
100
AcDbSpline
210
0.0
220
0.0
230
1.0
 70
     8
 71
     3
 72
    15
 73
    11
 74
     0
 42
0.00000001
 43
0.00000001
 40
0.0
 40
0.0
 40
0.0
 40
0.0
 40
0.1267587488277104
 40
0.2473285590360289
 40
0.3652270355339783
 40
0.4850533454753237
 40
0.6075089412122715
 40
0.7301141467737872
 40
0.8604382350752745
 40
1.0
 40
1.0
 40
1.0
 40
1.0
 10
-108.6279101455078
 20
1.30178161775259
 30
0.0
 10
-108.6267610176647
 20
1.274514671935423
 30
0.0
 10
-108.6245188676262
 20
1.22131207660656
 30
0.0
 10
-108.6018349326232
 20
1.145328483164891
 30
0.0
 10
-108.5636471596254
 20
1.077948608983081
 30
0.0
 10
-108.5122056971832
 20
1.019475937367795
 30
0.0
 10
-108.4486486405702
 20
0.9725995802232178
 30
0.0
 10
-108.3748513210082
 20
0.939199059742532
 30
0.0
 10
-108.2926955509502
 20
0.9178887671990478
 30
0.0
 10
-108.2346649221566
 20
0.9155717115392377
 30
0.0
 10
-108.2046564690372
 20
0.9143735295172977
 30
0.0
  0
SPLINE
  5
1F3
330
1F
100
AcDbEntity
  8
0
  6
Continuous
 62
     7
370
    25
100
AcDbSpline
210
0.0
220
0.0
230
1.0
 70
     8
 71
     3
 72
    23
 73
    19
 74
     0
 42
0.00000001
 43
0.00000001
 40
0.0
 40
0.0
 40
0.0
 40
0.0
 40
0.0915879132043598
 40
0.178202054629408
 40
0.2607336704285857
 40
0.3390636271329713
 40
0.4133414489233641
 40
0.4835192656294781
 40
0.5501240057983768
 40
0.6128944500270473
 40
0.671860108434525
 40
0.7267271005901644
 40
0.7781795941410509
 40
0.8262701820222005
 40
0.8720220613159715
 40
0.9157603272737447
 40
0.9578433592185793
 40
1.0
 40
1.0
 40
1.0
 40
1.0
 10
-106.2938108808019
 20
3.202976470693768
 30
0.0
 10
-106.3854961521732
 20
3.170979859432512
 30
0.0
 10
-106.5638876360054
 20
3.108724244379774
 30
0.0
 10
-106.8210255986917
 20
3.007132793368332
 30
0.0
 10
-107.0625747492105
 20
2.904597107661149
 30
0.0
 10
-107.2876067393055
 20
2.797121945991228
 30
0.0
 10
-107.4958802208616
 20
2.685539190121903
 30
0.0
 10
-107.6880029910796
 20
2.570716817982377
 30
0.0
 10
-107.8649658630058
 20
2.454582035228919
 30
0.0
 10
-108.0238271607464
 20
2.333265021662995
 30
0.0
 10
-108.164014645079
 20
2.209039836310499
 30
0.0
 10
-108.288645165433
 20
2.085513512195915
 30
0.0
 10
-108.3916379538897
 20
1.957965360469098
 30
0.0
 10
-108.4791328207318
 20
1.830884198454286
 30
0.0
 10
-108.5457550232522
 20
1.700605872233273
 30
0.0
 10
-108.59304744912
 20
1.569055989898926
 30
0.0
 10
-108.6220734494801
 20
1.435855789932716
 30
0.0
 10
-108.6259634471353
 20
1.346499035197846
 30
0.0
 10
-108.6279101455078
 20
1.301781617752592
 30
0.0
  0
SPLINE
  5
1F4
330
1F
100
AcDbEntity
  8
0
  6
Continuous
 62
     7
370
    25
100
AcDbSpline
210
0.0
220
0.0
230
1.0
 70
     8
 71
     3
 72
    23
 73
    19
 74
     0
 42
0.00000001
 43
0.00000001
 40
0.0
 40
0.0
 40
0.0
 40
0.0
 40
0.0313157169411271
 40
0.0632609584895762
 40
0.0964294242016536
 40
0.131554312030924
 40
0.1686880894856753
 40
0.2084126294870426
 40
0.2516693763308007
 40
0.2974487971331596
 40
0.3500699494251122
 40
0.4126345832115845
 40
0.4852838671848256
 40
0.5681074197016032
 40
0.6607827354049662
 40
0.7633439380924372
 40
0.8768129025976786
 40
1.0
 40
1.0
 40
1.0
 40
1.0
 10
-108.2046564690372
 20
0.9143735295172977
 30
0.0
 10
-108.1723752296473
 20
0.9157133330642448
 30
0.0
 10
-108.1071638168328
 20
0.9184198735763798
 30
0.0
 10
-108.0098536295279
 20
0.940422833921999
 30
0.0
 10
-107.912241070654
 20
0.9748287422976197
 30
0.0
 10
-107.8160430462694
 20
1.025784993272336
 30
0.0
 10
-107.7187882642264
 20
1.087992131566962
 30
0.0
 10
-107.6217112773536
 20
1.164985415665369
 30
0.0
 10
-107.5247315671393
 20
1.255596067207446
 30
0.0
 10
-107.4254175566574
 20
1.362601104304596
 30
0.0
 10
-107.3201607749911
 20
1.490799008651823
 30
0.0
 10
-107.2063607657806
 20
1.647329336098206
 30
0.0
 10
-107.08117318769
 20
1.833788193873333
 30
0.0
 10
-106.945376445113
 20
2.05031830085636
 30
0.0
 10
-106.7979899716271
 20
2.295859153634044
 30
0.0
 10
-106.6392099942064
 20
2.571309584566169
 30
0.0
 10
-106.4685896414397
 20
2.876179857723539
 30
0.0
 10
-106.3536438598471
 20
3.091102380131872
 30
0.0
 10
-106.2938108808019
 20
3.202976470693768
 30
0.0
  0
SPLINE
  5
1F5
330
1F
100
AcDbEntity
  8
0
  6
Continuous
 62
     7
370
    25
100
AcDbSpline
210
0.0
220
0.0
230
1.0
 70
     8
 71
     3
 72
    15
 73
    11
 74
     0
 42
0.00000001
 43
0.00000001
 40
0.0
 40
0.0
 40
0.0
 40
0.0
 40
0.1545816757156754
 40
0.2888482505559555
 40
0.407032211227798
 40
0.515030572437203
 40
0.6204635156325492
 40
0.7327299966227361
 40
0.8582477381671492
 40
1.0
 40
1.0
 40
1.0
 40
1.0
 10
-84.0102630866842
 20
4.008123529517297
 30
0.0
 10
-84.00944618067872
 20
3.986021419480294
 30
0.0
 10
-84.0079197263337
 20
3.944721855426356
 30
0.0
 10
-83.99747665000694
 20
3.887163266267623
 30
0.0
 10
-83.97830326854675
 20
3.838878907128489
 30
0.0
 10
-83.9501099831152
 20
3.799997998099807
 30
0.0
 10
-83.91247135063722
 20
3.771494822195442
 30
0.0
 10
-83.86686623161455
 20
3.75258726724036
 30
0.0
 10
-83.81380309722569
 20
3.739768644971744
 30
0.0
 10
-83.77551489313078
 20
3.738549526420332
 30
0.0
 10
-83.7552079396254
 20
3.737902941282003
 30
0.0
  0
SPLINE
  5
1F6
330
1F
100
AcDbEntity
  8
0
  6
Continuous
 62
     7
370
    25
100
AcDbSpline
210
0.0
220
0.0
230
1.0
 70
     8
 71
     3
 72
    15
 73
    11
 74
     0
 42
0.00000001
 43
0.00000001
 40
0.0
 40
0.0
 40
0.0
 40
0.0
 40
0.1671834588017939
 40
0.3212838970944344
 40
0.4644608522502643
 40
0.595085399817855
 40
0.7135674611539242
 40
0.8190694621765228
 40
0.9151149472127242
 40
1.0
 40
1.0
 40
1.0
 40
1.0
 10
-83.66972999844891
 20
4.89599117657612
 30
0.0
 10
-83.6967615952785
 20
4.849786713754868
 30
0.0
 10
-83.748709418564
 20
4.760993540167246
 30
0.0
 10
-83.81776601418382
 20
4.629251402411175
 30
0.0
 10
-83.87729942143294
 20
4.505830516854596
 30
0.0
 10
-83.92592692540092
 20
4.389957091780892
 30
0.0
 10
-83.96331821456074
 20
4.282677774989589
 30
0.0
 10
-83.99043138368614
 20
4.183782320815732
 30
0.0
 10
-84.00614241664327
 20
4.093184106656027
 30
0.0
 10
-84.00894719963209
 20
4.035286614887676
 30
0.0
 10
-84.01026308668422
 20
4.008123529517299
 30
0.0
  0
SPLINE
  5
1F7
330
1F
100
AcDbEntity
  8
0
  6
Continuous
 62
     7
370
    25
100
AcDbSpline
210
0.0
220
0.0
230
1.0
 70
     8
 71
     3
 72
    19
 73
    15
 74
     0
 42
0.00000001
 43
0.00000001
 40
0.0
 40
0.0
 40
0.0
 40
0.0
 40
0.030418119552492
 40
0.064094321778093
 40
0.1018105696149264
 40
0.1434827437920038
 40
0.1907922071788207
 40
0.2432653565007978
 40
0.3002370832438188
 40
0.3634166501840098
 40
0.5014519546766832
 40
0.6535783975015632
 40
0.8192730257860824
 40
0.9999999999999999
 40
0.9999999999999999
 40
0.9999999999999999
 40
0.9999999999999999
 10
-82.40961970433126
 20
6.208491176576122
 30
0.0
 10
-82.42856793053552
 20
6.20732401634333
 30
0.0
 10
-82.468493926137
 20
6.204864681426255
 30
0.0
 10
-82.5296649674831
 20
6.18675973189553
 30
0.0
 10
-82.59453457438687
 20
6.159209766829307
 30
0.0
 10
-82.66256004380428
 20
6.119040664038428
 30
0.0
 10
-82.73580382314964
 20
6.070046550630075
 30
0.0
 10
-82.81067911712816
 20
6.007286778107482
 30
0.0
 10
-82.88988856803905
 20
5.934709462237634
 30
0.0
 10
-83.00455172089991
 20
5.822072616933103
 30
0.0
 10
-83.15138306170662
 20
5.657985290850447
 30
0.0
 10
-83.3237935055129
 20
5.432450549502646
 30
0.0
 10
-83.49952641364237
 20
5.176534847447635
 30
0.0
 10
-83.6113776093098
 20
4.9921724260593
 30
0.0
 10
-83.66972999844891
 20
4.89599117657612
 30
0.0
  0
SPLINE
  5
1F8
330
1F
100
AcDbEntity
  8
0
  6
Continuous
 62
     7
370
    25
100
AcDbSpline
210
0.0
220
0.0
230
1.0
 70
     8
 71
     3
 72
    15
 73
    11
 74
     0
 42
0.00000001
 43
0.00000001
 40
0.0
 40
0.0
 40
0.0
 40
0.0
 40
0.1588879990143068
 40
0.3004022474505314
 40
0.4283496636664995
 40
0.5472465822693939
 40
0.6594396046308876
 40
0.7679517575658261
 40
0.8799762585819191
 40
0.9999999999999999
 40
0.9999999999999999
 40
0.9999999999999999
 40
0.9999999999999999
 10
-82.06908661609597
 20
5.761800000105533
 30
0.0
 10
-82.07006929816835
 20
5.795400228871119
 30
0.0
 10
-82.07192721006163
 20
5.858926639290107
 30
0.0
 10
-82.08765885273638
 20
5.948708450643363
 30
0.0
 10
-82.11753735123045
 20
6.025544327451962
 30
0.0
 10
-82.15525123002112
 20
6.09209069468112
 30
0.0
 10
-82.20616339337563
 20
6.143767687336106
 30
0.0
 10
-82.26548317678713
 20
6.182654344236822
 30
0.0
 10
-82.33500368053654
 20
6.2052031304436
 30
0.0
 10
-82.38418259272815
 20
6.207370259215807
 30
0.0
 10
-82.40961970433128
 20
6.208491176576122
 30
0.0
  0
SPLINE
  5
1F9
330
1F
100
AcDbEntity
  8
0
  6
Continuous
 62
     7
370
    25
100
AcDbSpline
210
0.0
220
0.0
230
1.0
 70
     8
 71
     3
 72
    15
 73
    11
 74
     0
 42
0.00000001
 43
0.00000001
 40
0.0
 40
0.0
 40
0.0
 40
0.0
 40
0.159317021111988
 40
0.3101660852927313
 40
0.4524841436594472
 40
0.5865210101013837
 40
0.7094381795566193
 40
0.8193228141089512
 40
0.9154396438549405
 40
1.0
 40
1.0
 40
1.0
 40
1.0
 10
-82.70879249844891
 20
4.496175000105532
 30
0.0
 10
-82.66037667314754
 20
4.555428632261369
 30
0.0
 10
-82.56611840183963
 20
4.670786470343418
 30
0.0
 10
-82.43892312368428
 20
4.847187428228258
 30
0.0
 10
-82.330099948932
 20
5.021219718484907
 30
0.0
 10
-82.2374679880686
 20
5.189285545778521
 30
0.0
 10
-82.16493660706138
 20
5.349983614231552
 30
0.0
 10
-82.10930663474103
 20
5.498005502467918
 30
0.0
 10
-82.07735953407109
 20
5.634539989330664
 30
0.0
 10
-82.07172410430736
 20
5.721228247888489
 30
0.0
 10
-82.06908661609597
 20
5.761800000105533
 30
0.0
  0
SPLINE
  5
1FB
330
1F
100
AcDbEntity
  8
0
  6
Continuous
 62
     7
370
    25
100
AcDbSpline
210
0.0
220
0.0
230
1.0
 70
     8
 71
     3
 72
    15
 73
    11
 74
     0
 42
0.00000001
 43
0.00000001
 40
0.0
 40
0.0
 40
0.0
 40
0.0
 40
0.1045926110271836
 40
0.2122034653696789
 40
0.3268197261508463
 40
0.4538009981680017
 40
0.5893305775425718
 40
0.7210643290550395
 40
0.8568867966946022
 40
1.0
 40
1.0
 40
1.0
 40
1.0
 10
-83.18719323374303
 20
4.143233823634945
 30
0.0
 10
-83.1856879572872
 20
4.165561284958756
 30
0.0
 10
-83.18263396640653
 20
4.210860514218735
 30
0.0
 10
-83.15411762016714
 20
4.275517829030618
 30
0.0
 10
-83.11022777122498
 20
4.335875931345804
 30
0.0
 10
-83.05038293562853
 20
4.389780602392333
 30
0.0
 10
-82.9811775504874
 20
4.437793102557118
 30
0.0
 10
-82.90163354192111
 20
4.47079965923038
 30
0.0
 10
-82.81658386119392
 20
4.492628993100586
 30
0.0
 10
-82.75718896402364
 20
4.494972579124498
 30
0.0
 10
-82.72671529256657
 20
4.496175000105532
 30
0.0
  0
SPLINE
  5
1FC
330
1F
100
AcDbEntity
  8
0
  6
Continuous
 62
     7
370
    25
100
AcDbSpline
210
0.0
220
0.0
230
1.0
 70
     8
 71
     3
 72
    11
 73
     7
 74
     0
 42
0.00000001
 43
0.00000001
 40
0.0
 40
0.0
 40
0.0
 40
0.0
 40
0.3637364323283782
 40
0.6392650695633284
 40
0.8479805848971623
 40
1.0
 40
1.0
 40
1.0
 40
1.0
 10
-83.15134764550776
 20
4.020531617752593
 30
0.0
 10
-83.15609793714599
 20
4.035337695031155
 30
0.0
 10
-83.16444655236477
 20
4.061359306231474
 30
0.0
 10
-83.17926814493346
 20
4.094645215812188
 30
0.0
 10
-83.18424144795692
 20
4.121526686057277
 30
0.0
 10
-83.18631809976783
 20
4.136798175869458
 30
0.0
 10
-83.18719323374303
 20
4.143233823634945
 30
0.0
  0
SPLINE
  5
1FD
330
1F
100
AcDbEntity
  8
0
  6
Continuous
 62
     7
370
    25
100
AcDbSpline
210
0.0
220
0.0
230
1.0
 70
     8
 71
     3
 72
    13
 73
     9
 74
     0
 42
0.00000001
 43
0.00000001
 40
0.0
 40
0.0
 40
0.0
 40
0.0
 40
0.099514645500611
 40
0.2048661570413738
 40
0.3215618241385919
 40
0.4461593606625621
 40
0.715704739804583
 40
1.0
 40
1.0
 40
1.0
 40
1.0
 10
-83.7552079396254
 20
3.737902941282003
 30
0.0
 10
-83.73262117272688
 20
3.738640762976475
 30
0.0
 10
-83.68612284967895
 20
3.740159682069921
 30
0.0
 10
-83.61450290431038
 20
3.755332953565615
 30
0.0
 10
-83.53945148171404
 20
3.778819480058241
 30
0.0
 10
-83.43202586628696
 20
3.82229341878978
 30
0.0
 10
-83.29661006279383
 20
3.897511404656016
 30
0.0
 10
-83.20062058172485
 20
3.978803225601534
 30
0.0
 10
-83.15134764550776
 20
4.020531617752593
 30
0.0
  0
LINE
  5
1FE
330
1F
100
AcDbEntity
  8
0
  6
Continuous
 62
     7
370
    25
100
AcDbLine
 10
135.9071052742
 20
151.4590704497
 30
0.0
 11
140.0928947258
 21
151.4590704497
 31
0.0
  0
LINE
  5
1FF
330
1F
100
AcDbEntity
  8
0
  6
Continuous
 62
     7
370
    25
100
AcDbLine
 10
133.8142105484
 20
147.8340704497
 30
0.0
 11
135.9071052742
 21
151.4590704497
 31
0.0
  0
LINE
  5
200
330
1F
100
AcDbEntity
  8
0
  6
Continuous
 62
     7
370
    25
100
AcDbLine
 10
135.9071052742
 20
144.2090704497
 30
0.0
 11
133.8142105484
 21
147.8340704497
 31
0.0
  0
LINE
  5
201
330
1F
100
AcDbEntity
  8
0
  6
Continuous
 62
     7
370
    25
100
AcDbLine
 10
140.0928947258
 20
144.2090704497
 30
0.0
 11
135.9071052742
 21
144.2090704497
 31
0.0
  0
LINE
  5
202
330
1F
100
AcDbEntity
  8
0
  6
Continuous
 62
     7
370
    25
100
AcDbLine
 10
142.1857894516
 20
147.8340704497
 30
0.0
 11
140.0928947258
 21
144.2090704497
 31
0.0
  0
LINE
  5
203
330
1F
100
AcDbEntity
  8
0
  6
Continuous
 62
     7
370
    25
100
AcDbLine
 10
140.0928947258
 20
151.4590704497
 30
0.0
 11
142.1857894516
 21
147.8340704497
 31
0.0
  0
LINE
  5
204
330
1F
100
AcDbEntity
  8
0
  6
Continuous
 62
     7
370
    25
100
AcDbLine
 10
-140.0928947258
 20
151.4590704497
 30
0.0
 11
-135.9071052742
 21
151.4590704497
 31
0.0
  0
LINE
  5
205
330
1F
100
AcDbEntity
  8
0
  6
Continuous
 62
     7
370
    25
100
AcDbLine
 10
-142.1857894516
 20
147.8340704497
 30
0.0
 11
-140.0928947258
 21
151.4590704497
 31
0.0
  0
LINE
  5
206
330
1F
100
AcDbEntity
  8
0
  6
Continuous
 62
     7
370
    25
100
AcDbLine
 10
-140.0928947258
 20
144.2090704497
 30
0.0
 11
-142.1857894516
 21
147.8340704497
 31
0.0
  0
LINE
  5
207
330
1F
100
AcDbEntity
  8
0
  6
Continuous
 62
     7
370
    25
100
AcDbLine
 10
-135.9071052742
 20
144.2090704497
 30
0.0
 11
-140.0928947258
 21
144.2090704497
 31
0.0
  0
LINE
  5
208
330
1F
100
AcDbEntity
  8
0
  6
Continuous
 62
     7
370
    25
100
AcDbLine
 10
-133.8142105484
 20
147.8340704497
 30
0.0
 11
-135.9071052742
 21
144.2090704497
 31
0.0
  0
LINE
  5
209
330
1F
100
AcDbEntity
  8
0
  6
Continuous
 62
     7
370
    25
100
AcDbLine
 10
-135.9071052742
 20
151.4590704497
 30
0.0
 11
-133.8142105484
 21
147.8340704497
 31
0.0
  0
LINE
  5
20A
330
1F
100
AcDbEntity
  8
0
  6
Continuous
 62
     7
370
    25
100
AcDbLine
 10
-114.8429836749
 20
4.5278845589
 30
0.0
 11
-114.8236822043
 21
4.5278845589
 31
0.0
  0
LINE
  5
20B
330
1F
100
AcDbEntity
  8
0
  6
Continuous
 62
     7
370
    25
100
AcDbLine
 10
-91.1697299984
 20
4.9580316178
 30
0.0
 11
-92.1279101455
 21
3.4731970589
 31
0.0
  0
LINE
  5
20C
330
1F
100
AcDbEntity
  8
0
  6
Continuous
 62
     7
370
    25
100
AcDbLine
 10
-92.1279101455
 20
3.4731970589
 30
0.0
 11
-91.0180755867
 21
3.561432353
 31
0.0
  0
LINE
  5
20D
330
1F
100
AcDbEntity
  8
0
  6
Continuous
 62
     7
370
    25
100
AcDbLine
 10
-89.2078733808
 20
4.6726455883
 30
0.0
 11
-89.9041049984
 21
3.4731970589
 31
0.0
  0
LINE
  5
20E
330
1F
100
AcDbEntity
  8
0
  6
Continuous
 62
     7
370
    25
100
AcDbLine
 10
-89.9041049984
 20
3.4731970589
 30
0.0
 11
-88.8039211749
 21
3.561432353
 31
0.0
  0
LINE
  5
20F
330
1F
100
AcDbEntity
  8
0
  6
Continuous
 62
     7
370
    25
100
AcDbLine
 10
-86.598038822
 20
5.5605132354
 30
0.0
 11
-86.6793807337
 21
5.4571125001
 31
0.0
  0
LINE
  5
210
330
1F
100
AcDbEntity
  8
0
  6
Continuous
 62
     7
370
    25
100
AcDbLine
 10
-82.8466601455
 20
3.9722779413
 30
0.0
 11
-82.7942704396
 21
3.9722779413
 31
0.0
  0
LINE
  5
211
330
1F
100
AcDbEntity
  8
0
  6
Continuous
 62
     7
370
    25
100
AcDbLine
 10
74.2
 20
24.3084936491
 30
0.0
 11
110.8
 21
24.3084936491
 31
0.0
  0
LINE
  5
212
330
1F
100
AcDbEntity
  8
0
  6
Continuous
 62
     7
370
    25
100
AcDbLine
 10
110.8
 20
24.3084936491
 30
0.0
 11
110.8
 21
49.0084936491
 31
0.0
  0
LINE
  5
213
330
1F
100
AcDbEntity
  8
0
  6
Continuous
 62
     7
370
    25
100
AcDbLine
 10
110.8
 20
49.0084936491
 30
0.0
 11
74.2
 21
49.0084936491
 31
0.0
  0
LINE
  5
214
330
1F
100
AcDbEntity
  8
0
  6
Continuous
 62
     7
370
    25
100
AcDbLine
 10
74.2
 20
49.0084936491
 30
0.0
 11
74.2
 21
24.3084936491
 31
0.0
  0
LINE
  5
215
330
1F
100
AcDbEntity
  8
0
  6
Continuous
 62
     7
370
    25
100
AcDbLine
 10
-106.9333013121
 20
35.6015772003
 30
0.0
 11
-107.3333013121
 21
34.7015772003
 31
0.0
  0
LINE
  5
216
330
1F
100
AcDbEntity
  8
0
  6
Continuous
 62
     7
370
    25
100
AcDbLine
 10
-91.9333013121
 20
12.2015772003
 30
0.0
 11
-98.4333013121
 21
32.4015772003
 31
0.0
  0
LINE
  5
217
330
1F
100
AcDbEntity
  8
0
  6
Continuous
 62
     7
370
    25
100
AcDbLine
 10
-98.4333013121
 20
32.4015772003
 30
0.0
 11
-81.0333013121
 21
45.9015772003
 31
0.0
  0
LINE
  5
218
330
1F
100
AcDbEntity
  8
0
  6
Continuous
 62
     7
370
    25
100
AcDbLine
 10
-81.0333013121
 20
45.9015772003
 30
0.0
 11
-102.6333013121
 21
46.1015772003
 31
0.0
  0
LINE
  5
219
330
1F
100
AcDbEntity
  8
0
  6
Continuous
 62
     7
370
    25
100
AcDbLine
 10
-102.6333013121
 20
46.1015772003
 30
0.0
 11
-105.1333013121
 21
52.6015772003
 31
0.0
  0
LINE
  5
21A
330
1F
100
AcDbEntity
  8
0
  6
Continuous
 62
     7
370
    25
100
AcDbLine
 10
-105.1333013121
 20
52.6015772003
 30
0.0
 11
-109.5333013121
 21
66.7015772003
 31
0.0
  0
LINE
  5
21B
330
1F
100
AcDbEntity
  8
0
  6
Continuous
 62
     7
370
    25
100
AcDbLine
 10
-109.5333013121
 20
66.7015772003
 30
0.0
 11
-109.9333013121
 21
67.1015772003
 31
0.0
  0
LINE
  5
21C
330
1F
100
AcDbEntity
  8
0
  6
Continuous
 62
     7
370
    25
100
AcDbLine
 10
-109.9333013121
 20
67.1015772003
 30
0.0
 11
-116.5333013121
 21
46.4015772003
 31
0.0
  0
LINE
  5
21D
330
1F
100
AcDbEntity
  8
0
  6
Continuous
 62
     7
370
    25
100
AcDbLine
 10
-116.5333013121
 20
46.4015772003
 30
0.0
 11
-138.6333013121
 21
46.0015772003
 31
0.0
  0
LINE
  5
21E
330
1F
100
AcDbEntity
  8
0
  6
Continuous
 62
     7
370
    25
100
AcDbLine
 10
-138.6333013121
 20
46.0015772003
 30
0.0
 11
-138.3333013121
 21
45.3015772003
 31
0.0
  0
LINE
  5
21F
330
1F
100
AcDbEntity
  8
0
  6
Continuous
 62
     7
370
    25
100
AcDbLine
 10
-138.3333013121
 20
45.3015772003
 30
0.0
 11
-121.1333013121
 21
32.9015772003
 31
0.0
  0
LINE
  5
220
330
1F
100
AcDbEntity
  8
0
  6
Continuous
 62
     7
370
    25
100
AcDbLine
 10
-121.1333013121
 20
32.9015772003
 30
0.0
 11
-127.5333013121
 21
12.1015772003
 31
0.0
  0
LINE
  5
221
330
1F
100
AcDbEntity
  8
0
  6
Continuous
 62
     7
370
    25
100
AcDbLine
 10
-114.9333013121
 20
40.3015772003
 30
0.0
 11
-115.3333013121
 21
40.1015772003
 31
0.0
  0
LINE
  5
222
330
1F
100
AcDbEntity
  8
0
  6
Continuous
 62
     7
370
    25
100
AcDbLine
 10
-115.3333013121
 20
40.1015772003
 30
0.0
 11
-116.2333013121
 21
40.6015772003
 31
0.0
  0
LINE
  5
223
330
1F
100
AcDbEntity
  8
0
  6
Continuous
 62
     7
370
    25
100
AcDbLine
 10
-112.9333013121
 20
40.4015772003
 30
0.0
 11
-108.8333013121
 21
39.2015772003
 31
0.0
  0
LINE
  5
224
330
1F
100
AcDbEntity
  8
0
  6
Continuous
 62
     7
370
    25
100
AcDbLine
 10
-108.8333013121
 20
39.2015772003
 30
0.0
 11
-108.6333013121
 21
40.2015772003
 31
0.0
  0
LINE
  5
225
330
1F
100
AcDbEntity
  8
0
  6
Continuous
 62
     7
370
    25
100
AcDbLine
 10
-108.6333013121
 20
40.2015772003
 30
0.0
 11
-107.8333013121
 21
40.6015772003
 31
0.0
  0
LINE
  5
226
330
1F
100
AcDbEntity
  8
0
  6
Continuous
 62
     7
370
    25
100
AcDbLine
 10
-107.2333013121
 20
48.3015772003
 30
0.0
 11
-105.7333013121
 21
48.5015772003
 31
0.0
  0
LINE
  5
227
330
1F
100
AcDbEntity
  8
0
  6
Continuous
 62
     7
370
    25
100
AcDbLine
 10
-105.7333013121
 20
48.5015772003
 30
0.0
 11
-106.5333013121
 21
40.2015772003
 31
0.0
  0
LINE
  5
228
330
1F
100
AcDbEntity
  8
0
  6
Continuous
 62
     7
370
    25
100
AcDbLine
 10
-106.5333013121
 20
40.2015772003
 30
0.0
 11
-105.1333013121
 21
39.8015772003
 31
0.0
  0
LINE
  5
229
330
1F
100
AcDbEntity
  8
0
  6
Continuous
 62
     7
370
    25
100
AcDbLine
 10
-106.8333013121
 20
29.4015772003
 30
0.0
 11
-106.9333013121
 21
29.5015772003
 31
0.0
  0
LINE
  5
22A
330
1F
100
AcDbEntity
  8
0
  6
Continuous
 62
     7
370
    25
100
AcDbLine
 10
-137.5194542632
 20
4.5278845589
 30
0.0
 11
-137.5001527926
 21
4.5278845589
 31
0.0
  0
LINE
  5
22B
330
1F
100
AcDbEntity
  8
0
  6
Continuous
 62
     7
370
    25
100
AcDbLine
 10
-118.426163822
 20
4.501689706
 30
0.0
 11
-118.3517152926
 21
4.569244853
 31
0.0
  0
LINE
  5
22C
330
1F
100
AcDbEntity
  8
0
  6
Continuous
 62
     7
370
    25
100
AcDbLine
 10
-118.2951895573
 20
4.9249433825
 30
0.0
 11
-118.4013476455
 21
4.8229213236
 31
0.0
  0
LINE
  5
22D
330
1F
100
AcDbEntity
  8
0
  6
Continuous
 62
     7
370
    25
100
AcDbLine
 10
-119.0258880867
 20
5.5467264707
 30
0.0
 11
-117.9160535279
 21
7.4437852942
 31
0.0
  0
LINE
  5
22E
330
1F
100
AcDbEntity
  8
0
  6
Continuous
 62
     7
370
    25
100
AcDbLine
 10
-117.9160535279
 20
7.4437852942
 30
0.0
 11
-117.1536454396
 21
7.4437852942
 31
0.0
  0
LINE
  5
22F
330
1F
100
AcDbEntity
  8
0
  6
Continuous
 62
     7
370
    25
100
AcDbLine
 10
-117.1536454396
 20
7.4437852942
 30
0.0
 11
-117.0984983808
 21
7.7084911766
 31
0.0
  0
LINE
  5
230
330
1F
100
AcDbEntity
  8
0
  6
Continuous
 62
     7
370
    25
100
AcDbLine
 10
-117.0984983808
 20
7.7084911766
 30
0.0
 11
-117.7547483808
 21
7.7084911766
 31
0.0
  0
LINE
  5
231
330
1F
100
AcDbEntity
  8
0
  6
Continuous
 62
     7
370
    25
100
AcDbLine
 10
-117.7547483808
 20
7.7084911766
 30
0.0
 11
-117.0516233808
 21
8.9437852942
 31
0.0
  0
LINE
  5
232
330
1F
100
AcDbEntity
  8
0
  6
Continuous
 62
     7
370
    25
100
AcDbLine
 10
-117.0516233808
 20
8.9437852942
 30
0.0
 11
-117.9973954396
 21
8.905182353
 31
0.0
  0
LINE
  5
233
330
1F
100
AcDbEntity
  8
0
  6
Continuous
 62
     7
370
    25
100
AcDbLine
 10
-117.9973954396
 20
8.905182353
 30
0.0
 11
-119.0631123514
 21
7.056377206
 31
0.0
  0
LINE
  5
234
330
1F
100
AcDbEntity
  8
0
  6
Continuous
 62
     7
370
    25
100
AcDbLine
 10
-119.9509799984
 20
5.8541713236
 30
0.0
 11
-120.2336086749
 21
5.6184176472
 31
0.0
  0
LINE
  5
235
330
1F
100
AcDbEntity
  8
0
  6
Continuous
 62
     7
370
    25
100
AcDbLine
 10
-121.6977630867
 20
5.3909360295
 30
0.0
 11
-119.6573219102
 21
9.1202558825
 31
0.0
  0
LINE
  5
236
330
1F
100
AcDbEntity
  8
0
  6
Continuous
 62
     7
370
    25
100
AcDbLine
 10
-119.6573219102
 20
9.1202558825
 30
0.0
 11
-120.5700057337
 21
9.0182338236
 31
0.0
  0
LINE
  5
237
330
1F
100
AcDbEntity
  8
0
  6
Continuous
 62
     7
370
    25
100
AcDbLine
 10
-120.5700057337
 20
9.0182338236
 30
0.0
 11
-122.079656469
 21
6.5738404413
 31
0.0
  0
LINE
  5
238
330
1F
100
AcDbEntity
  8
0
  6
Continuous
 62
     7
370
    25
100
AcDbLine
 10
-122.6311270573
 20
5.9120757354
 30
0.0
 11
-122.6564255177
 21
5.887336357
 31
0.0
  0
LINE
  5
239
330
1F
100
AcDbEntity
  8
0
  6
Continuous
 62
     7
370
    25
100
AcDbLine
 10
-124.7377447043
 20
4.7457154413
 30
0.0
 11
-123.8043807337
 21
6.4731970589
 31
0.0
  0
LINE
  5
23A
330
1F
100
AcDbEntity
  8
0
  6
Continuous
 62
     7
370
    25
100
AcDbLine
 10
-123.8043807337
 20
6.4731970589
 30
0.0
 11
-124.7680755867
 21
6.4070205883
 31
0.0
  0
LINE
  5
23B
330
1F
100
AcDbEntity
  8
0
  6
Continuous
 62
     7
370
    25
100
AcDbLine
 10
-125.269913822
 20
5.9134544119
 30
0.0
 11
-125.5690866161
 21
5.6101455883
 31
0.0
  0
LINE
  5
23C
330
1F
100
AcDbEntity
  8
0
  6
Continuous
 62
     7
370
    25
100
AcDbLine
 10
-127.493718969
 20
4.4175904413
 30
0.0
 11
-126.3632042632
 21
6.4731970589
 31
0.0
  0
LINE
  5
23D
330
1F
100
AcDbEntity
  8
0
  6
Continuous
 62
     7
370
    25
100
AcDbLine
 10
-126.3632042632
 20
6.4731970589
 30
0.0
 11
-127.5116417632
 21
6.4070205883
 31
0.0
  0
LINE
  5
23E
330
1F
100
AcDbEntity
  8
0
  6
Continuous
 62
     7
370
    25
100
AcDbLine
 10
-129.4045645573
 20
4.6519654413
 30
0.0
 11
-128.3567704396
 21
6.4731970589
 31
0.0
  0
LINE
  5
23F
330
1F
100
AcDbEntity
  8
0
  6
Continuous
 62
     7
370
    25
100
AcDbLine
 10
-128.3567704396
 20
6.4731970589
 30
0.0
 11
-129.3866417632
 21
6.4070205883
 31
0.0
  0
LINE
  5
240
330
1F
100
AcDbEntity
  8
0
  6
Continuous
 62
     7
370
    25
100
AcDbLine
 10
-129.860906469
 20
5.9341345589
 30
0.0
 11
-130.1642152926
 21
5.6418551472
 31
0.0
  0
LINE
  5
241
330
1F
100
AcDbEntity
  8
0
  6
Continuous
 62
     7
370
    25
100
AcDbLine
 10
-126.4321380867
 20
4.4823882354
 30
0.0
 11
-126.4087005867
 21
4.5058257354
 31
0.0
  0
LINE
  5
242
330
1F
100
AcDbEntity
  8
0
  6
Continuous
 62
     7
370
    25
100
AcDbLine
 10
-104.9992336749
 20
3.7833992648
 30
0.0
 11
-103.5102630867
 21
6.4731970589
 31
0.0
  0
LINE
  5
243
330
1F
100
AcDbEntity
  8
0
  6
Continuous
 62
     7
370
    25
100
AcDbLine
 10
-103.5102630867
 20
6.4731970589
 30
0.0
 11
-104.548406469
 21
6.3877191178
 31
0.0
  0
LINE
  5
244
330
1F
100
AcDbEntity
  8
0
  6
Continuous
 62
     7
370
    25
100
AcDbLine
 10
-107.478093969
 20
5.6763220589
 30
0.0
 11
-107.5194542632
 21
5.6308257354
 31
0.0
  0
LINE
  5
245
330
1F
100
AcDbEntity
  8
0
  6
Continuous
 62
     7
370
    25
100
AcDbLine
 10
-105.4500608808
 20
4.733307353
 30
0.0
 11
-106.1766233808
 21
3.4332154413
 31
0.0
  0
LINE
  5
246
330
1F
100
AcDbEntity
  8
0
  6
Continuous
 62
     7
370
    25
100
AcDbLine
 10
-135.9071052742
 20
-161.363770988
 30
0.0
 11
-140.0928947258
 21
-161.363770988
 31
0.0
  0
LINE
  5
247
330
1F
100
AcDbEntity
  8
0
  6
Continuous
 62
     7
370
    25
100
AcDbLine
 10
-140.0928947258
 20
-161.363770988
 30
0.0
 11
-142.1857894516
 21
-164.988770988
 31
0.0
  0
LINE
  5
248
330
1F
100
AcDbEntity
  8
0
  6
Continuous
 62
     7
370
    25
100
AcDbLine
 10
-142.1857894516
 20
-164.988770988
 30
0.0
 11
-140.0928947258
 21
-168.613770988
 31
0.0
  0
LINE
  5
249
330
1F
100
AcDbEntity
  8
0
  6
Continuous
 62
     7
370
    25
100
AcDbLine
 10
-140.0928947258
 20
-168.613770988
 30
0.0
 11
-135.9071052742
 21
-168.613770988
 31
0.0
  0
LINE
  5
24A
330
1F
100
AcDbEntity
  8
0
  6
Continuous
 62
     7
370
    25
100
AcDbLine
 10
-135.9071052742
 20
-168.613770988
 30
0.0
 11
-133.8142105484
 21
-164.988770988
 31
0.0
  0
LINE
  5
24B
330
1F
100
AcDbEntity
  8
0
  6
Continuous
 62
     7
370
    25
100
AcDbLine
 10
-133.8142105484
 20
-164.988770988
 30
0.0
 11
-135.9071052742
 21
-161.363770988
 31
0.0
  0
LINE
  5
24C
330
1F
100
AcDbEntity
  8
0
  6
Continuous
 62
     7
370
    25
100
AcDbLine
 10
140.0928947258
 20
-161.363770988
 30
0.0
 11
135.9071052742
 21
-161.363770988
 31
0.0
  0
LINE
  5
24D
330
1F
100
AcDbEntity
  8
0
  6
Continuous
 62
     7
370
    25
100
AcDbLine
 10
135.9071052742
 20
-161.363770988
 30
0.0
 11
133.8142105484
 21
-164.988770988
 31
0.0
  0
LINE
  5
24E
330
1F
100
AcDbEntity
  8
0
  6
Continuous
 62
     7
370
    25
100
AcDbLine
 10
133.8142105484
 20
-164.988770988
 30
0.0
 11
135.9071052742
 21
-168.613770988
 31
0.0
  0
LINE
  5
24F
330
1F
100
AcDbEntity
  8
0
  6
Continuous
 62
     7
370
    25
100
AcDbLine
 10
135.9071052742
 20
-168.613770988
 30
0.0
 11
140.0928947258
 21
-168.613770988
 31
0.0
  0
LINE
  5
250
330
1F
100
AcDbEntity
  8
0
  6
Continuous
 62
     7
370
    25
100
AcDbLine
 10
140.0928947258
 20
-168.613770988
 30
0.0
 11
142.1857894516
 21
-164.988770988
 31
0.0
  0
LINE
  5
251
330
1F
100
AcDbEntity
  8
0
  6
Continuous
 62
     7
370
    25
100
AcDbLine
 10
142.1857894516
 20
-164.988770988
 30
0.0
 11
140.0928947258
 21
-161.363770988
 31
0.0
  0
LINE
  5
252
330
1F
100
AcDbEntity
  8
0
  6
Continuous
 62
     7
370
    25
100
AcDbLine
 10
148.0
 20
154.0840704497
 30
0.0
 11
-148.0
 21
154.0840704497
 31
0.0
  0
LINE
  5
253
330
1F
100
AcDbEntity
  8
0
  6
Continuous
 62
     7
370
    25
100
AcDbLine
 10
148.0
 20
154.0840704497
 30
0.0
 11
148.0
 21
-171.238770988
 31
0.0
  0
LINE
  5
254
330
1F
100
AcDbEntity
  8
0
  6
Continuous
 62
     7
370
    25
100
AcDbLine
 10
-148.0
 20
-171.238770988
 30
0.0
 11
148.0
 21
-171.238770988
 31
0.0
  0
LINE
  5
255
330
1F
100
AcDbEntity
  8
0
  6
Continuous
 62
     7
370
    25
100
AcDbLine
 10
-148.0
 20
-171.238770988
 30
0.0
 11
-148.0
 21
154.0840704497
 31
0.0
  0
LINE
  5
256
330
1F
100
AcDbEntity
  8
0
  6
Continuous
 62
     7
370
    25
100
AcDbLine
 10
-82.7087924984
 20
4.4961750001
 30
0.0
 11
-82.7267152926
 21
4.4961750001
 31
0.0
  0
ENDSEC
  0
SECTION
  2
OBJECTS
  0
DICTIONARY
  5
C
330
0
100
AcDbDictionary
281
     1
  3
ACAD_GROUP
350
D
  3
ACAD_LAYOUT
350
1A
  3
ACAD_MLINESTYLE
350
17
  3
ACAD_PLOTSETTINGS
350
19
  3
ACAD_PLOTSTYLENAME
350
E
  3
ACAD_SCALELIST
350
47
  3
DWGPROPS
350
257
  0
DICTIONARY
  5
D
102
{ACAD_REACTORS
330
C
102
}
330
C
100
AcDbDictionary
281
     1
  0
DICTIONARY
  5
1A
102
{ACAD_REACTORS
330
C
102
}
330
C
100
AcDbDictionary
281
     1
  3
Layout1
350
1E
  3
Layout2
350
26
  3
Model
350
22
  0
DICTIONARY
  5
17
102
{ACAD_REACTORS
330
C
102
}
330
C
100
AcDbDictionary
281
     1
  3
Standard
350
18
  0
DICTIONARY
  5
19
102
{ACAD_REACTORS
330
C
102
}
330
C
100
AcDbDictionary
281
     1
  0
ACDBDICTIONARYWDFLT
  5
E
102
{ACAD_REACTORS
330
C
102
}
330
C
100
AcDbDictionary
281
     1
  3
Normal
350
F
100
AcDbDictionaryWithDefault
340
F
  0
DICTIONARY
  5
47
102
{ACAD_REACTORS
330
C
102
}
330
C
100
AcDbDictionary
281
     1
  3
A0
350
48
  3
A1
350
49
  3
A2
350
4A
  3
A3
350
4B
  3
A4
350
4C
  3
A5
350
4D
  3
A6
350
4E
  3
A7
350
4F
  3
A8
350
50
  3
A9
350
51
  3
B0
350
52
  3
B1
350
53
  3
B2
350
54
  3
B3
350
55
  3
B4
350
56
  3
B5
350
57
  3
B6
350
58
  0
XRECORD
  5
257
102
{ACAD_REACTORS
330
C
102
}
330
C
100
AcDbXrecord
280
     1
  1
DWGPROPS COOKIE
  2

  3

  4

  6

  7

  8
Future
  9

300
=
301
=
302
=
303
=
304
=
305
=
306
=
307
=
308
=
309
=
 40
0.0
 41
2461163.854442766
 42
2461163.854780475
  1

 90
        0
  0
LAYOUT
  5
1E
102
{ACAD_REACTORS
330
1A
102
}
330
1A
100
AcDbPlotSettings
  1

  2
none_device
  4

  6

 40
0.0
 41
0.0
 42
0.0
 43
0.0
 44
0.0
 45
0.0
 46
0.0
 47
0.0
 48
0.0
 49
0.0
140
0.0
141
0.0
142
1.0
143
1.0
 70
   688
 72
     1
 73
     0
 74
     5
  7

 75
    16
147
1.0
148
0.0
149
0.0
100
AcDbLayout
  1
Layout1
 70
     1
 71
     1
 10
0.0
 20
0.0
 11
420.0
 21
297.0
 12
0.0
 22
0.0
 32
0.0
 14
1.0000000000E+20
 24
1.0000000000E+20
 34
1.0000000000E+20
 15
-1.0000000000E+20
 25
-1.0000000000E+20
 35
-1.0000000000E+20
146
0.0
 13
0.0
 23
0.0
 33
0.0
 16
1.0
 26
0.0
 36
0.0
 17
0.0
 27
1.0
 37
0.0
 76
     0
330
1B
  0
LAYOUT
  5
26
102
{ACAD_REACTORS
330
1A
102
}
330
1A
100
AcDbPlotSettings
  1

  2
none_device
  4

  6

 40
0.0
 41
0.0
 42
0.0
 43
0.0
 44
0.0
 45
0.0
 46
0.0
 47
0.0
 48
0.0
 49
0.0
140
0.0
141
0.0
142
1.0
143
1.0
 70
   688
 72
     1
 73
     0
 74
     5
  7

 75
    16
147
1.0
148
0.0
149
0.0
100
AcDbLayout
  1
Layout2
 70
     1
 71
     2
 10
0.0
 20
0.0
 11
0.0
 21
0.0
 12
0.0
 22
0.0
 32
0.0
 14
0.0
 24
0.0
 34
0.0
 15
0.0
 25
0.0
 35
0.0
146
0.0
 13
0.0
 23
0.0
 33
0.0
 16
1.0
 26
0.0
 36
0.0
 17
0.0
 27
1.0
 37
0.0
 76
     0
330
23
  0
LAYOUT
  5
22
102
{ACAD_REACTORS
330
1A
102
}
330
1A
100
AcDbPlotSettings
  1

  2
none_device
  4
ANSI_A_(11.00_x_8.50_Inches)
  6

 40
6.35
 41
19.05
 42
6.35000508
 43
19.05000254
 44
279.4
 45
215.9
 46
133.34999746
 47
94.535420503
 48
0.0
 49
0.0
140
0.0
141
0.0
142
0.0258666129
143
1.0
 70
  1696
 72
     0
 73
     0
 74
     0
  7

 75
     0
147
0.0179189148
148
-1300.4909072572
149
0.0
100
AcDbLayout
  1
Model
 70
     1
 71
     0
 10
0.0
 20
0.0
 11
420.0
 21
297.0
 12
0.0
 22
0.0
 32
0.0
 14
-148.0
 24
-171.238770988
 34
0.0
 15
148.0
 25
154.0840704497
 35
0.0
146
0.0
 13
0.0
 23
0.0
 33
0.0
 16
1.0
 26
0.0
 36
0.0
 17
0.0
 27
1.0
 37
0.0
 76
     0
330
1F
331
29
  0
MLINESTYLE
  5
18
102
{ACAD_REACTORS
330
17
102
}
330
17
100
AcDbMlineStyle
  2
Standard
 70
     0
  3

 62
   256
 51
90.0
 52
90.0
 71
     2
 49
0.5
 62
   256
  6
BYLAYER
 49
-0.5
 62
   256
  6
BYLAYER
  0
ACDBPLACEHOLDER
  5
F
102
{ACAD_REACTORS
330
E
102
}
330
E
  0
SCALE
  5
48
102
{ACAD_REACTORS
330
47
102
}
330
47
100
AcDbScale
 70
     0
300
1:1
140
1.0
141
1.0
290
     1
  0
SCALE
  5
49
102
{ACAD_REACTORS
330
47
102
}
330
47
100
AcDbScale
 70
     0
300
1:2
140
1.0
141
2.0
290
     0
  0
SCALE
  5
4A
102
{ACAD_REACTORS
330
47
102
}
330
47
100
AcDbScale
 70
     0
300
1:4
140
1.0
141
4.0
290
     0
  0
SCALE
  5
4B
102
{ACAD_REACTORS
330
47
102
}
330
47
100
AcDbScale
 70
     0
300
1:5
140
1.0
141
5.0
290
     0
  0
SCALE
  5
4C
102
{ACAD_REACTORS
330
47
102
}
330
47
100
AcDbScale
 70
     0
300
1:8
140
1.0
141
8.0
290
     0
  0
SCALE
  5
4D
102
{ACAD_REACTORS
330
47
102
}
330
47
100
AcDbScale
 70
     0
300
1:10
140
1.0
141
10.0
290
     0
  0
SCALE
  5
4E
102
{ACAD_REACTORS
330
47
102
}
330
47
100
AcDbScale
 70
     0
300
1:16
140
1.0
141
16.0
290
     0
  0
SCALE
  5
4F
102
{ACAD_REACTORS
330
47
102
}
330
47
100
AcDbScale
 70
     0
300
1:20
140
1.0
141
20.0
290
     0
  0
SCALE
  5
50
102
{ACAD_REACTORS
330
47
102
}
330
47
100
AcDbScale
 70
     0
300
1:30
140
1.0
141
30.0
290
     0
  0
SCALE
  5
51
102
{ACAD_REACTORS
330
47
102
}
330
47
100
AcDbScale
 70
     0
300
1:40
140
1.0
141
40.0
290
     0
  0
SCALE
  5
52
102
{ACAD_REACTORS
330
47
102
}
330
47
100
AcDbScale
 70
     0
300
1:50
140
1.0
141
50.0
290
     0
  0
SCALE
  5
53
102
{ACAD_REACTORS
330
47
102
}
330
47
100
AcDbScale
 70
     0
300
1:100
140
1.0
141
100.0
290
     0
  0
SCALE
  5
54
102
{ACAD_REACTORS
330
47
102
}
330
47
100
AcDbScale
 70
     0
300
2:1
140
2.0
141
1.0
290
     0
  0
SCALE
  5
55
102
{ACAD_REACTORS
330
47
102
}
330
47
100
AcDbScale
 70
     0
300
4:1
140
4.0
141
1.0
290
     0
  0
SCALE
  5
56
102
{ACAD_REACTORS
330
47
102
}
330
47
100
AcDbScale
 70
     0
300
8:1
140
8.0
141
1.0
290
     0
  0
SCALE
  5
57
102
{ACAD_REACTORS
330
47
102
}
330
47
100
AcDbScale
 70
     0
300
10:1
140
10.0
141
1.0
290
     0
  0
SCALE
  5
58
102
{ACAD_REACTORS
330
47
102
}
330
47
100
AcDbScale
 70
     0
300
100:1
140
100.0
141
1.0
290
     0
  0
ENDSEC
  0
EOF
